<?xml version="1.0" encoding="UTF-8"?>
<!-- generated on 2021-09-09 09:18:31.579000 by route2OD.py v1_10_0+0604-8ae95563053
<configuration>
    <interval value="900"/>
    <output-file value="osm.passenger.od.xml"/>
    <route-file value="osm.passenger.trips.xml"/>
    <tazfiles value="tazgrid.add.xml"/>
</configuration>

-->
<data xmlns:xsi="http://www.w3.org/2001/XMLSchema-instance" xsi:noNamespaceSchemaLocation="http://sumo.dlr.de/xsd/data_file.xsd">
    <interval id="DEFAULT_VEHTYPE" begin="0.0" end="900.0">
        <tazRelation from="2_2" to="3_0" count="1"/>
        <tazRelation from="2_2" to="3_1" count="10"/>
        <tazRelation from="2_2" to="3_2" count="2"/>
        <tazRelation from="2_2" to="4_1" count="3"/>
        <tazRelation from="3_0" to="1_1" count="2"/>
        <tazRelation from="3_0" to="1_2" count="1"/>
        <tazRelation from="3_0" to="2_1" count="5"/>
        <tazRelation from="3_0" to="2_2" count="3"/>
        <tazRelation from="3_0" to="3_1" count="12"/>
        <tazRelation from="3_0" to="3_2" count="4"/>
        <tazRelation from="3_0" to="4_1" count="3"/>
        <tazRelation from="3_0" to="4_2" count="1"/>
        <tazRelation from="3_1" to="1_1" count="16"/>
        <tazRelation from="3_1" to="1_2" count="2"/>
        <tazRelation from="3_1" to="2_0" count="4"/>
        <tazRelation from="3_1" to="2_1" count="24"/>
        <tazRelation from="3_1" to="2_2" count="13"/>
        <tazRelation from="3_1" to="3_0" count="8"/>
        <tazRelation from="3_1" to="3_2" count="8"/>
        <tazRelation from="3_1" to="4_0" count="2"/>
        <tazRelation from="3_1" to="4_1" count="17"/>
        <tazRelation from="3_1" to="4_2" count="3"/>
        <tazRelation from="3_2" to="1_1" count="5"/>
        <tazRelation from="3_2" to="1_2" count="2"/>
        <tazRelation from="3_2" to="2_0" count="2"/>
        <tazRelation from="3_2" to="2_1" count="12"/>
        <tazRelation from="3_2" to="2_2" count="3"/>
        <tazRelation from="3_2" to="3_0" count="3"/>
        <tazRelation from="3_2" to="3_1" count="9"/>
        <tazRelation from="3_2" to="4_1" count="6"/>
        <tazRelation from="4_0" to="2_0" count="1"/>
        <tazRelation from="4_0" to="2_1" count="1"/>
        <tazRelation from="4_1" to="1_1" count="5"/>
        <tazRelation from="4_1" to="2_0" count="4"/>
        <tazRelation from="4_1" to="2_1" count="15"/>
        <tazRelation from="4_1" to="2_2" count="3"/>
        <tazRelation from="4_1" to="3_0" count="3"/>
        <tazRelation from="4_1" to="3_1" count="16"/>
        <tazRelation from="4_1" to="3_2" count="4"/>
        <tazRelation from="4_1" to="4_0" count="1"/>
        <tazRelation from="4_1" to="4_2" count="1"/>
        <tazRelation from="4_2" to="1_1" count="1"/>
        <tazRelation from="4_2" to="1_2" count="1"/>
        <tazRelation from="4_2" to="2_1" count="6"/>
        <tazRelation from="4_2" to="4_1" count="1"/>
    </interval>
    <interval id="DEFAULT_VEHTYPE" begin="900.0" end="1800.0">
        <tazRelation from="1_1" to="1_2" count="1"/>
        <tazRelation from="1_1" to="2_0" count="1"/>
        <tazRelation from="1_1" to="2_1" count="13"/>
        <tazRelation from="1_1" to="2_2" count="3"/>
        <tazRelation from="1_1" to="3_0" count="1"/>
        <tazRelation from="1_1" to="3_1" count="17"/>
        <tazRelation from="1_1" to="3_2" count="1"/>
        <tazRelation from="1_1" to="4_1" count="1"/>
        <tazRelation from="1_2" to="1_1" count="2"/>
        <tazRelation from="1_2" to="2_1" count="2"/>
        <tazRelation from="1_2" to="3_1" count="2"/>
        <tazRelation from="1_2" to="4_2" count="2"/>
        <tazRelation from="2_0" to="2_1" count="4"/>
        <tazRelation from="2_0" to="2_2" count="3"/>
        <tazRelation from="2_0" to="3_0" count="2"/>
        <tazRelation from="2_0" to="3_1" count="8"/>
        <tazRelation from="2_0" to="4_1" count="2"/>
        <tazRelation from="2_1" to="1_1" count="14"/>
        <tazRelation from="2_1" to="2_0" count="4"/>
        <tazRelation from="2_1" to="2_2" count="2"/>
        <tazRelation from="2_1" to="3_0" count="7"/>
        <tazRelation from="2_1" to="3_1" count="31"/>
        <tazRelation from="2_1" to="3_2" count="12"/>
        <tazRelation from="2_1" to="4_0" count="2"/>
        <tazRelation from="2_1" to="4_1" count="15"/>
        <tazRelation from="2_1" to="4_2" count="1"/>
        <tazRelation from="2_2" to="1_1" count="5"/>
        <tazRelation from="2_2" to="1_2" count="1"/>
        <tazRelation from="2_2" to="2_0" count="2"/>
        <tazRelation from="2_2" to="2_1" count="12"/>
        <tazRelation from="2_2" to="3_0" count="2"/>
        <tazRelation from="2_2" to="3_1" count="9"/>
        <tazRelation from="2_2" to="3_2" count="2"/>
        <tazRelation from="2_2" to="4_0" count="1"/>
        <tazRelation from="2_2" to="4_1" count="2"/>
        <tazRelation from="3_0" to="1_1" count="3"/>
    </interval>
</data>
