<routes xmlns:xsi="http://www.w3.org/2001/XMLSchema-instance" xsi:noNamespaceSchemaLocation="http://sumo.dlr.de/xsd/routes_file.xsd">
    <vType id="truck" vClass="truck" containerCapacity="1"/>
    <vType id="rail"  vClass="rail"  containerCapacity="5"/>
    <vType id="ship"  vClass="ship"  containerCapacity="10"/>
    <vType id="magentaContainer" color="magenta" width="2.0" length="2.0"/>
    <vType id="greenContainer" color="green"/>

    <trip id="truck" departSpeed="max" depart="containerTriggered" type="truck" from="gneE5" to="gneE9" arrivalPos="-1">
        <stop containerStop="roadstation" duration="10" parking="true"/>
    </trip>

    <trip id="rail" departSpeed="max" depart="containerTriggered" type="rail" from="gneE4" to="gneE0" arrivalPos="-1">
        <stop containerStop="trainstation1" containerTriggered="true" parking="false"/>
    </trip>

    <trip id="ship" departSpeed="max" depart="containerTriggered" type="ship" from="gneE2" to="gneE2" arrivalPos="-1">
        <stop containerStop="harbour" containerTriggered="true" parking="false"/>
    </trip>

    <container id="container0" depart="0" type="magentaContainer">
        <transport from="gneE5" to="gneE7" lines="truck"/>
        <tranship from="gneE7" to="gneE0" departPos="0" arrivalPos="360" duration="15"/>
        <transport from="gneE0" to="gneE0" lines="rail"/>
    </container>

    <container id="container1" depart="0">
        <transport from="gneE4" to="gneE0" lines="rail"/>
        <tranship from="gneE0" to="gneE2" departPos="0" arrivalPos="674" duration="25"/>
        <transport from="gneE2" to="gneE2" lines="ship"/>
    </container>

    <container id="container2" depart="0" type="greenContainer">
        <transport from="gneE2" to="gneE2" lines="ship"/>
        <tranship from="gneE2" to="gneE0" departPos="0" arrivalPos="370" duration="25"/>
        <transport from="gneE0" to="gneE0" lines="rail"/>
    </container>

</routes>
