<?xml version="1.0" encoding="UTF-8"?>

<!-- generated on Wed 18 May 2016 02:36:03 PM CEST by Netedit Version dev-SVN-r20736
<?xml version="1.0" encoding="UTF-8"?>

<configuration xmlns:xsi="http://www.w3.org/2001/XMLSchema-instance" xsi:noNamespaceSchemaLocation="http://sumo.dlr.de/xsd/netedit.exeConfiguration.xsd">

    <input>
        <sumo-net-file value="net.net.xml"/>
    </input>

    <output>
        <output-file value="net.net.xml"/>
    </output>

    <processing>
        <no-turnarounds value="true"/>
        <offset.disable-normalization value="true"/>
        <lefthand value="false"/>
        <junctions.corner-detail value="0"/>
    </processing>

    <visualisation>
        <registry-viewport value="true"/>
    </visualisation>

</configuration>
-->

<net version="0.27" xmlns:xsi="http://www.w3.org/2001/XMLSchema-instance" xsi:noNamespaceSchemaLocation="http://sumo.dlr.de/xsd/net_file.xsd">

    <location netOffset="0.00,0.00" convBoundary="-769.18,7.48,463.71,399.48" origBoundary="-10000000000.00,-10000000000.00,10000000000.00,10000000000.00" projParameter="!"/>

    <edge id=":gneJ0_0" function="internal">
        <lane id=":gneJ0_0_0" index="0" allow="rail" speed="13.89" length="12.02" shape="-22.83,37.14 -26.11,37.13 -28.84,37.13 -31.56,37.13 -34.85,37.13"/>
    </edge>
    <edge id=":gneJ0_1" function="internal">
        <lane id=":gneJ0_1_0" index="0" allow="passenger truck" speed="13.89" length="11.61" shape="-25.16,30.21 -26.47,33.15 -27.40,35.56 -28.14,38.03 -28.84,41.18"/>
    </edge>
    <edge id=":gneJ0_2" function="internal">
        <lane id=":gneJ0_2_0" index="0" allow="rail" speed="13.89" length="12.02" shape="-34.85,33.83 -31.56,33.83 -28.84,33.83 -26.11,33.83 -22.82,33.84"/>
    </edge>
    <edge id=":gneJ0_3" function="internal">
        <lane id=":gneJ0_3_0" index="0" allow="passenger truck" speed="13.89" length="12.35" shape="-32.08,40.52 -31.34,37.27 -30.52,34.55 -29.51,31.90 -28.16,28.84"/>
    </edge>
    <edge id=":gneJ6_0" function="internal">
        <lane id=":gneJ6_0_0" index="0" allow="passenger truck" speed="13.89" length="0.10" shape="412.69,18.98 412.72,18.98"/>
    </edge>
    <edge id=":gneJ6_1" function="internal">
        <lane id=":gneJ6_1_0" index="0" speed="13.89" length="0.10" shape="412.70,15.68 412.71,15.68"/>
    </edge>

    <edge id="-gneE0" from="gneJ1" to="gneJ0" priority="1">
        <lane id="-gneE0_0" index="0" allow="rail" speed="13.89" length="450.95" shape="428.12,37.49 -22.83,37.14"/>
    </edge>
    <edge id="gneE0" from="gneJ0" to="gneJ1" priority="1">
        <lane id="gneE0_0" index="0" allow="rail" speed="13.89" length="450.95" shape="-22.82,33.84 428.12,34.19"/>
    </edge>
    <edge id="gneE1" from="gneJ2" to="gneJ3" priority="1" shape="428.79,66.16 94.19,58.01 5.18,65.92 -14.36,94.88 -81.32,398.44">
        <lane id="gneE1_0" index="0" allow="ship" speed="13.89" length="767.47" shape="428.75,67.81 94.24,59.66 6.11,67.49 -12.82,95.54 -79.71,398.80"/>
    </edge>
    <edge id="gneE10" from="gneJ7" to="gneJ6" priority="1">
        <lane id="gneE10_0" index="0" speed="13.89" length="51.01" shape="463.70,19.33 412.69,18.98"/>
    </edge>
    <edge id="gneE2" from="gneJ3" to="gneJ2" priority="1" shape="-81.32,398.44 -14.36,94.88 5.18,65.92 94.19,58.01 428.79,66.16">
        <lane id="gneE2_0" index="0" allow="ship" speed="13.89" length="772.24" shape="-82.93,398.08 -15.90,94.22 4.25,64.35 94.14,56.36 428.83,64.51"/>
    </edge>
    <edge id="gneE3" from="gneJ0" to="gneJ4" priority="1">
        <lane id="gneE3_0" index="0" allow="rail" speed="13.89" length="734.33" shape="-34.85,37.13 -769.18,37.34"/>
    </edge>
    <edge id="gneE4" from="gneJ4" to="gneJ0" priority="1">
        <lane id="gneE4_0" index="0" allow="rail" speed="13.89" length="734.33" shape="-769.18,34.04 -34.85,33.83"/>
    </edge>
    <edge id="gneE5" from="gneJ5" to="gneJ0" priority="1">
        <lane id="gneE5_0" index="0" allow="passenger truck" speed="13.89" length="365.95" shape="-104.89,399.15 -32.08,40.52"/>
    </edge>
    <edge id="gneE6" from="gneJ0" to="gneJ5" priority="1">
        <lane id="gneE6_0" index="0" allow="passenger truck" speed="13.89" length="365.95" shape="-28.84,41.18 -101.65,399.81"/>
    </edge>
    <edge id="gneE7" from="gneJ0" to="gneJ6" priority="1" shape="-29.37,35.48 -21.53,18.24 14.94,7.48 94.69,15.92 262.45,18.73 412.70,17.33">
        <lane id="gneE7_0" index="0" allow="passenger truck" speed="13.89" length="450.65" shape="-28.16,28.84 -22.72,16.87 14.79,5.80 94.79,14.27 262.46,17.08 412.70,15.68"/>
    </edge>
    <edge id="gneE8" from="gneJ6" to="gneJ0" priority="1" shape="412.70,17.33 262.45,18.73 94.69,15.92 14.94,7.48 -21.53,18.24 -29.37,35.48">
        <lane id="gneE8_0" index="0" allow="passenger truck" speed="13.89" length="446.68" shape="412.72,18.98 262.44,20.38 94.59,17.57 15.09,9.16 -20.34,19.61 -25.16,30.21"/>
    </edge>
    <edge id="gneE9" from="gneJ6" to="gneJ7" priority="1">
        <lane id="gneE9_0" index="0" speed="13.89" length="51.01" shape="412.71,15.68 463.72,16.03"/>
    </edge>

    <junction id="gneJ0" type="rail_crossing" x="-29.37" y="35.48" incLanes="-gneE0_0 gneE8_0 gneE4_0 gneE5_0" intLanes=":gneJ0_0_0 :gneJ0_1_0 :gneJ0_2_0 :gneJ0_3_0" shape="-22.83,38.74 -22.82,32.24 -23.70,30.87 -29.62,28.18 -34.85,32.23 -34.85,38.73 -33.64,40.20 -27.27,41.49">
        <request index="0" response="0000" foes="1010" cont="0"/>
        <request index="1" response="0101" foes="0101" cont="0"/>
        <request index="2" response="0000" foes="1010" cont="0"/>
        <request index="3" response="0101" foes="0101" cont="0"/>
    </junction>
    <junction id="gneJ1" type="dead_end" x="428.12" y="35.84" incLanes="gneE0_0" intLanes="" shape="428.12,35.89 428.12,39.09 428.12,32.59 428.12,35.79"/>
    <junction id="gneJ2" type="unregulated" x="428.79" y="66.16" incLanes="gneE2_0" intLanes="" shape="428.79,66.21 428.71,69.41 428.87,62.91 428.79,66.11"/>
    <junction id="gneJ3" type="unregulated" x="-81.32" y="398.44" incLanes="gneE1_0" intLanes="" shape="-81.37,398.43 -84.49,397.74 -78.15,399.14 -81.27,398.45"/>
    <junction id="gneJ4" type="dead_end" x="-769.18" y="35.69" incLanes="gneE3_0" intLanes="" shape="-769.18,35.64 -769.18,32.44 -769.18,38.94 -769.18,35.74"/>
    <junction id="gneJ5" type="dead_end" x="-103.27" y="399.48" incLanes="gneE6_0" intLanes="" shape="-103.32,399.47 -106.46,398.83 -100.08,400.13 -103.22,399.49"/>
    <junction id="gneJ6" type="priority" x="412.70" y="17.33" incLanes="gneE10_0 gneE7_0" intLanes=":gneJ6_0_0 :gneJ6_1_0" shape="412.67,20.58 412.72,14.08 412.74,20.58">
        <request index="0" response="00" foes="00" cont="0"/>
        <request index="1" response="00" foes="00" cont="0"/>
    </junction>
    <junction id="gneJ7" type="dead_end" x="463.71" y="17.68" incLanes="gneE9_0" intLanes="" shape="463.71,17.73 463.69,20.93 463.73,14.43 463.71,17.63"/>

    <connection from="-gneE0" to="gneE3" fromLane="0" toLane="0" via=":gneJ0_0_0" tl="gneJ0" linkIndex="-1" dir="s" state="M"/>
    <connection from="gneE10" to="gneE8" fromLane="0" toLane="0" via=":gneJ6_0_0" dir="s" state="M"/>
    <connection from="gneE4" to="gneE0" fromLane="0" toLane="0" via=":gneJ0_2_0" tl="gneJ0" linkIndex="-1" dir="s" state="M"/>
    <connection from="gneE5" to="gneE7" fromLane="0" toLane="0" via=":gneJ0_3_0" tl="gneJ0" linkIndex="1" dir="s" state="o"/>
    <connection from="gneE7" to="gneE9" fromLane="0" toLane="0" via=":gneJ6_1_0" dir="s" state="M"/>
    <connection from="gneE8" to="gneE6" fromLane="0" toLane="0" via=":gneJ0_1_0" tl="gneJ0" linkIndex="0" dir="s" state="o"/>

    <connection from=":gneJ0_0" to="gneE3" fromLane="0" toLane="0" dir="s" state="M"/>
    <connection from=":gneJ0_1" to="gneE6" fromLane="0" toLane="0" dir="s" state="M"/>
    <connection from=":gneJ0_2" to="gneE0" fromLane="0" toLane="0" dir="s" state="M"/>
    <connection from=":gneJ0_3" to="gneE7" fromLane="0" toLane="0" dir="s" state="M"/>
    <connection from=":gneJ6_0" to="gneE8" fromLane="0" toLane="0" dir="s" state="M"/>
    <connection from=":gneJ6_1" to="gneE9" fromLane="0" toLane="0" dir="s" state="M"/>

</net>
