<?xml version="1.0" encoding="UTF-8"?>

<!-- generated on Wed 18 May 2016 01:58:47 PM CEST by Netedit Version dev-SVN-r20719
<?xml version="1.0" encoding="UTF-8"?>

<configuration xmlns:xsi="http://www.w3.org/2001/XMLSchema-instance" xsi:noNamespaceSchemaLocation="http://sumo.dlr.de/xsd/netedit.exeConfiguration.xsd">

    <input>
        <sumo-net-file value="/scr2/sip-svn-trunk/papers/DLR/SUMO_Conference2016/tutorial/data_files/multimodal/net.net.xml"/>
    </input>

    <output>
        <output-file value="/scr2/sip-svn-trunk/papers/DLR/SUMO_Conference2016/tutorial/data_files/multimodal/net.net.xml"/>
    </output>

    <processing>
        <no-turnarounds value="true"/>
        <offset.disable-normalization value="true"/>
        <lefthand value="false"/>
        <junctions.corner-detail value="0"/>
    </processing>

</configuration>
-->

<additional version="0.27" xmlns:xsi="http://www.w3.org/2001/XMLSchema-instance">
    <containerStop id="trainstation2" lane="-gneE0_0" startPos="56.86" endPos="156.86" lines=""/>
    <containerStop id="trainstation1" lane="gneE0_0" startPos="300.00" endPos="400.00" lines=""/>
    <containerStop id="harbour" lane="gneE2_0" startPos="620.30" endPos="700.30" lines=""/>
    <containerStop id="roadstation" lane="gneE7_0" startPos="367.74" endPos="395.71" lines=""/>
</additional>
