<?xml version="1.0" encoding="UTF-8"?>

<!-- generated on 2021-09-07 15:10:29 by Eclipse SUMO sumo Version v1_10_0+0551-f581c04ba63
<configuration xmlns:xsi="http://www.w3.org/2001/XMLSchema-instance" xsi:noNamespaceSchemaLocation="http://sumo.dlr.de/xsd/sumoConfiguration.xsd">

    <input>
        <net-file value="osm.net.xml"/>
        <route-files value="trips.trips.xml"/>
        <additional-files value="osm_stops.add.xml"/>
    </input>

    <output>
        <vehroute-output value="vehroutes.xml"/>
        <stop-output value="stopinfos.xml"/>
    </output>

    <time>
        <begin value="0"/>
    </time>

    <processing>
        <ignore-route-errors value="true"/>
    </processing>

    <routing>
        <device.rerouting.adaptation-interval value="0"/>
    </routing>

    <report>
        <aggregate-warnings value="5"/>
        <error-log value="trips.trips.xml.errorlog"/>
        <no-step-log value="true"/>
    </report>

</configuration>
-->

<stops xmlns:xsi="http://www.w3.org/2001/XMLSchema-instance" xsi:noNamespaceSchemaLocation="http://sumo.dlr.de/xsd/stopinfo_file.xsd">
    <stopinfo id="0_bus_160:0" type="pt_bus" lane="141968799_1" pos="367.37" parking="0" started="39.00" ended="69.00" delay="-1.00" initialPersons="0" loadedPersons="0" unloadedPersons="0" initialContainers="0" loadedContainers="0" unloadedContainers="0" busStop="837697182"/>
    <stopinfo id="5_bus_162:0" type="pt_bus" lane="206889086#1_2" pos="29.35" parking="0" started="63.00" ended="93.00" delay="-1.00" initialPersons="0" loadedPersons="0" unloadedPersons="0" initialContainers="0" loadedContainers="0" unloadedContainers="0" busStop="1656195133"/>
    <stopinfo id="4_bus_172:1" type="pt_bus" lane="145586617#0_1" pos="84.72" parking="0" started="68.00" ended="98.00" delay="-1.00" initialPersons="0" loadedPersons="0" unloadedPersons="0" initialContainers="0" loadedContainers="0" unloadedContainers="0" busStop="664609175"/>
    <stopinfo id="6_bus_162:1" type="pt_bus" lane="-46150481#0_2" pos="33.49" parking="0" started="73.00" ended="103.00" delay="-1.00" initialPersons="0" loadedPersons="0" unloadedPersons="0" initialContainers="0" loadedContainers="0" unloadedContainers="0" busStop="-851572693"/>
    <stopinfo id="7_bus_163:0" type="pt_bus" lane="144909690_1" pos="40.49" parking="0" started="103.00" ended="133.00" delay="-1.00" initialPersons="0" loadedPersons="0" unloadedPersons="0" initialContainers="0" loadedContainers="0" unloadedContainers="0" busStop="301263813"/>
    <stopinfo id="8_bus_163:1" type="pt_bus" lane="806903753_1" pos="3.92" parking="0" started="120.00" ended="150.00" delay="-1.00" initialPersons="0" loadedPersons="0" unloadedPersons="0" initialContainers="0" loadedContainers="0" unloadedContainers="0" busStop="5315085711"/>
    <stopinfo id="0_bus_160:0" type="pt_bus" lane="141968853#1_1" pos="24.34" parking="0" started="128.00" ended="158.00" delay="-1.00" initialPersons="0" loadedPersons="0" unloadedPersons="0" initialContainers="0" loadedContainers="0" unloadedContainers="0" busStop="837696912"/>
    <stopinfo id="3_bus_172:0" type="pt_bus" lane="145586617#6_1" pos="1067.80" parking="0" started="135.00" ended="165.00" delay="-1.00" initialPersons="0" loadedPersons="0" unloadedPersons="0" initialContainers="0" loadedContainers="0" unloadedContainers="0" busStop="664609197"/>
    <stopinfo id="11_bus_260:0" type="pt_bus" lane="206889086#1_2" pos="29.33" parking="0" started="142.00" ended="172.00" delay="-1.00" initialPersons="0" loadedPersons="0" unloadedPersons="0" initialContainers="0" loadedContainers="0" unloadedContainers="0" busStop="1656195133"/>
    <stopinfo id="4_bus_172:1" type="pt_bus" lane="145586617#6_1" pos="223.64" parking="0" started="147.00" ended="177.00" delay="-1.00" initialPersons="0" loadedPersons="0" unloadedPersons="0" initialContainers="0" loadedContainers="0" unloadedContainers="0" busStop="664609167"/>
    <stopinfo id="9_bus_163:2" type="pt_bus" lane="70130339#1_2" pos="91.75" parking="0" started="150.00" ended="180.00" delay="-1.00" initialPersons="0" loadedPersons="0" unloadedPersons="0" initialContainers="0" loadedContainers="0" unloadedContainers="0" busStop="2050022025"/>
    <stopinfo id="5_bus_162:0" type="pt_bus" lane="670062907#1_1" pos="38.09" parking="0" started="171.00" ended="201.00" delay="-1.00" initialPersons="0" loadedPersons="0" unloadedPersons="0" initialContainers="0" loadedContainers="0" unloadedContainers="0" busStop="464396566"/>
    <stopinfo id="12_bus_164:0" type="pt_bus" lane="-23913524#3_1" pos="90.78" parking="0" started="189.00" ended="219.00" delay="-1.00" initialPersons="0" loadedPersons="0" unloadedPersons="0" initialContainers="0" loadedContainers="0" unloadedContainers="0" busStop="-1383533494"/>
    <stopinfo id="7_bus_163:0" type="pt_bus" lane="144909690_1" pos="439.22" parking="0" started="190.00" ended="220.00" delay="-1.00" initialPersons="0" loadedPersons="0" unloadedPersons="0" initialContainers="0" loadedContainers="0" unloadedContainers="0" busStop="94487938"/>
    <stopinfo id="4_bus_172:1" type="pt_bus" lane="145586617#6_1" pos="508.34" parking="0" started="206.00" ended="236.00" delay="-1.00" initialPersons="0" loadedPersons="0" unloadedPersons="0" initialContainers="0" loadedContainers="0" unloadedContainers="0" busStop="664609202"/>
    <stopinfo id="6_bus_162:1" type="pt_bus" lane="143308542#1_1" pos="45.41" parking="0" started="210.00" ended="240.00" delay="-1.00" initialPersons="0" loadedPersons="0" unloadedPersons="0" initialContainers="0" loadedContainers="0" unloadedContainers="0" busStop="464396487"/>
    <stopinfo id="13_tram_61:0" type="pt_tram" lane="385981675#1_0" pos="69.93" parking="0" started="213.00" ended="243.00" delay="-1.00" initialPersons="0" loadedPersons="0" unloadedPersons="0" initialContainers="0" loadedContainers="0" unloadedContainers="0" busStop="1704693343"/>
    <stopinfo id="9_bus_163:2" type="pt_bus" lane="-887919960#5_2" pos="22.40" parking="0" started="229.00" ended="259.00" delay="-1.00" initialPersons="0" loadedPersons="0" unloadedPersons="0" initialContainers="0" loadedContainers="0" unloadedContainers="0" busStop="-945142208"/>
    <stopinfo id="0_bus_160:0" type="pt_bus" lane="46039050#4_1" pos="42.34" parking="0" started="251.00" ended="281.00" delay="-1.00" initialPersons="0" loadedPersons="0" unloadedPersons="0" initialContainers="0" loadedContainers="0" unloadedContainers="0" busStop="837696524"/>
    <stopinfo id="12_bus_164:0" type="pt_bus" lane="137534616#0_1" pos="41.03" parking="0" started="252.00" ended="282.00" delay="-1.00" initialPersons="0" loadedPersons="0" unloadedPersons="0" initialContainers="0" loadedContainers="0" unloadedContainers="0" busStop="1383533577"/>
    <stopinfo id="15_tram_63:0" type="pt_tram" lane="385981675#1_0" pos="69.93" parking="0" started="252.00" ended="282.00" delay="-1.00" initialPersons="0" loadedPersons="0" unloadedPersons="0" initialContainers="0" loadedContainers="0" unloadedContainers="0" busStop="1704693343"/>
    <stopinfo id="11_bus_260:0" type="pt_bus" lane="-314415495#16_2" pos="9.00" parking="0" started="272.00" ended="302.00" delay="-1.00" initialPersons="0" loadedPersons="0" unloadedPersons="0" initialContainers="0" loadedContainers="0" unloadedContainers="0" busStop="-385200818"/>
    <stopinfo id="4_bus_172:1" type="pt_bus" lane="145586617#6_1" pos="914.02" parking="0" started="276.00" ended="306.00" delay="-1.00" initialPersons="0" loadedPersons="0" unloadedPersons="0" initialContainers="0" loadedContainers="0" unloadedContainers="0" busStop="664609200"/>
    <stopinfo id="8_bus_163:1" type="pt_bus" lane="977639651#1_2" pos="47.42" parking="0" started="277.00" ended="307.00" delay="-1.00" initialPersons="0" loadedPersons="0" unloadedPersons="0" initialContainers="0" loadedContainers="0" unloadedContainers="0" busStop="3812676495"/>
    <stopinfo id="6_bus_162:1" type="pt_bus" lane="143308542#6_1" pos="29.77" parking="0" started="282.00" ended="312.00" delay="-1.00" initialPersons="0" loadedPersons="0" unloadedPersons="0" initialContainers="0" loadedContainers="0" unloadedContainers="0" busStop="306982602"/>
    <stopinfo id="5_bus_162:0" type="pt_bus" lane="143308546#1_1" pos="54.40" parking="0" started="286.00" ended="316.00" delay="-1.00" initialPersons="0" loadedPersons="0" unloadedPersons="0" initialContainers="0" loadedContainers="0" unloadedContainers="0" busStop="301331956"/>
    <stopinfo id="13_tram_61:0" type="pt_tram" lane="158236729#9_0" pos="35.44" parking="0" started="303.00" ended="333.00" delay="-1.00" initialPersons="0" loadedPersons="0" unloadedPersons="0" initialContainers="0" loadedContainers="0" unloadedContainers="0" busStop="1704693389"/>
    <stopinfo id="14_tram_61:1" type="pt_tram" lane="179699938#6_0" pos="45.92" parking="0" started="315.00" ended="345.00" delay="-1.00" initialPersons="0" loadedPersons="0" unloadedPersons="0" initialContainers="0" loadedContainers="0" unloadedContainers="0" busStop="1704693444"/>
    <stopinfo id="12_bus_164:0" type="pt_bus" lane="149611526#0_1" pos="38.96" parking="0" started="321.00" ended="351.00" delay="-1.00" initialPersons="0" loadedPersons="0" unloadedPersons="0" initialContainers="0" loadedContainers="0" unloadedContainers="0" busStop="1383533575"/>
    <stopinfo id="4_bus_172:1" type="pt_bus" lane="145586617#6_1" pos="1067.80" parking="0" started="327.00" ended="357.00" delay="-1.00" initialPersons="0" loadedPersons="0" unloadedPersons="0" initialContainers="0" loadedContainers="0" unloadedContainers="0" busStop="664609198"/>
    <stopinfo id="8_bus_163:1" type="pt_bus" lane="318210360#0_2" pos="75.53" parking="0" started="338.00" ended="368.00" delay="-1.00" initialPersons="0" loadedPersons="0" unloadedPersons="0" initialContainers="0" loadedContainers="0" unloadedContainers="0" busStop="1383533461"/>
    <stopinfo id="11_bus_260:0" type="pt_bus" lane="-314415495#6_2" pos="14.07" parking="0" started="342.00" ended="372.00" delay="-1.00" initialPersons="0" loadedPersons="0" unloadedPersons="0" initialContainers="0" loadedContainers="0" unloadedContainers="0" busStop="-1560223790"/>
    <stopinfo id="0_bus_160:0" type="pt_bus" lane="143308587#1_2" pos="37.34" parking="0" started="351.00" ended="381.00" delay="-1.00" initialPersons="0" loadedPersons="0" unloadedPersons="0" initialContainers="0" loadedContainers="0" unloadedContainers="0" busStop="1560223236"/>
    <stopinfo id="6_bus_162:1" type="pt_bus" lane="143308542#15_1" pos="41.27" parking="0" started="351.00" ended="381.00" delay="-1.00" initialPersons="0" loadedPersons="0" unloadedPersons="0" initialContainers="0" loadedContainers="0" unloadedContainers="0" busStop="464396589"/>
    <stopinfo id="16_tram_63:1" type="pt_tram" lane="179699938#6_0" pos="45.92" parking="0" started="354.00" ended="384.00" delay="-1.00" initialPersons="0" loadedPersons="0" unloadedPersons="0" initialContainers="0" loadedContainers="0" unloadedContainers="0" busStop="1704693444"/>
    <stopinfo id="15_tram_63:0" type="pt_tram" lane="158236729#9_0" pos="35.44" parking="0" started="359.00" ended="389.00" delay="-1.00" initialPersons="0" loadedPersons="0" unloadedPersons="0" initialContainers="0" loadedContainers="0" unloadedContainers="0" busStop="1704693389"/>
    <stopinfo id="17_train_S45:0" type="pt_train" lane="22917994_0" pos="485.90" parking="0" started="361.00" ended="391.00" delay="-1.00" initialPersons="0" loadedPersons="0" unloadedPersons="0" initialContainers="0" loadedContainers="0" unloadedContainers="0" busStop="3508654675"/>
    <stopinfo id="21_bus_260:1" type="pt_bus" lane="144909690_1" pos="40.49" parking="0" started="363.00" ended="393.00" delay="-1.00" initialPersons="0" loadedPersons="0" unloadedPersons="0" initialContainers="0" loadedContainers="0" unloadedContainers="0" busStop="301263813"/>
    <stopinfo id="13_tram_61:0" type="pt_tram" lane="220198808#6_0" pos="49.41" parking="0" started="371.00" ended="401.00" delay="-1.00" initialPersons="0" loadedPersons="0" unloadedPersons="0" initialContainers="0" loadedContainers="0" unloadedContainers="0" busStop="1704693457"/>
    <stopinfo id="9_bus_163:2" type="pt_bus" lane="806903753_1" pos="3.92" parking="0" started="379.00" ended="409.00" delay="-1.00" initialPersons="0" loadedPersons="0" unloadedPersons="0" initialContainers="0" loadedContainers="0" unloadedContainers="0" busStop="5315085711"/>
    <stopinfo id="3_bus_172:0" type="pt_bus" lane="145586617#6_1" pos="991.98" parking="0" started="384.00" ended="414.00" delay="-1.00" initialPersons="0" loadedPersons="0" unloadedPersons="0" initialContainers="0" loadedContainers="0" unloadedContainers="0" busStop="664609199"/>
    <stopinfo id="7_bus_163:0" type="pt_bus" lane="204721579#2_1" pos="105.00" parking="0" started="392.00" ended="422.00" delay="-1.00" initialPersons="0" loadedPersons="0" unloadedPersons="0" initialContainers="0" loadedContainers="0" unloadedContainers="0" busStop="1383533462"/>
    <stopinfo id="11_bus_260:0" type="pt_bus" lane="-314415495#3_2" pos="101.94" parking="0" started="396.00" ended="426.00" delay="-1.00" initialPersons="0" loadedPersons="0" unloadedPersons="0" initialContainers="0" loadedContainers="0" unloadedContainers="0" busStop="-1560223555"/>
    <stopinfo id="12_bus_164:0" type="pt_bus" lane="206889086#1_2" pos="29.33" parking="0" started="405.00" ended="435.00" delay="-1.00" initialPersons="0" loadedPersons="0" unloadedPersons="0" initialContainers="0" loadedContainers="0" unloadedContainers="0" busStop="1656195133"/>
    <stopinfo id="24_bus_164:1" type="pt_bus" lane="-46150481#0_2" pos="33.51" parking="0" started="405.00" ended="435.00" delay="-1.00" initialPersons="0" loadedPersons="0" unloadedPersons="0" initialContainers="0" loadedContainers="0" unloadedContainers="0" busStop="-851572693"/>
    <stopinfo id="5_bus_162:0" type="pt_bus" lane="143308587#1_2" pos="37.35" parking="0" started="431.00" ended="461.00" delay="-1.00" initialPersons="0" loadedPersons="0" unloadedPersons="0" initialContainers="0" loadedContainers="0" unloadedContainers="0" busStop="1560223236"/>
    <stopinfo id="23_train_S8:1" type="pt_train" lane="22917994_0" pos="485.90" parking="0" started="441.00" ended="471.00" delay="-1.00" initialPersons="0" loadedPersons="0" unloadedPersons="0" initialContainers="0" loadedContainers="0" unloadedContainers="0" busStop="3508654675"/>
    <stopinfo id="14_tram_61:1" type="pt_tram" lane="206889079#9_0" pos="49.37" parking="0" started="443.00" ended="473.00" delay="-1.00" initialPersons="0" loadedPersons="0" unloadedPersons="0" initialContainers="0" loadedContainers="0" unloadedContainers="0" busStop="1704693451"/>
    <stopinfo id="18_train_S45:1" type="pt_train" lane="431786563_0" pos="1709.12" parking="0" started="444.00" ended="474.00" delay="-1.00" initialPersons="0" loadedPersons="0" unloadedPersons="0" initialContainers="0" loadedContainers="0" unloadedContainers="0" busStop="30499115"/>
    <stopinfo id="21_bus_260:1" type="pt_bus" lane="144909690_1" pos="439.23" parking="0" started="447.00" ended="477.00" delay="-1.00" initialPersons="0" loadedPersons="0" unloadedPersons="0" initialContainers="0" loadedContainers="0" unloadedContainers="0" busStop="94487938"/>
    <stopinfo id="7_bus_163:0" type="pt_bus" lane="153021549#1_1" pos="46.74" parking="0" started="455.00" ended="485.00" delay="-1.00" initialPersons="0" loadedPersons="0" unloadedPersons="0" initialContainers="0" loadedContainers="0" unloadedContainers="0" busStop="1862990707"/>
    <stopinfo id="0_bus_160:0" type="pt_bus" lane="46150481#0_2" pos="49.00" parking="0" started="464.00" ended="494.00" delay="-1.00" initialPersons="0" loadedPersons="0" unloadedPersons="0" initialContainers="0" loadedContainers="0" unloadedContainers="0" busStop="852932398"/>
    <stopinfo id="15_tram_63:0" type="pt_tram" lane="220198808#6_0" pos="49.41" parking="0" started="472.00" ended="502.00" delay="-1.00" initialPersons="0" loadedPersons="0" unloadedPersons="0" initialContainers="0" loadedContainers="0" unloadedContainers="0" busStop="1704693457"/>
    <stopinfo id="16_tram_63:1" type="pt_tram" lane="206889079#9_0" pos="49.37" parking="0" started="495.00" ended="525.00" delay="-1.00" initialPersons="0" loadedPersons="0" unloadedPersons="0" initialContainers="0" loadedContainers="0" unloadedContainers="0" busStop="1704693451"/>
    <stopinfo id="31_bus_163:3" type="pt_bus" lane="144909690_1" pos="40.49" parking="0" started="496.00" ended="526.00" delay="-1.00" initialPersons="0" loadedPersons="0" unloadedPersons="0" initialContainers="0" loadedContainers="0" unloadedContainers="0" busStop="301263813"/>
    <stopinfo id="9_bus_163:2" type="pt_bus" lane="977639651#1_2" pos="47.43" parking="0" started="497.00" ended="527.00" delay="-1.00" initialPersons="0" loadedPersons="0" unloadedPersons="0" initialContainers="0" loadedContainers="0" unloadedContainers="0" busStop="3812676495"/>
    <stopinfo id="6_bus_162:1" type="pt_bus" lane="806903753_1" pos="3.91" parking="0" started="503.00" ended="533.00" delay="-1.00" initialPersons="0" loadedPersons="0" unloadedPersons="0" initialContainers="0" loadedContainers="0" unloadedContainers="0" busStop="5315085711"/>
    <stopinfo id="5_bus_162:0" type="pt_bus" lane="46150481#0_2" pos="49.00" parking="0" started="507.00" ended="537.00" delay="-1.00" initialPersons="0" loadedPersons="0" unloadedPersons="0" initialContainers="0" loadedContainers="0" unloadedContainers="0" busStop="852932398"/>
    <stopinfo id="25_train_S9:0" type="pt_train" lane="22917994_0" pos="485.90" parking="0" started="508.00" ended="538.00" delay="-1.00" initialPersons="0" loadedPersons="0" unloadedPersons="0" initialContainers="0" loadedContainers="0" unloadedContainers="0" busStop="3508654675"/>
    <stopinfo id="22_train_S8:0" type="pt_train" lane="431786563_0" pos="1709.12" parking="0" started="511.00" ended="541.00" delay="-1.00" initialPersons="0" loadedPersons="0" unloadedPersons="0" initialContainers="0" loadedContainers="0" unloadedContainers="0" busStop="30499115"/>
    <stopinfo id="32_bus_160:1" type="pt_bus" lane="81096611#0_1" pos="49.00" parking="0" started="520.00" ended="550.00" delay="-1.00" initialPersons="0" loadedPersons="0" unloadedPersons="0" initialContainers="0" loadedContainers="0" unloadedContainers="0" busStop="1568240825"/>
    <stopinfo id="24_bus_164:1" type="pt_bus" lane="143308542#1_1" pos="45.42" parking="0" started="522.00" ended="552.00" delay="-1.00" initialPersons="0" loadedPersons="0" unloadedPersons="0" initialContainers="0" loadedContainers="0" unloadedContainers="0" busStop="464396487"/>
    <stopinfo id="14_tram_61:1" type="pt_tram" lane="206889079#15_0" pos="47.68" parking="0" started="523.00" ended="553.00" delay="-1.00" initialPersons="0" loadedPersons="0" unloadedPersons="0" initialContainers="0" loadedContainers="0" unloadedContainers="0" busStop="1704693381"/>
    <stopinfo id="7_bus_163:0" type="pt_bus" lane="206889086#1_2" pos="29.35" parking="0" started="538.00" ended="568.00" delay="-1.00" initialPersons="0" loadedPersons="0" unloadedPersons="0" initialContainers="0" loadedContainers="0" unloadedContainers="0" busStop="1656195133"/>
    <stopinfo id="11_bus_260:0" type="pt_bus" lane="-144909690_1" pos="90.84" parking="0" started="538.00" ended="568.00" delay="-1.00" initialPersons="0" loadedPersons="0" unloadedPersons="0" initialContainers="0" loadedContainers="0" unloadedContainers="0" busStop="-942861696"/>
    <stopinfo id="21_bus_260:1" type="pt_bus" lane="314415495#1_2" pos="43.79" parking="0" started="543.00" ended="573.00" delay="-1.00" initialPersons="0" loadedPersons="0" unloadedPersons="0" initialContainers="0" loadedContainers="0" unloadedContainers="0" busStop="945142241"/>
    <stopinfo id="9_bus_163:2" type="pt_bus" lane="318210360#0_2" pos="75.54" parking="0" started="559.00" ended="589.00" delay="-1.00" initialPersons="0" loadedPersons="0" unloadedPersons="0" initialContainers="0" loadedContainers="0" unloadedContainers="0" busStop="1383533461"/>
    <stopinfo id="27_train_S46:0" type="pt_train" lane="22917994_0" pos="485.90" parking="0" started="575.00" ended="605.00" delay="-1.00" initialPersons="0" loadedPersons="0" unloadedPersons="0" initialContainers="0" loadedContainers="0" unloadedContainers="0" busStop="3508654675"/>
    <stopinfo id="16_tram_63:1" type="pt_tram" lane="206889079#15_0" pos="47.68" parking="0" started="575.00" ended="605.00" delay="-1.00" initialPersons="0" loadedPersons="0" unloadedPersons="0" initialContainers="0" loadedContainers="0" unloadedContainers="0" busStop="1704693381"/>
    <stopinfo id="8_bus_163:1" type="pt_bus" lane="-144909690_1" pos="90.86" parking="0" started="576.00" ended="606.00" delay="-1.00" initialPersons="0" loadedPersons="0" unloadedPersons="0" initialContainers="0" loadedContainers="0" unloadedContainers="0" busStop="-942861696"/>
    <stopinfo id="26_train_S9:1" type="pt_train" lane="431786563_0" pos="1709.12" parking="0" started="578.00" ended="608.00" delay="-1.00" initialPersons="0" loadedPersons="0" unloadedPersons="0" initialContainers="0" loadedContainers="0" unloadedContainers="0" busStop="30499115"/>
    <stopinfo id="31_bus_163:3" type="pt_bus" lane="144909690_1" pos="439.22" parking="0" started="583.00" ended="613.00" delay="-1.00" initialPersons="0" loadedPersons="0" unloadedPersons="0" initialContainers="0" loadedContainers="0" unloadedContainers="0" busStop="94487938"/>
    <stopinfo id="24_bus_164:1" type="pt_bus" lane="143308542#6_1" pos="29.77" parking="0" started="586.00" ended="616.00" delay="-1.00" initialPersons="0" loadedPersons="0" unloadedPersons="0" initialContainers="0" loadedContainers="0" unloadedContainers="0" busStop="306982602"/>
    <stopinfo id="12_bus_164:0" type="pt_bus" lane="670062907#1_1" pos="38.11" parking="0" started="586.00" ended="616.00" delay="-1.00" initialPersons="0" loadedPersons="0" unloadedPersons="0" initialContainers="0" loadedContainers="0" unloadedContainers="0" busStop="464396566"/>
    <stopinfo id="35_bus_162:3" type="pt_bus" lane="-46150481#0_2" pos="33.53" parking="0" started="598.00" ended="628.00" delay="-1.00" initialPersons="0" loadedPersons="0" unloadedPersons="0" initialContainers="0" loadedContainers="0" unloadedContainers="0" busStop="-851572693"/>
    <stopinfo id="34_bus_162:2" type="pt_bus" lane="-23913524#3_1" pos="90.79" parking="0" started="598.00" ended="628.00" delay="-1.00" initialPersons="0" loadedPersons="0" unloadedPersons="0" initialContainers="0" loadedContainers="0" unloadedContainers="0" busStop="-1383533494"/>
    <stopinfo id="21_bus_260:1" type="pt_bus" lane="314415495#6_2" pos="57.34" parking="0" started="600.00" ended="630.00" delay="-1.00" initialPersons="0" loadedPersons="0" unloadedPersons="0" initialContainers="0" loadedContainers="0" unloadedContainers="0" busStop="664208807"/>
    <stopinfo id="3_bus_172:0" type="pt_bus" lane="145586617#6_1" pos="538.36" parking="0" started="604.00" ended="634.00" delay="-1.00" initialPersons="0" loadedPersons="0" unloadedPersons="0" initialContainers="0" loadedContainers="0" unloadedContainers="0" busStop="664609203"/>
    <stopinfo id="11_bus_260:0" type="pt_bus" lane="-144909690_1" pos="421.42" parking="0" started="616.00" ended="646.00" delay="-1.00" initialPersons="0" loadedPersons="0" unloadedPersons="0" initialContainers="0" loadedContainers="0" unloadedContainers="0" busStop="-94487924"/>
    <stopinfo id="32_bus_160:1" type="pt_bus" lane="81096611#0_1" pos="549.07" parking="0" started="618.00" ended="648.00" delay="-1.00" initialPersons="0" loadedPersons="0" unloadedPersons="0" initialContainers="0" loadedContainers="0" unloadedContainers="0" busStop="851572829"/>
    <stopinfo id="14_tram_61:1" type="pt_tram" lane="220198810#9_0" pos="42.30" parking="0" started="633.00" ended="663.00" delay="-1.00" initialPersons="0" loadedPersons="0" unloadedPersons="0" initialContainers="0" loadedContainers="0" unloadedContainers="0" busStop="1704693369"/>
    <stopinfo id="29_train_S85:0" type="pt_train" lane="22917994_0" pos="485.90" parking="0" started="642.00" ended="672.00" delay="-1.00" initialPersons="0" loadedPersons="0" unloadedPersons="0" initialContainers="0" loadedContainers="0" unloadedContainers="0" busStop="3508654675"/>
    <stopinfo id="28_train_S46:1" type="pt_train" lane="431786563_0" pos="1709.12" parking="0" started="645.00" ended="675.00" delay="-1.00" initialPersons="0" loadedPersons="0" unloadedPersons="0" initialContainers="0" loadedContainers="0" unloadedContainers="0" busStop="30499115"/>
    <stopinfo id="12_bus_164:0" type="pt_bus" lane="143308546#1_1" pos="54.41" parking="0" started="654.00" ended="684.00" delay="-1.00" initialPersons="0" loadedPersons="0" unloadedPersons="0" initialContainers="0" loadedContainers="0" unloadedContainers="0" busStop="301331956"/>
    <stopinfo id="8_bus_163:1" type="pt_bus" lane="-144909690_1" pos="421.41" parking="0" started="654.00" ended="684.00" delay="-1.00" initialPersons="0" loadedPersons="0" unloadedPersons="0" initialContainers="0" loadedContainers="0" unloadedContainers="0" busStop="-94487924"/>
    <stopinfo id="34_bus_162:2" type="pt_bus" lane="137534616#0_1" pos="41.04" parking="0" started="662.00" ended="692.00" delay="-1.00" initialPersons="0" loadedPersons="0" unloadedPersons="0" initialContainers="0" loadedContainers="0" unloadedContainers="0" busStop="1383533577"/>
    <stopinfo id="21_bus_260:1" type="pt_bus" lane="314415495#15_2" pos="13.75" parking="0" started="666.00" ended="696.00" delay="-1.00" initialPersons="0" loadedPersons="0" unloadedPersons="0" initialContainers="0" loadedContainers="0" unloadedContainers="0" busStop="385200819"/>
    <stopinfo id="24_bus_164:1" type="pt_bus" lane="143308542#15_1" pos="41.28" parking="0" started="668.00" ended="698.00" delay="-1.00" initialPersons="0" loadedPersons="0" unloadedPersons="0" initialContainers="0" loadedContainers="0" unloadedContainers="0" busStop="464396589"/>
    <stopinfo id="16_tram_63:1" type="pt_tram" lane="220198810#9_0" pos="42.30" parking="0" started="689.00" ended="719.00" delay="-1.00" initialPersons="0" loadedPersons="0" unloadedPersons="0" initialContainers="0" loadedContainers="0" unloadedContainers="0" busStop="1704693369"/>
    <stopinfo id="32_bus_160:1" type="pt_bus" lane="169076556#3_1" pos="21.01" parking="0" started="696.00" ended="726.00" delay="-1.00" initialPersons="0" loadedPersons="0" unloadedPersons="0" initialContainers="0" loadedContainers="0" unloadedContainers="0" busStop="301292770"/>
    <stopinfo id="30_train_S85:1" type="pt_train" lane="431786563_0" pos="1709.12" parking="0" started="712.00" ended="742.00" delay="-1.00" initialPersons="0" loadedPersons="0" unloadedPersons="0" initialContainers="0" loadedContainers="0" unloadedContainers="0" busStop="30499115"/>
    <stopinfo id="35_bus_162:3" type="pt_bus" lane="143308542#1_1" pos="45.43" parking="0" started="730.00" ended="760.00" delay="-1.00" initialPersons="0" loadedPersons="0" unloadedPersons="0" initialContainers="0" loadedContainers="0" unloadedContainers="0" busStop="464396487"/>
    <stopinfo id="34_bus_162:2" type="pt_bus" lane="149611526#0_1" pos="38.95" parking="0" started="731.00" ended="761.00" delay="-1.00" initialPersons="0" loadedPersons="0" unloadedPersons="0" initialContainers="0" loadedContainers="0" unloadedContainers="0" busStop="1383533575"/>
    <stopinfo id="31_bus_163:3" type="pt_bus" lane="204721579#2_1" pos="104.99" parking="0" started="738.00" ended="768.00" delay="-1.00" initialPersons="0" loadedPersons="0" unloadedPersons="0" initialContainers="0" loadedContainers="0" unloadedContainers="0" busStop="1383533462"/>
    <stopinfo id="9_bus_163:2" type="pt_bus" lane="-144909690_1" pos="90.85" parking="0" started="781.00" ended="811.00" delay="-1.00" initialPersons="0" loadedPersons="0" unloadedPersons="0" initialContainers="0" loadedContainers="0" unloadedContainers="0" busStop="-942861696"/>
    <stopinfo id="21_bus_260:1" type="pt_bus" lane="806903753_1" pos="3.92" parking="0" started="784.00" ended="814.00" delay="-1.00" initialPersons="0" loadedPersons="0" unloadedPersons="0" initialContainers="0" loadedContainers="0" unloadedContainers="0" busStop="5315085711"/>
    <stopinfo id="35_bus_162:3" type="pt_bus" lane="143308542#6_1" pos="29.73" parking="0" started="786.00" ended="816.00" delay="-1.00" initialPersons="0" loadedPersons="0" unloadedPersons="0" initialContainers="0" loadedContainers="0" unloadedContainers="0" busStop="306982602"/>
    <stopinfo id="12_bus_164:0" type="pt_bus" lane="143308587#1_2" pos="37.34" parking="0" started="793.00" ended="823.00" delay="-1.00" initialPersons="0" loadedPersons="0" unloadedPersons="0" initialContainers="0" loadedContainers="0" unloadedContainers="0" busStop="1560223236"/>
    <stopinfo id="31_bus_163:3" type="pt_bus" lane="153021549#1_1" pos="46.74" parking="0" started="813.00" ended="843.00" delay="-1.00" initialPersons="0" loadedPersons="0" unloadedPersons="0" initialContainers="0" loadedContainers="0" unloadedContainers="0" busStop="1862990707"/>
    <stopinfo id="24_bus_164:1" type="pt_bus" lane="806903753_1" pos="3.91" parking="0" started="822.00" ended="852.00" delay="-1.00" initialPersons="0" loadedPersons="0" unloadedPersons="0" initialContainers="0" loadedContainers="0" unloadedContainers="0" busStop="5315085711"/>
    <stopinfo id="3_bus_172:0" type="pt_bus" lane="145586617#6_1" pos="235.38" parking="0" started="835.00" ended="865.00" delay="-1.00" initialPersons="0" loadedPersons="0" unloadedPersons="0" initialContainers="0" loadedContainers="0" unloadedContainers="0" busStop="664609166"/>
    <stopinfo id="32_bus_160:1" type="pt_bus" lane="143308532#1_1" pos="42.27" parking="0" started="837.00" ended="867.00" delay="-1.00" initialPersons="0" loadedPersons="0" unloadedPersons="0" initialContainers="0" loadedContainers="0" unloadedContainers="0" busStop="671564316"/>
    <stopinfo id="9_bus_163:2" type="pt_bus" lane="-144909690_1" pos="421.43" parking="0" started="857.00" ended="887.00" delay="-1.00" initialPersons="0" loadedPersons="0" unloadedPersons="0" initialContainers="0" loadedContainers="0" unloadedContainers="0" busStop="-94487924"/>
    <stopinfo id="34_bus_162:2" type="pt_bus" lane="206889086#1_2" pos="29.33" parking="0" started="870.00" ended="900.00" delay="-1.00" initialPersons="0" loadedPersons="0" unloadedPersons="0" initialContainers="0" loadedContainers="0" unloadedContainers="0" busStop="1656195133"/>
    <stopinfo id="35_bus_162:3" type="pt_bus" lane="143308542#15_1" pos="41.26" parking="0" started="876.00" ended="906.00" delay="-1.00" initialPersons="0" loadedPersons="0" unloadedPersons="0" initialContainers="0" loadedContainers="0" unloadedContainers="0" busStop="464396589"/>
    <stopinfo id="12_bus_164:0" type="pt_bus" lane="46150481#0_2" pos="49.00" parking="0" started="889.00" ended="919.00" delay="-1.00" initialPersons="0" loadedPersons="0" unloadedPersons="0" initialContainers="0" loadedContainers="0" unloadedContainers="0" busStop="852932398"/>
    <stopinfo id="32_bus_160:1" type="pt_bus" lane="143308532#7_1" pos="41.90" parking="0" started="897.00" ended="927.00" delay="-1.00" initialPersons="0" loadedPersons="0" unloadedPersons="0" initialContainers="0" loadedContainers="0" unloadedContainers="0" busStop="837696418"/>
    <stopinfo id="24_bus_164:1" type="pt_bus" lane="24152326#0_1" pos="67.13" parking="0" started="922.00" ended="952.00" delay="-1.00" initialPersons="0" loadedPersons="0" unloadedPersons="0" initialContainers="0" loadedContainers="0" unloadedContainers="0" busStop="1383533459"/>
    <stopinfo id="31_bus_163:3" type="pt_bus" lane="206889086#1_2" pos="29.34" parking="0" started="931.00" ended="961.00" delay="-1.00" initialPersons="0" loadedPersons="0" unloadedPersons="0" initialContainers="0" loadedContainers="0" unloadedContainers="0" busStop="1656195133"/>
    <stopinfo id="35_bus_162:3" type="pt_bus" lane="806903753_1" pos="3.92" parking="0" started="986.00" ended="1016.00" delay="-1.00" initialPersons="0" loadedPersons="0" unloadedPersons="0" initialContainers="0" loadedContainers="0" unloadedContainers="0" busStop="5315085711"/>
    <stopinfo id="34_bus_162:2" type="pt_bus" lane="670062907#1_1" pos="38.13" parking="0" started="997.00" ended="1027.00" delay="-1.00" initialPersons="0" loadedPersons="0" unloadedPersons="0" initialContainers="0" loadedContainers="0" unloadedContainers="0" busStop="464396566"/>
    <stopinfo id="24_bus_164:1" type="pt_bus" lane="-137534616#0_1" pos="40.63" parking="0" started="1011.00" ended="1041.00" delay="-1.00" initialPersons="0" loadedPersons="0" unloadedPersons="0" initialContainers="0" loadedContainers="0" unloadedContainers="0" busStop="-1383533578"/>
    <stopinfo id="32_bus_160:1" type="pt_bus" lane="-141968830#1_1" pos="44.06" parking="0" started="1033.00" ended="1063.00" delay="-1.00" initialPersons="0" loadedPersons="0" unloadedPersons="0" initialContainers="0" loadedContainers="0" unloadedContainers="0" busStop="-1553912606"/>
    <stopinfo id="35_bus_162:3" type="pt_bus" lane="24152326#0_1" pos="67.14" parking="0" started="1047.00" ended="1077.00" delay="-1.00" initialPersons="0" loadedPersons="0" unloadedPersons="0" initialContainers="0" loadedContainers="0" unloadedContainers="0" busStop="1383533459"/>
    <stopinfo id="34_bus_162:2" type="pt_bus" lane="143308546#1_1" pos="54.40" parking="0" started="1065.00" ended="1095.00" delay="-1.00" initialPersons="0" loadedPersons="0" unloadedPersons="0" initialContainers="0" loadedContainers="0" unloadedContainers="0" busStop="301331956"/>
    <stopinfo id="31_bus_163:3" type="pt_bus" lane="318210378#0_2" pos="20.36" parking="0" started="1068.00" ended="1098.00" delay="-1.00" initialPersons="0" loadedPersons="0" unloadedPersons="0" initialContainers="0" loadedContainers="0" unloadedContainers="0" busStop="945142098"/>
    <stopinfo id="24_bus_164:1" type="pt_bus" lane="23913524#3_1" pos="53.05" parking="0" started="1073.00" ended="1103.00" delay="-1.00" initialPersons="0" loadedPersons="0" unloadedPersons="0" initialContainers="0" loadedContainers="0" unloadedContainers="0" busStop="1383533492"/>
    <stopinfo id="32_bus_160:1" type="pt_bus" lane="-141968830#0_1" pos="65.60" parking="0" started="1078.00" ended="1108.00" delay="-1.00" initialPersons="0" loadedPersons="0" unloadedPersons="0" initialContainers="0" loadedContainers="0" unloadedContainers="0" busStop="-1094134880"/>
    <stopinfo id="3_bus_172:0" type="pt_bus" lane="145586617#0_1" pos="56.44" parking="0" started="1131.00" ended="1161.00" delay="-1.00" initialPersons="0" loadedPersons="0" unloadedPersons="0" initialContainers="0" loadedContainers="0" unloadedContainers="0" busStop="664609173"/>
    <stopinfo id="35_bus_162:3" type="pt_bus" lane="-137534616#0_1" pos="40.64" parking="0" started="1135.00" ended="1165.00" delay="-1.00" initialPersons="0" loadedPersons="0" unloadedPersons="0" initialContainers="0" loadedContainers="0" unloadedContainers="0" busStop="-1383533578"/>
    <stopinfo id="31_bus_163:3" type="pt_bus" lane="231626692#1_2" pos="183.37" parking="0" started="1145.00" ended="1175.00" delay="-1.00" initialPersons="0" loadedPersons="0" unloadedPersons="0" initialContainers="0" loadedContainers="0" unloadedContainers="0" busStop="2050022029"/>
    <stopinfo id="34_bus_162:2" type="pt_bus" lane="143308587#1_2" pos="37.32" parking="0" started="1158.00" ended="1188.00" delay="-1.00" initialPersons="0" loadedPersons="0" unloadedPersons="0" initialContainers="0" loadedContainers="0" unloadedContainers="0" busStop="1560223236"/>
    <stopinfo id="35_bus_162:3" type="pt_bus" lane="23913524#3_1" pos="53.05" parking="0" started="1197.00" ended="1227.00" delay="-1.00" initialPersons="0" loadedPersons="0" unloadedPersons="0" initialContainers="0" loadedContainers="0" unloadedContainers="0" busStop="1383533492"/>
    <stopinfo id="34_bus_162:2" type="pt_bus" lane="46150481#0_2" pos="49.00" parking="0" started="1266.00" ended="1296.00" delay="-1.00" initialPersons="0" loadedPersons="0" unloadedPersons="0" initialContainers="0" loadedContainers="0" unloadedContainers="0" busStop="852932398"/>
</stops>
