<?xml version="1.0" encoding="UTF-8"?>

<!-- generated on Thu 01 Oct 2020 02:10:37 PM CEST by Eclipse SUMO netedit Version v1_7_0+0387-4c5c499899
<configuration xmlns:xsi="http://www.w3.org/2001/XMLSchema-instance" xsi:noNamespaceSchemaLocation="http://sumo.dlr.de/xsd/netconvertConfiguration.xsd">

    <input>
        <sumo-net-file value="../03_netedit/osm.net.xml"/>
    </input>

    <output>
        <output-file value="../03_netedit/osm.net.xml"/>
        <output.street-names value="true"/>
    </output>

    <processing>
        <geometry.min-radius.fix.railways value="false"/>
        <geometry.max-grade.fix value="false"/>
        <offset.disable-normalization value="true"/>
        <lefthand value="false"/>
    </processing>

    <junctions>
        <no-internal-links value="false"/>
        <no-turnarounds value="true"/>
        <junctions.corner-detail value="5"/>
        <junctions.limit-turn-speed value="5.5"/>
        <rectangular-lane-cut value="false"/>
    </junctions>

    <pedestrian>
        <walkingareas value="true"/>
    </pedestrian>

    <netedit>
        <data-files value="/home/kobo/dlr/SUMO2020/04_traffic.final/edgecounts.xml"/>
    </netedit>

    <report>
        <aggregate-warnings value="5"/>
    </report>

</configuration>
-->

<meandata xmlns:xsi="http://www.w3.org/2001/XMLSchema-instance" xsi:noNamespaceSchemaLocation="http://sumo.dlr.de/xsd/meandata_file.xsd">
    <interval id="tutorial" begin="0.00" end="3600.00">
        <edge id="52036180#4" entered="500"/>
        <edge id="143308549#3" entered="500"/>
        <edge id="143308552#1" entered="500"/>
    </interval>
</meandata>
