<?xml version="1.0" encoding="UTF-8"?>

<!-- generated on Fri 02 Oct 2020 12:00:02 PM CEST by Eclipse SUMO netedit Version v1_7_0+0414-abba6bd674
<configuration xmlns:xsi="http://www.w3.org/2001/XMLSchema-instance" xsi:noNamespaceSchemaLocation="http://sumo.dlr.de/xsd/netconvertConfiguration.xsd">

    <input>
        <sumo-net-file value="osm.net.xml"/>
    </input>

    <output>
        <output-file value="osm.net.xml"/>
        <output.street-names value="true"/>
    </output>

    <processing>
        <geometry.min-radius.fix.railways value="false"/>
        <geometry.max-grade.fix value="false"/>
        <offset.disable-normalization value="true"/>
        <lefthand value="false"/>
    </processing>

    <junctions>
        <no-internal-links value="false"/>
        <no-turnarounds value="true"/>
        <junctions.corner-detail value="5"/>
        <junctions.limit-turn-speed value="5.5"/>
        <rectangular-lane-cut value="false"/>
    </junctions>

    <pedestrian>
        <walkingareas value="true"/>
    </pedestrian>

    <netedit>
        <data-files value="/home/kobo/dlr/SUMO2020/04_traffic.final/turncounts.xml"/>
    </netedit>

    <report>
        <aggregate-warnings value="5"/>
    </report>

</configuration>
-->

<meandata xmlns:xsi="http://www.w3.org/2001/XMLSchema-instance" xsi:noNamespaceSchemaLocation="http://sumo.dlr.de/xsd/meandata_file.xsd">
    <interval id="tutorial" begin="0.00" end="3600.00">
        <edgeRelation from="52036180#4" to="40191607#1" count="200"/>
        <edgeRelation from="414563781" to="40191607#1" count="800"/>
        <edgeRelation from="318210355" to="72230304#1" count="800"/>
        <edgeRelation from="679901152#0" to="206889086#1" count="500"/>
    </interval>
</meandata>
