<?xml version="1.0" encoding="UTF-8"?>

<!-- generated on 2021-09-08 17:05:05 by Eclipse SUMO netedit Version v1_10_0+0593-3d34bc09f6b
<configuration xmlns:xsi="http://www.w3.org/2001/XMLSchema-instance" xsi:noNamespaceSchemaLocation="http://sumo.dlr.de/xsd/netconvertConfiguration.xsd">

    <input>
        <sumo-net-file value="C:\erdm_ja\sip-svn-trunk\papers\DLR\SUMO_Conference2021\tutorial\04_odtraffic\osm.net.xml"/>
    </input>

    <output>
        <output-file value="C:\erdm_ja\sip-svn-trunk\papers\DLR\SUMO_Conference2021\tutorial\04_odtraffic\osm.net.xml"/>
        <output.street-names value="true"/>
    </output>

    <processing>
        <geometry.min-radius.fix.railways value="false"/>
        <geometry.max-grade.fix value="false"/>
        <offset.disable-normalization value="true"/>
        <lefthand value="false"/>
    </processing>

    <junctions>
        <no-turnarounds value="true"/>
        <junctions.corner-detail value="5"/>
        <junctions.limit-turn-speed value="5.5"/>
        <rectangular-lane-cut value="false"/>
    </junctions>

    <pedestrian>
        <walkingareas value="true"/>
    </pedestrian>

    <netedit>
        <data-files value="C:\erdm_ja\sip-svn-trunk\papers\DLR\SUMO_Conference2021\tutorial\04_odtraffic\od2.xml"/>
    </netedit>

    <report>
        <aggregate-warnings value="5"/>
    </report>

</configuration>
-->

<data xmlns:xsi="http://www.w3.org/2001/XMLSchema-instance" xsi:noNamespaceSchemaLocation="http://sumo.dlr.de/xsd/datamode_file.xsd">
    <interval id="test" begin="0.00" end="3600.00">
        <tazRelation from="2_0" to="3_2" count="1000"/>
    </interval>
</data>
