<?xml version="1.0"?>
<!-- generated on 2017-05-04 15:10:19.600000 by $Id: route2trips.py 23614 2017-03-22 13:02:46Z luecken $ via randomTrips.py
  options: -n osm.net.xml <doubleminus>seed 42 <doubleminus>fringe-factor 10 -p 2.419900 -r osm.passenger.rou.xml -o osm.passenger.trips.xml -e 1800 <doubleminus>vehicle-class passenger <doubleminus>vclass passenger <doubleminus>prefix veh <doubleminus>min-distance 300 <doubleminus>trip-attributes departLane="best" <doubleminus>validate
-->
<routes xmlns:xsi="http://www.w3.org/2001/XMLSchema-instance" xsi:noNamespaceSchemaLocation="http://sumo.dlr.de/xsd/routes_file.xsd">
    <vType id="passenger" vClass="passenger">
    </vType>
    <trip id="veh0" depart="0.00" departLane="best" from="143308552#1" to="-141968830" type="passenger"/>
    <trip id="veh1" depart="2.42" departLane="best" from="-314415495#0" to="-190083608#2" type="passenger"/>
    <trip id="veh2" depart="4.84" departLane="best" from="190083616" to="143308546#2" type="passenger"/>
    <trip id="veh3" depart="7.26" departLane="best" from="38160001#1" to="-142575679#8" type="passenger"/>
    <trip id="veh4" depart="9.68" departLane="best" from="-206579061" to="142575688#10" type="passenger"/>
    <trip id="veh5" depart="12.10" departLane="best" from="-142575656#7" to="-147859763#4" type="passenger"/>
    <trip id="veh6" depart="14.52" departLane="best" from="-206579062#2" to="142575701#1" type="passenger"/>
    <trip id="veh9" depart="21.78" departLane="best" from="71028777#1" to="-38159999#1" type="passenger"/>
    <trip id="veh11" depart="26.62" departLane="best" from="142575693#2" to="48858193#1" type="passenger"/>
    <trip id="veh12" depart="29.04" departLane="best" from="12749623" to="142575692#5" type="passenger"/>
    <trip id="veh13" depart="31.46" departLane="best" from="314415495#12" to="143308505#2" type="passenger"/>
    <trip id="veh14" depart="33.88" departLane="best" from="318210371#3" to="142575695#1" type="passenger"/>
    <trip id="veh15" depart="36.30" departLane="best" from="-142575690#1" to="-190083616" type="passenger"/>
    <trip id="veh16" depart="38.72" departLane="best" from="-142575695#1" to="-26991766#7" type="passenger"/>
    <trip id="veh17" depart="41.14" departLane="best" from="-71028777#4" to="-147859765#2" type="passenger"/>
    <trip id="veh18" depart="43.56" departLane="best" from="-28888490" to="320744688" type="passenger"/>
    <trip id="veh19" depart="45.98" departLane="best" from="143308562#2" to="142575710#0" type="passenger"/>
    <trip id="veh20" depart="48.40" departLane="best" from="-143308527#6" to="147859764" type="passenger"/>
    <trip id="veh21" depart="50.82" departLane="best" from="-143308527#6" to="-52460499#6" type="passenger"/>
    <trip id="veh22" depart="53.24" departLane="best" from="81639675#0" to="143308532#0" type="passenger"/>
    <trip id="veh24" depart="58.08" departLane="best" from="-230625607#2" to="-141968830" type="passenger"/>
    <trip id="veh25" depart="60.50" departLane="best" from="-318210373" to="-26991766#0" type="passenger"/>
    <trip id="veh26" depart="62.92" departLane="best" from="-190083608#1" to="38159999#0" type="passenger"/>
    <trip id="veh27" depart="65.34" departLane="best" from="320744674#0" to="-318210367#0" type="passenger"/>
    <trip id="veh29" depart="70.18" departLane="best" from="46039050#0" to="142575656#15" type="passenger"/>
    <trip id="veh30" depart="72.60" departLane="best" from="-28888490" to="-206579062#2" type="passenger"/>
    <trip id="veh31" depart="75.02" departLane="best" from="142575704#2" to="-24214694#5" type="passenger"/>
    <trip id="veh32" depart="77.44" departLane="best" from="135777011#5" to="-172014854#2" type="passenger"/>
    <trip id="veh33" depart="79.86" departLane="best" from="81639685#0" to="142575688#3" type="passenger"/>
    <trip id="veh34" depart="82.28" departLane="best" from="26991766#2" to="-81639678#0" type="passenger"/>
    <trip id="veh35" depart="84.70" departLane="best" from="-142575688#11" to="-52460499#6" type="passenger"/>
    <trip id="veh36" depart="87.12" departLane="best" from="81639678#1" to="142575690#5" type="passenger"/>
    <trip id="veh38" depart="91.96" departLane="best" from="-142575656#0" to="147859763#4" type="passenger"/>
    <trip id="veh39" depart="94.38" departLane="best" from="146511467" to="142575691#2" type="passenger"/>
    <trip id="veh40" depart="96.80" departLane="best" from="-28888490" to="143308532#2" type="passenger"/>
    <trip id="veh41" depart="99.22" departLane="best" from="-142575695#1" to="141968823" type="passenger"/>
    <trip id="veh42" depart="101.64" departLane="best" from="142575656#5" to="38507369#0" type="passenger"/>
    <trip id="veh43" depart="104.06" departLane="best" from="142575688#11" to="-143308562#2" type="passenger"/>
    <trip id="veh44" depart="106.48" departLane="best" from="43660343" to="314415495#3" type="passenger"/>
    <trip id="veh45" depart="108.90" departLane="best" from="-314415495#8" to="143308527#6" type="passenger"/>
    <trip id="veh46" depart="111.32" departLane="best" from="143308542#9" to="-142575704#8" type="passenger"/>
    <trip id="veh47" depart="113.74" departLane="best" from="230625607#2" to="142575692#0" type="passenger"/>
    <trip id="veh48" depart="116.16" departLane="best" from="25382187" to="142575690#6" type="passenger"/>
    <trip id="veh49" depart="118.58" departLane="best" from="-142575656#15" to="320744688" type="passenger"/>
    <trip id="veh50" depart="120.99" departLane="best" from="320744687" to="292525973" type="passenger"/>
    <trip id="veh51" depart="123.41" departLane="best" from="-318210369#1" to="-142575656#9" type="passenger"/>
    <trip id="veh53" depart="128.25" departLane="best" from="-142575690#4" to="142575667#0" type="passenger"/>
    <trip id="veh54" depart="130.67" departLane="best" from="-142575688#4" to="206579057" type="passenger"/>
    <trip id="veh55" depart="133.09" departLane="best" from="24214694#1" to="-142575699#0" type="passenger"/>
    <trip id="veh56" depart="135.51" departLane="best" from="142575661#3" to="142575692#5" type="passenger"/>
    <trip id="veh57" depart="137.93" departLane="best" from="-28888490" to="314415495#4" type="passenger"/>
    <trip id="veh58" depart="140.35" departLane="best" from="141968830" to="-172013798#0" type="passenger"/>
    <trip id="veh59" depart="142.77" departLane="best" from="142575693#4" to="147859765#1" type="passenger"/>
    <trip id="veh60" depart="145.19" departLane="best" from="-172013798#1" to="-318210361#1" type="passenger"/>
    <trip id="veh61" depart="147.61" departLane="best" from="141968853#1" to="142575688#8" type="passenger"/>
    <trip id="veh62" depart="150.03" departLane="best" from="-320741893" to="142575701#1" type="passenger"/>
    <trip id="veh63" depart="152.45" departLane="best" from="-230625607#2" to="-190083608#0" type="passenger"/>
    <trip id="veh64" depart="154.87" departLane="best" from="-142575688#6" to="143308527#6" type="passenger"/>
    <trip id="veh65" depart="157.29" departLane="best" from="-230625607#1" to="318210378#2" type="passenger"/>
    <trip id="veh66" depart="159.71" departLane="best" from="318210371#1" to="-142575661#2" type="passenger"/>
    <trip id="veh67" depart="162.13" departLane="best" from="52243916#1" to="142575695#1" type="passenger"/>
    <trip id="veh68" depart="164.55" departLane="best" from="142575661#1" to="24214694#2" type="passenger"/>
    <trip id="veh70" depart="169.39" departLane="best" from="-142575694#0" to="141968810" type="passenger"/>
    <trip id="veh71" depart="171.81" departLane="best" from="141968830" to="142575656#8" type="passenger"/>
    <trip id="veh72" depart="174.23" departLane="best" from="190083616" to="143308546#18" type="passenger"/>
    <trip id="veh73" depart="176.65" departLane="best" from="81639675#0" to="-142575688#5" type="passenger"/>
    <trip id="veh74" depart="179.07" departLane="best" from="318210371#3" to="-206579063#0" type="passenger"/>
    <trip id="veh75" depart="181.49" departLane="best" from="-147859763#7" to="141968913" type="passenger"/>
    <trip id="veh76" depart="183.91" departLane="best" from="141968830" to="-283317455#1" type="passenger"/>
    <trip id="veh77" depart="186.33" departLane="best" from="-26991766#6" to="320744687" type="passenger"/>
    <trip id="veh78" depart="188.75" departLane="best" from="142575699#3" to="-142575656#3" type="passenger"/>
    <trip id="veh80" depart="193.59" departLane="best" from="314415495#9" to="-143308505#2" type="passenger"/>
    <trip id="veh81" depart="196.01" departLane="best" from="137483015#2" to="-142575658#0" type="passenger"/>
    <trip id="veh82" depart="198.43" departLane="best" from="12749623" to="71028774#1" type="passenger"/>
    <trip id="veh83" depart="200.85" departLane="best" from="-28888490" to="24214694#1" type="passenger"/>
    <trip id="veh84" depart="203.27" departLane="best" from="142575656#6" to="-81639678#0" type="passenger"/>
    <trip id="veh86" depart="208.11" departLane="best" from="142575704#0" to="147859763#2" type="passenger"/>
    <trip id="veh87" depart="210.53" departLane="best" from="-143308505#2" to="-314415495#15" type="passenger"/>
    <trip id="veh89" depart="215.37" departLane="best" from="142575694#0" to="180239847" type="passenger"/>
    <trip id="veh90" depart="217.79" departLane="best" from="142575688#3" to="31050366#0" type="passenger"/>
    <trip id="veh91" depart="220.21" departLane="best" from="-143308527#1" to="46039050#4" type="passenger"/>
    <trip id="veh92" depart="222.63" departLane="best" from="143308532#8" to="143308546#19" type="passenger"/>
    <trip id="veh93" depart="225.05" departLane="best" from="-24214694#3" to="-142575691#1" type="passenger"/>
    <trip id="veh94" depart="227.47" departLane="best" from="38160000" to="-206579062#2" type="passenger"/>
    <trip id="veh95" depart="229.89" departLane="best" from="143308532#8" to="143308527#0" type="passenger"/>
    <trip id="veh96" depart="232.31" departLane="best" from="141968830" to="142575699#1" type="passenger"/>
    <trip id="veh97" depart="234.73" departLane="best" from="142575690#5" to="320744688" type="passenger"/>
    <trip id="veh99" depart="239.57" departLane="best" from="145586635" to="-314415495#19" type="passenger"/>
    <trip id="veh100" depart="241.99" departLane="best" from="-318210377#0" to="190083608#1" type="passenger"/>
    <trip id="veh101" depart="244.41" departLane="best" from="-142575688#7" to="-172013798#1" type="passenger"/>
    <trip id="veh102" depart="246.83" departLane="best" from="-28888490" to="320744688" type="passenger"/>
    <trip id="veh103" depart="249.25" departLane="best" from="143308562#2" to="-135777011#5" type="passenger"/>
    <trip id="veh106" depart="256.51" departLane="best" from="-142575704#3" to="-142575690#6" type="passenger"/>
    <trip id="veh107" depart="258.93" departLane="best" from="-142575695#1" to="142575692#5" type="passenger"/>
    <trip id="veh108" depart="261.35" departLane="best" from="-31050366#1" to="142575704#7" type="passenger"/>
    <trip id="veh109" depart="263.77" departLane="best" from="142575679#3" to="318210378#2" type="passenger"/>
    <trip id="veh110" depart="266.19" departLane="best" from="314415495#7" to="-142575688#11" type="passenger"/>
    <trip id="veh111" depart="268.61" departLane="best" from="141968830" to="-26991766#7" type="passenger"/>
    <trip id="veh112" depart="271.03" departLane="best" from="-137483015#2" to="206579084" type="passenger"/>
    <trip id="veh114" depart="275.87" departLane="best" from="190083618#0" to="142575692#5" type="passenger"/>
    <trip id="veh115" depart="278.29" departLane="best" from="141968844#0" to="-135777011#5" type="passenger"/>
    <trip id="veh116" depart="280.71" departLane="best" from="-142575688#8" to="318210363#0" type="passenger"/>
    <trip id="veh117" depart="283.13" departLane="best" from="43660343" to="142575692#5" type="passenger"/>
    <trip id="veh118" depart="285.55" departLane="best" from="314415495#17" to="142575699#1" type="passenger"/>
    <trip id="veh119" depart="287.97" departLane="best" from="-143308493#1" to="-142575695#0" type="passenger"/>
    <trip id="veh120" depart="290.39" departLane="best" from="-318210369#1" to="318210378#2" type="passenger"/>
    <trip id="veh121" depart="292.81" departLane="best" from="-26991766#5" to="-142575688#8" type="passenger"/>
    <trip id="veh122" depart="295.23" departLane="best" from="25382187" to="318210364" type="passenger"/>
    <trip id="veh123" depart="297.65" departLane="best" from="141968807" to="143308527#1" type="passenger"/>
    <trip id="veh124" depart="300.07" departLane="best" from="-143308505#2" to="320744688" type="passenger"/>
    <trip id="veh126" depart="304.91" departLane="best" from="-142575656#6" to="172013798#0" type="passenger"/>
    <trip id="veh127" depart="307.33" departLane="best" from="-318210378#2" to="320744688" type="passenger"/>
    <trip id="veh130" depart="314.59" departLane="best" from="25382187" to="-142575690#1" type="passenger"/>
    <trip id="veh131" depart="317.01" departLane="best" from="320741893" to="314415495#10" type="passenger"/>
    <trip id="veh132" depart="319.43" departLane="best" from="-206579063#0" to="28888490" type="passenger"/>
    <trip id="veh133" depart="321.85" departLane="best" from="142575656#9" to="-314415495#5" type="passenger"/>
    <trip id="veh134" depart="324.27" departLane="best" from="26991766#4" to="-190083616" type="passenger"/>
    <trip id="veh135" depart="326.69" departLane="best" from="-318210378#2" to="314415495#14" type="passenger"/>
    <trip id="veh137" depart="331.53" departLane="best" from="81639675#0" to="142575691#2" type="passenger"/>
    <trip id="veh138" depart="333.95" departLane="best" from="52460499#6" to="-142575690#6" type="passenger"/>
    <trip id="veh140" depart="338.79" departLane="best" from="-142575695#1" to="141968823" type="passenger"/>
    <trip id="veh141" depart="341.21" departLane="best" from="190083616" to="-318210362" type="passenger"/>
    <trip id="veh142" depart="343.63" departLane="best" from="12749623" to="142575695#1" type="passenger"/>
    <trip id="veh143" depart="346.05" departLane="best" from="-28888490" to="143308562#5" type="passenger"/>
    <trip id="veh144" depart="348.47" departLane="best" from="-137483015#0" to="320744688" type="passenger"/>
    <trip id="veh145" depart="350.89" departLane="best" from="142575693#3" to="147859763#3" type="passenger"/>
    <trip id="veh146" depart="353.31" departLane="best" from="206579057" to="143308546#16" type="passenger"/>
    <trip id="veh147" depart="355.73" departLane="best" from="-71028777#0" to="-142575661#2" type="passenger"/>
    <trip id="veh150" depart="362.98" departLane="best" from="190083608#2" to="-314415495#19" type="passenger"/>
    <trip id="veh152" depart="367.82" departLane="best" from="137483015#3" to="-314415495#15" type="passenger"/>
    <trip id="veh153" depart="370.24" departLane="best" from="-142575704#1" to="-81639678#0" type="passenger"/>
    <trip id="veh154" depart="372.66" departLane="best" from="52460499#6" to="143308546#21" type="passenger"/>
    <trip id="veh155" depart="375.08" departLane="best" from="43660343" to="143308505#0" type="passenger"/>
    <trip id="veh156" depart="377.50" departLane="best" from="-314415495#9" to="142575692#5" type="passenger"/>
    <trip id="veh157" depart="379.92" departLane="best" from="141968844#2" to="142575695#1" type="passenger"/>
    <trip id="veh158" depart="382.34" departLane="best" from="143308562#2" to="142575656#7" type="passenger"/>
    <trip id="veh159" depart="384.76" departLane="best" from="142575656#0" to="-172013798#1" type="passenger"/>
    <trip id="veh160" depart="387.18" departLane="best" from="142575661#2" to="318210378#2" type="passenger"/>
    <trip id="veh161" depart="389.60" departLane="best" from="26991766#4" to="-143308527#1" type="passenger"/>
    <trip id="veh162" depart="392.02" departLane="best" from="143308546#4" to="-38159999#0" type="passenger"/>
    <trip id="veh163" depart="394.44" departLane="best" from="31050360#0" to="190083608#1" type="passenger"/>
    <trip id="veh164" depart="396.86" departLane="best" from="145586635" to="-190083610#0" type="passenger"/>
    <trip id="veh165" depart="399.28" departLane="best" from="-147859765#3" to="-141968830" type="passenger"/>
    <trip id="veh166" depart="401.70" departLane="best" from="-26991766#2" to="142575659#1" type="passenger"/>
    <trip id="veh167" depart="404.12" departLane="best" from="141968830" to="143308527#6" type="passenger"/>
    <trip id="veh168" depart="406.54" departLane="best" from="-147859765#0" to="143308549#1" type="passenger"/>
    <trip id="veh169" depart="408.96" departLane="best" from="142575679#8" to="-206579060#1" type="passenger"/>
    <trip id="veh170" depart="411.38" departLane="best" from="143308562#2" to="-135777011#5" type="passenger"/>
    <trip id="veh171" depart="413.80" departLane="best" from="-142575695#1" to="137483015#3" type="passenger"/>
    <trip id="veh172" depart="416.22" departLane="best" from="-143308562#3" to="38507369#3" type="passenger"/>
    <trip id="veh173" depart="418.64" departLane="best" from="142575690#2" to="-142575656#3" type="passenger"/>
    <trip id="veh175" depart="423.48" departLane="best" from="145586635" to="71028777#1" type="passenger"/>
    <trip id="veh176" depart="425.90" departLane="best" from="143308542#0" to="38160000" type="passenger"/>
    <trip id="veh177" depart="428.32" departLane="best" from="38160001#0" to="143308493#1" type="passenger"/>
    <trip id="veh178" depart="430.74" departLane="best" from="190083608#1" to="142575688#1" type="passenger"/>
    <trip id="veh179" depart="433.16" departLane="best" from="314415495#13" to="142575692#5" type="passenger"/>
    <trip id="veh180" depart="435.58" departLane="best" from="142575661#3" to="-24214694#2" type="passenger"/>
    <trip id="veh181" depart="438.00" departLane="best" from="-26991766#4" to="143308527#6" type="passenger"/>
    <trip id="veh182" depart="440.42" departLane="best" from="143308546#2" to="-26991766#5" type="passenger"/>
    <trip id="veh183" depart="442.84" departLane="best" from="-142575689" to="-314415495#0" type="passenger"/>
    <trip id="veh184" depart="445.26" departLane="best" from="-31050366#0" to="-318210371#0" type="passenger"/>
    <trip id="veh185" depart="447.68" departLane="best" from="142575693#4" to="-142575704#0" type="passenger"/>
    <trip id="veh186" depart="450.10" departLane="best" from="-24214694#0" to="143308549#1" type="passenger"/>
    <trip id="veh187" depart="452.52" departLane="best" from="172013798#2" to="-142575659#1" type="passenger"/>
    <trip id="veh188" depart="454.94" departLane="best" from="141968807" to="142575692#3" type="passenger"/>
    <trip id="veh189" depart="457.36" departLane="best" from="141968830" to="-147859765#1" type="passenger"/>
    <trip id="veh190" depart="459.78" departLane="best" from="141968830" to="318210378#2" type="passenger"/>
    <trip id="veh191" depart="462.20" departLane="best" from="143308527#0" to="143308549#1" type="passenger"/>
    <trip id="veh192" depart="464.62" departLane="best" from="318210369#1" to="206579063#0" type="passenger"/>
    <trip id="veh193" depart="467.04" departLane="best" from="12749623" to="-135777011#5" type="passenger"/>
    <trip id="veh194" depart="469.46" departLane="best" from="-38507369#2" to="190083608#2" type="passenger"/>
    <trip id="veh195" depart="471.88" departLane="best" from="318210364" to="38507369#0" type="passenger"/>
    <trip id="veh196" depart="474.30" departLane="best" from="141968830" to="180239847" type="passenger"/>
    <trip id="veh197" depart="476.72" departLane="best" from="142575699#0" to="142575704#6" type="passenger"/>
    <trip id="veh198" depart="479.14" departLane="best" from="-206579062#2" to="-172014854#2" type="passenger"/>
    <trip id="veh199" depart="481.56" departLane="best" from="-318210386#2" to="143308546#22" type="passenger"/>
    <trip id="veh200" depart="483.98" departLane="best" from="137483015#5" to="-143308505#1" type="passenger"/>
    <trip id="veh201" depart="486.40" departLane="best" from="142575659#1" to="-142575695#0" type="passenger"/>
    <trip id="veh202" depart="488.82" departLane="best" from="143308546#17" to="-141968830" type="passenger"/>
    <trip id="veh203" depart="491.24" departLane="best" from="135777011#5" to="142575694#0" type="passenger"/>
    <trip id="veh204" depart="493.66" departLane="best" from="-142575656#8" to="143308532#5" type="passenger"/>
    <trip id="veh205" depart="496.08" departLane="best" from="-142575704#4" to="142575656#5" type="passenger"/>
    <trip id="veh206" depart="498.50" departLane="best" from="-142575674#3" to="-52460499#6" type="passenger"/>
    <trip id="veh207" depart="500.92" departLane="best" from="-190083608#2" to="-318210377#0" type="passenger"/>
    <trip id="veh208" depart="503.34" departLane="best" from="230625607#1" to="-52460499#6" type="passenger"/>
    <trip id="veh209" depart="505.76" departLane="best" from="206579084" to="292525973" type="passenger"/>
    <trip id="veh210" depart="508.18" departLane="best" from="-26991766#7" to="-142575679#4" type="passenger"/>
    <trip id="veh211" depart="510.60" departLane="best" from="-142575656#15" to="142575692#0" type="passenger"/>
    <trip id="veh213" depart="515.44" departLane="best" from="143308562#2" to="230625607#2" type="passenger"/>
    <trip id="veh214" depart="517.86" departLane="best" from="143308562#2" to="190083608#3" type="passenger"/>
    <trip id="veh215" depart="520.28" departLane="best" from="52460499#6" to="-147859763#4" type="passenger"/>
    <trip id="veh216" depart="522.70" departLane="best" from="-142575656#15" to="-142575704#7" type="passenger"/>
    <trip id="veh217" depart="525.12" departLane="best" from="-142575704#0" to="143308546#15" type="passenger"/>
    <trip id="veh218" depart="527.54" departLane="best" from="142575704#3" to="-172014854#1" type="passenger"/>
    <trip id="veh219" depart="529.96" departLane="best" from="147859765#3" to="206579063#1" type="passenger"/>
    <trip id="veh220" depart="532.38" departLane="best" from="-143308527#6" to="142575704#9" type="passenger"/>
    <trip id="veh221" depart="534.80" departLane="best" from="206579063#1" to="-142575690#5" type="passenger"/>
    <trip id="veh222" depart="537.22" departLane="best" from="31050360#0" to="46039051#0" type="passenger"/>
    <trip id="veh223" depart="539.64" departLane="best" from="-142575695#1" to="-141968830" type="passenger"/>
    <trip id="veh224" depart="542.06" departLane="best" from="-318210371#2" to="143308546#21" type="passenger"/>
    <trip id="veh226" depart="546.90" departLane="best" from="180239858#0" to="-142575673#1" type="passenger"/>
    <trip id="veh227" depart="549.32" departLane="best" from="147859763#7" to="143308527#6" type="passenger"/>
    <trip id="veh229" depart="554.16" departLane="best" from="318210361#0" to="142575704#4" type="passenger"/>
    <trip id="veh230" depart="556.58" departLane="best" from="-142575699#3" to="71028774#0" type="passenger"/>
    <trip id="veh231" depart="559.00" departLane="best" from="25382187" to="-38507369#2" type="passenger"/>
    <trip id="veh232" depart="561.42" departLane="best" from="142575688#5" to="-38159999#5" type="passenger"/>
    <trip id="veh233" depart="563.84" departLane="best" from="318210361#0" to="292525973" type="passenger"/>
    <trip id="veh234" depart="566.26" departLane="best" from="-142575695#1" to="46039050#4" type="passenger"/>
    <trip id="veh235" depart="568.68" departLane="best" from="143308546#8" to="292525973" type="passenger"/>
    <trip id="veh236" depart="571.10" departLane="best" from="172013798#2" to="141968844#0" type="passenger"/>
    <trip id="veh237" depart="573.52" departLane="best" from="190083616" to="46150483" type="passenger"/>
    <trip id="veh238" depart="575.94" departLane="best" from="-31050360#1" to="28888490" type="passenger"/>
    <trip id="veh239" depart="578.36" departLane="best" from="142575693#3" to="142575661#4" type="passenger"/>
    <trip id="veh240" depart="580.78" departLane="best" from="141968844#5" to="147859765#2" type="passenger"/>
    <trip id="veh241" depart="583.20" departLane="best" from="-28888490" to="31050366#0" type="passenger"/>
    <trip id="veh242" depart="585.62" departLane="best" from="314415495#13" to="-142575679#8" type="passenger"/>
    <trip id="veh243" depart="588.04" departLane="best" from="33690600" to="-206579060#1" type="passenger"/>
    <trip id="veh244" depart="590.46" departLane="best" from="142575658#2" to="143308493#0" type="passenger"/>
    <trip id="veh245" depart="592.88" departLane="best" from="12749623" to="-141968830" type="passenger"/>
    <trip id="veh246" depart="595.30" departLane="best" from="318210363#0" to="-143308562#2" type="passenger"/>
    <trip id="veh247" depart="597.72" departLane="best" from="-190083608#2" to="26991766#4" type="passenger"/>
    <trip id="veh248" depart="600.14" departLane="best" from="147859766" to="-26991766#6" type="passenger"/>
    <trip id="veh249" depart="602.56" departLane="best" from="-141968853#2" to="38159999#5" type="passenger"/>
    <trip id="veh250" depart="604.97" departLane="best" from="-142575690#4" to="147859763#3" type="passenger"/>
    <trip id="veh251" depart="607.39" departLane="best" from="142575679#3" to="190083610#1" type="passenger"/>
    <trip id="veh252" depart="609.81" departLane="best" from="142575679#5" to="26991766#0" type="passenger"/>
    <trip id="veh253" depart="612.23" departLane="best" from="-142575691#1" to="-190083608#1" type="passenger"/>
    <trip id="veh254" depart="614.65" departLane="best" from="147859763#8" to="-314415495#6" type="passenger"/>
    <trip id="veh255" depart="617.07" departLane="best" from="143308505#1" to="142575659#0" type="passenger"/>
    <trip id="veh256" depart="619.49" departLane="best" from="142575691#4" to="137483015#3" type="passenger"/>
    <trip id="veh257" depart="621.91" departLane="best" from="206579062#1" to="-318210386#2" type="passenger"/>
    <trip id="veh258" depart="624.33" departLane="best" from="16942869" to="-26991766#3" type="passenger"/>
    <trip id="veh259" depart="626.75" departLane="best" from="-26991766#7" to="-142575691#1" type="passenger"/>
    <trip id="veh261" depart="631.59" departLane="best" from="142575674#2" to="147859763#7" type="passenger"/>
    <trip id="veh263" depart="636.43" departLane="best" from="-314415495#13" to="-142575688#7" type="passenger"/>
    <trip id="veh264" depart="638.85" departLane="best" from="-147859765#0" to="-190083616" type="passenger"/>
    <trip id="veh265" depart="641.27" departLane="best" from="-143308570" to="-135777011#5" type="passenger"/>
    <trip id="veh266" depart="643.69" departLane="best" from="142575692#2" to="-26991766#5" type="passenger"/>
    <trip id="veh268" depart="648.53" departLane="best" from="318210388#0" to="142575674#2" type="passenger"/>
    <trip id="veh269" depart="650.95" departLane="best" from="320741893" to="142575695#1" type="passenger"/>
    <trip id="veh270" depart="653.37" departLane="best" from="142575659#2" to="141968844#3" type="passenger"/>
    <trip id="veh271" depart="655.79" departLane="best" from="-147859763#2" to="-142575656#5" type="passenger"/>
    <trip id="veh272" depart="658.21" departLane="best" from="52460499#6" to="142575661#0" type="passenger"/>
    <trip id="veh274" depart="663.05" departLane="best" from="-142575688#8" to="143308527#6" type="passenger"/>
    <trip id="veh275" depart="665.47" departLane="best" from="-142575679#4" to="-142575704#5" type="passenger"/>
    <trip id="veh276" depart="667.89" departLane="best" from="142575704#3" to="-314415495#4" type="passenger"/>
    <trip id="veh277" depart="670.31" departLane="best" from="81639675#2" to="-142575691#0" type="passenger"/>
    <trip id="veh278" depart="672.73" departLane="best" from="24214694#0" to="142575704#8" type="passenger"/>
    <trip id="veh279" depart="675.15" departLane="best" from="26991766#1" to="-190083610#1" type="passenger"/>
    <trip id="veh280" depart="677.57" departLane="best" from="142575690#5" to="142575656#0" type="passenger"/>
    <trip id="veh281" depart="679.99" departLane="best" from="81639675#0" to="-314415495#5" type="passenger"/>
    <trip id="veh282" depart="682.41" departLane="best" from="143308546#16" to="142575710#0" type="passenger"/>
    <trip id="veh283" depart="684.83" departLane="best" from="190083618#0" to="38159999#3" type="passenger"/>
    <trip id="veh284" depart="687.25" departLane="best" from="-172014854#2" to="-147859765#3" type="passenger"/>
    <trip id="veh285" depart="689.67" departLane="best" from="143308587#0" to="-142575709" type="passenger"/>
    <trip id="veh286" depart="692.09" departLane="best" from="-143308527#6" to="-142575673#0" type="passenger"/>
    <trip id="veh287" depart="694.51" departLane="best" from="-137483015#0" to="142575656#0" type="passenger"/>
    <trip id="veh288" depart="696.93" departLane="best" from="143308532#8" to="-314415495#12" type="passenger"/>
    <trip id="veh289" depart="699.35" departLane="best" from="16942869" to="142575656#10" type="passenger"/>
    <trip id="veh290" depart="701.77" departLane="best" from="147859763#4" to="320744687" type="passenger"/>
    <trip id="veh291" depart="704.19" departLane="best" from="25382187" to="143308527#6" type="passenger"/>
    <trip id="veh292" depart="706.61" departLane="best" from="143308587#0" to="320744688" type="passenger"/>
    <trip id="veh293" depart="709.03" departLane="best" from="141968830" to="142575692#5" type="passenger"/>
    <trip id="veh294" depart="711.45" departLane="best" from="143308562#2" to="318210378#2" type="passenger"/>
    <trip id="veh295" depart="713.87" departLane="best" from="314415495#10" to="-142575661#3" type="passenger"/>
    <trip id="veh296" depart="716.29" departLane="best" from="-143308527#6" to="-314415495#7" type="passenger"/>
    <trip id="veh297" depart="718.71" departLane="best" from="206579064#0" to="142575695#1" type="passenger"/>
    <trip id="veh298" depart="721.13" departLane="best" from="-314415495#18" to="-142575694#0" type="passenger"/>
    <trip id="veh299" depart="723.55" departLane="best" from="147859763#5" to="143308549#1" type="passenger"/>
    <trip id="veh300" depart="725.97" departLane="best" from="52460499#6" to="142575679#7" type="passenger"/>
    <trip id="veh301" depart="728.39" departLane="best" from="-142575661#0" to="141968810" type="passenger"/>
    <trip id="veh302" depart="730.81" departLane="best" from="-318210378#2" to="-206579064#2" type="passenger"/>
    <trip id="veh303" depart="733.23" departLane="best" from="-142575691#0" to="46039050#4" type="passenger"/>
    <trip id="veh304" depart="735.65" departLane="best" from="145586635" to="-26991766#2" type="passenger"/>
    <trip id="veh305" depart="738.07" departLane="best" from="-142575661#1" to="190083610#0" type="passenger"/>
    <trip id="veh306" depart="740.49" departLane="best" from="142575679#5" to="-142575688#10" type="passenger"/>
    <trip id="veh307" depart="742.91" departLane="best" from="-38160000" to="-320741893" type="passenger"/>
    <trip id="veh308" depart="745.33" departLane="best" from="145586635" to="314415495#10" type="passenger"/>
    <trip id="veh309" depart="747.75" departLane="best" from="-318210378#2" to="143308549#1" type="passenger"/>
    <trip id="veh310" depart="750.17" departLane="best" from="-314415495#18" to="38159999#2" type="passenger"/>
    <trip id="veh312" depart="755.01" departLane="best" from="142575656#5" to="-318210367#0" type="passenger"/>
    <trip id="veh313" depart="757.43" departLane="best" from="-318210378#2" to="48858191#3" type="passenger"/>
    <trip id="veh314" depart="759.85" departLane="best" from="137483015#5" to="142575688#6" type="passenger"/>
    <trip id="veh315" depart="762.27" departLane="best" from="81639675#0" to="143308542#7" type="passenger"/>
    <trip id="veh316" depart="764.69" departLane="best" from="142575694#0" to="-81639678#0" type="passenger"/>
    <trip id="veh317" depart="767.11" departLane="best" from="-147859763#4" to="-43660343" type="passenger"/>
    <trip id="veh318" depart="769.53" departLane="best" from="22762377" to="143308527#6" type="passenger"/>
    <trip id="veh319" depart="771.95" departLane="best" from="230625607#0" to="-147859763#8" type="passenger"/>
    <trip id="veh320" depart="774.37" departLane="best" from="142575699#2" to="320744688" type="passenger"/>
    <trip id="veh321" depart="776.79" departLane="best" from="141968853#1" to="143308549#1" type="passenger"/>
    <trip id="veh322" depart="779.21" departLane="best" from="-142575701#0" to="48858193#1" type="passenger"/>
    <trip id="veh323" depart="781.63" departLane="best" from="143308542#9" to="-190083616" type="passenger"/>
    <trip id="veh324" depart="784.05" departLane="best" from="-143308527#2" to="142575692#5" type="passenger"/>
    <trip id="veh325" depart="786.47" departLane="best" from="142575701#0" to="-142575688#12" type="passenger"/>
    <trip id="veh326" depart="788.89" departLane="best" from="81639675#0" to="318210388#0" type="passenger"/>
    <trip id="veh327" depart="791.31" departLane="best" from="142575658#0" to="-142575690#7" type="passenger"/>
    <trip id="veh328" depart="793.73" departLane="best" from="314415495#14" to="142575679#5" type="passenger"/>
    <trip id="veh329" depart="796.15" departLane="best" from="-31050366#2" to="292525975" type="passenger"/>
    <trip id="veh330" depart="798.57" departLane="best" from="81639675#0" to="-206579060#1" type="passenger"/>
    <trip id="veh331" depart="800.99" departLane="best" from="142575701#0" to="-52460499#6" type="passenger"/>
    <trip id="veh332" depart="803.41" departLane="best" from="48298278#0" to="142575688#12" type="passenger"/>
    <trip id="veh333" depart="805.83" departLane="best" from="326994261#0" to="314415495#14" type="passenger"/>
    <trip id="veh334" depart="808.25" departLane="best" from="-314415495#1" to="24733698#0" type="passenger"/>
    <trip id="veh335" depart="810.67" departLane="best" from="142575688#6" to="292525973" type="passenger"/>
    <trip id="veh336" depart="813.09" departLane="best" from="143308527#2" to="96834893" type="passenger"/>
    <trip id="veh337" depart="815.51" departLane="best" from="142575679#4" to="-142575704#5" type="passenger"/>
    <trip id="veh338" depart="817.93" departLane="best" from="142575701#0" to="142575692#5" type="passenger"/>
    <trip id="veh339" depart="820.35" departLane="best" from="142575656#6" to="-318210371#2" type="passenger"/>
    <trip id="veh340" depart="822.77" departLane="best" from="-147859763#5" to="143308549#1" type="passenger"/>
    <trip id="veh341" depart="825.19" departLane="best" from="142575704#9" to="-190083616" type="passenger"/>
    <trip id="veh342" depart="827.61" departLane="best" from="25382187" to="-142575656#10" type="passenger"/>
    <trip id="veh343" depart="830.03" departLane="best" from="206579062#1" to="143308555#2" type="passenger"/>
    <trip id="veh346" depart="837.29" departLane="best" from="81639675#0" to="142575679#3" type="passenger"/>
    <trip id="veh347" depart="839.71" departLane="best" from="-142575659#2" to="142575688#0" type="passenger"/>
    <trip id="veh348" depart="842.13" departLane="best" from="143308532#0" to="314415495#19" type="passenger"/>
    <trip id="veh349" depart="844.55" departLane="best" from="320741894#0" to="141968844#3" type="passenger"/>
    <trip id="veh350" depart="846.96" departLane="best" from="190083610#0" to="-81639678#0" type="passenger"/>
    <trip id="veh351" depart="849.38" departLane="best" from="143308562#2" to="-142575704#9" type="passenger"/>
    <trip id="veh352" depart="851.80" departLane="best" from="142575659#2" to="48858191#1" type="passenger"/>
    <trip id="veh353" depart="854.22" departLane="best" from="143308562#2" to="31050366#0" type="passenger"/>
    <trip id="veh354" depart="856.64" departLane="best" from="318210364" to="314415495#11" type="passenger"/>
    <trip id="veh355" depart="859.06" departLane="best" from="12749623" to="-318210369#0" type="passenger"/>
    <trip id="veh356" depart="861.48" departLane="best" from="320741893" to="-141968853#0" type="passenger"/>
    <trip id="veh357" depart="863.90" departLane="best" from="-142575688#4" to="143308527#6" type="passenger"/>
    <trip id="veh358" depart="866.32" departLane="best" from="46150483" to="81639685#0" type="passenger"/>
    <trip id="veh359" depart="868.74" departLane="best" from="206579063#0" to="141968823" type="passenger"/>
    <trip id="veh360" depart="871.16" departLane="best" from="-142575694#1" to="143308527#6" type="passenger"/>
    <trip id="veh361" depart="873.58" departLane="best" from="320741893" to="141968844#5" type="passenger"/>
    <trip id="veh362" depart="876.00" departLane="best" from="147859763#9" to="318210378#2" type="passenger"/>
    <trip id="veh363" depart="878.42" departLane="best" from="-142575673#0" to="26991766#2" type="passenger"/>
    <trip id="veh364" depart="880.84" departLane="best" from="-314415495#4" to="-52460499#6" type="passenger"/>
    <trip id="veh365" depart="883.26" departLane="best" from="-142575710#0" to="142575690#6" type="passenger"/>
    <trip id="veh366" depart="885.68" departLane="best" from="-143308527#6" to="-142575674#3" type="passenger"/>
    <trip id="veh367" depart="888.10" departLane="best" from="318210400#0" to="143308527#0" type="passenger"/>
    <trip id="veh368" depart="890.52" departLane="best" from="-26991766#0" to="318210388#0" type="passenger"/>
    <trip id="veh369" depart="892.94" departLane="best" from="-142575704#9" to="142575656#3" type="passenger"/>
    <trip id="veh370" depart="895.36" departLane="best" from="-283317455#1" to="-230625607#2" type="passenger"/>
    <trip id="veh371" depart="897.78" departLane="best" from="-141968853#2" to="283317455#0" type="passenger"/>
    <trip id="veh372" depart="900.20" departLane="best" from="43660343" to="143308546#21" type="passenger"/>
    <trip id="veh373" depart="902.62" departLane="best" from="-143308527#1" to="141968844#4" type="passenger"/>
    <trip id="veh374" depart="905.04" departLane="best" from="-38159999#3" to="142575701#0" type="passenger"/>
    <trip id="veh375" depart="907.46" departLane="best" from="143308552#1" to="137483015#2" type="passenger"/>
    <trip id="veh377" depart="912.30" departLane="best" from="-147859765#3" to="-71028774#0" type="passenger"/>
    <trip id="veh378" depart="914.72" departLane="best" from="142575674#2" to="-190083616" type="passenger"/>
    <trip id="veh379" depart="917.14" departLane="best" from="142575704#9" to="142575695#1" type="passenger"/>
    <trip id="veh380" depart="919.56" departLane="best" from="81639675#0" to="143308542#9" type="passenger"/>
    <trip id="veh381" depart="921.98" departLane="best" from="-31050366#2" to="142575694#1" type="passenger"/>
    <trip id="veh382" depart="924.40" departLane="best" from="-142575674#1" to="142575704#8" type="passenger"/>
    <trip id="veh383" depart="926.82" departLane="best" from="142575688#1" to="318210378#2" type="passenger"/>
    <trip id="veh384" depart="929.24" departLane="best" from="143308542#5" to="-43660343" type="passenger"/>
    <trip id="veh385" depart="931.66" departLane="best" from="143308546#8" to="143308527#1" type="passenger"/>
    <trip id="veh386" depart="934.08" departLane="best" from="145586635" to="147859763#4" type="passenger"/>
    <trip id="veh388" depart="938.92" departLane="best" from="143308546#21" to="318210378#2" type="passenger"/>
    <trip id="veh389" depart="941.34" departLane="best" from="143308562#2" to="-314415495#8" type="passenger"/>
    <trip id="veh390" depart="943.76" departLane="best" from="141968913" to="142575695#1" type="passenger"/>
    <trip id="veh391" depart="946.18" departLane="best" from="190083616" to="-142575688#1" type="passenger"/>
    <trip id="veh392" depart="948.60" departLane="best" from="-314415495#5" to="180239847" type="passenger"/>
    <trip id="veh393" depart="951.02" departLane="best" from="-143308527#6" to="-142575699#2" type="passenger"/>
    <trip id="veh394" depart="953.44" departLane="best" from="142575693#4" to="48858192#1" type="passenger"/>
    <trip id="veh395" depart="955.86" departLane="best" from="142575691#4" to="318210388#0" type="passenger"/>
    <trip id="veh396" depart="958.28" departLane="best" from="314415495#13" to="-24214694#0" type="passenger"/>
    <trip id="veh397" depart="960.70" departLane="best" from="314415495#1" to="142575661#3" type="passenger"/>
    <trip id="veh398" depart="963.12" departLane="best" from="-33690600" to="-142575690#6" type="passenger"/>
    <trip id="veh399" depart="965.54" departLane="best" from="71028777#4" to="-142575704#1" type="passenger"/>
    <trip id="veh401" depart="970.38" departLane="best" from="190083610#1" to="52243916#1" type="passenger"/>
    <trip id="veh402" depart="972.80" departLane="best" from="142575656#5" to="143308546#18" type="passenger"/>
    <trip id="veh403" depart="975.22" departLane="best" from="145586635" to="142575699#2" type="passenger"/>
    <trip id="veh404" depart="977.64" departLane="best" from="31050366#1" to="326994261#0" type="passenger"/>
    <trip id="veh405" depart="980.06" departLane="best" from="-142575695#1" to="-190083616" type="passenger"/>
    <trip id="veh406" depart="982.48" departLane="best" from="-142575656#6" to="318210364" type="passenger"/>
    <trip id="veh407" depart="984.90" departLane="best" from="142575704#2" to="318210395" type="passenger"/>
    <trip id="veh408" depart="987.32" departLane="best" from="-206579062#2" to="-142575659#0" type="passenger"/>
    <trip id="veh410" depart="992.16" departLane="best" from="-142575704#4" to="142575656#10" type="passenger"/>
    <trip id="veh411" depart="994.58" departLane="best" from="145586635" to="172014854#1" type="passenger"/>
    <trip id="veh412" depart="997.00" departLane="best" from="52460499#6" to="-81639678#0" type="passenger"/>
    <trip id="veh413" depart="999.42" departLane="best" from="206579057" to="-142575704#9" type="passenger"/>
    <trip id="veh414" depart="1001.84" departLane="best" from="141968830" to="-142575688#6" type="passenger"/>
    <trip id="veh416" depart="1006.68" departLane="best" from="-71028777#4" to="141968844#5" type="passenger"/>
    <trip id="veh417" depart="1009.10" departLane="best" from="52460499#6" to="31050366#2" type="passenger"/>
    <trip id="veh418" depart="1011.52" departLane="best" from="142575694#1" to="52081075#3" type="passenger"/>
    <trip id="veh420" depart="1016.36" departLane="best" from="314415495#9" to="142575656#11" type="passenger"/>
    <trip id="veh421" depart="1018.78" departLane="best" from="143308542#11" to="-141968830" type="passenger"/>
    <trip id="veh422" depart="1021.20" departLane="best" from="25382187" to="-206579060#1" type="passenger"/>
    <trip id="veh423" depart="1023.62" departLane="best" from="-142575688#4" to="206579063#0" type="passenger"/>
    <trip id="veh424" depart="1026.04" departLane="best" from="318210395" to="-318210378#0" type="passenger"/>
    <trip id="veh425" depart="1028.46" departLane="best" from="-137483015#0" to="314415495#10" type="passenger"/>
    <trip id="veh426" depart="1030.88" departLane="best" from="-142575709" to="-142575699#1" type="passenger"/>
    <trip id="veh427" depart="1033.30" departLane="best" from="-26991766#6" to="-143308562#2" type="passenger"/>
    <trip id="veh428" depart="1035.72" departLane="best" from="143308587#0" to="-141968830" type="passenger"/>
    <trip id="veh429" depart="1038.14" departLane="best" from="-24733698#0" to="-318210371#3" type="passenger"/>
    <trip id="veh430" depart="1040.56" departLane="best" from="-143308527#6" to="-142575656#5" type="passenger"/>
    <trip id="veh431" depart="1042.98" departLane="best" from="206579057" to="142575690#3" type="passenger"/>
    <trip id="veh432" depart="1045.40" departLane="best" from="206579062#1" to="142575659#2" type="passenger"/>
    <trip id="veh433" depart="1047.82" departLane="best" from="25382187" to="142575688#5" type="passenger"/>
    <trip id="veh434" depart="1050.24" departLane="best" from="-142575695#1" to="142575688#1" type="passenger"/>
    <trip id="veh435" depart="1052.66" departLane="best" from="52460499#6" to="-142575656#10" type="passenger"/>
    <trip id="veh436" depart="1055.08" departLane="best" from="25382187" to="314415495#17" type="passenger"/>
    <trip id="veh437" depart="1057.50" departLane="best" from="142575690#5" to="142575656#14" type="passenger"/>
    <trip id="veh438" depart="1059.92" departLane="best" from="43660343" to="-142575661#4" type="passenger"/>
    <trip id="veh439" depart="1062.34" departLane="best" from="-142575690#1" to="142575704#9" type="passenger"/>
    <trip id="veh440" depart="1064.76" departLane="best" from="-142575688#12" to="-26991766#5" type="passenger"/>
    <trip id="veh441" depart="1067.18" departLane="best" from="143308546#4" to="142575692#5" type="passenger"/>
    <trip id="veh442" depart="1069.60" departLane="best" from="16942869" to="31050366#0" type="passenger"/>
    <trip id="veh443" depart="1072.02" departLane="best" from="143308562#2" to="206579064#2" type="passenger"/>
    <trip id="veh444" depart="1074.44" departLane="best" from="142575656#15" to="-190083616" type="passenger"/>
    <trip id="veh445" depart="1076.86" departLane="best" from="-33690600" to="142575656#10" type="passenger"/>
    <trip id="veh446" depart="1079.28" departLane="best" from="141968830" to="-142575688#3" type="passenger"/>
    <trip id="veh447" depart="1081.70" departLane="best" from="141968830" to="143308546#12" type="passenger"/>
    <trip id="veh448" depart="1084.12" departLane="best" from="12749623" to="-142575704#7" type="passenger"/>
    <trip id="veh449" depart="1086.54" departLane="best" from="48298278#0" to="-142575661#0" type="passenger"/>
    <trip id="veh450" depart="1088.95" departLane="best" from="314415495#14" to="-142575688#12" type="passenger"/>
    <trip id="veh452" depart="1093.79" departLane="best" from="143308527#2" to="142575693#4" type="passenger"/>
    <trip id="veh453" depart="1096.21" departLane="best" from="-318210378#2" to="-142575691#2" type="passenger"/>
    <trip id="veh454" depart="1098.63" departLane="best" from="206579064#0" to="314415495#18" type="passenger"/>
    <trip id="veh455" depart="1101.05" departLane="best" from="190083608#3" to="48858191#1" type="passenger"/>
    <trip id="veh456" depart="1103.47" departLane="best" from="143308542#13" to="-43660343" type="passenger"/>
    <trip id="veh457" depart="1105.89" departLane="best" from="143308493#2" to="-172013798#1" type="passenger"/>
    <trip id="veh458" depart="1108.31" departLane="best" from="143308562#2" to="-190083610#0" type="passenger"/>
    <trip id="veh460" depart="1113.15" departLane="best" from="-71028777#2" to="206579061" type="passenger"/>
    <trip id="veh461" depart="1115.57" departLane="best" from="142575710#0" to="28888490" type="passenger"/>
    <trip id="veh462" depart="1117.99" departLane="best" from="314415495#7" to="52081075#0" type="passenger"/>
    <trip id="veh463" depart="1120.41" departLane="best" from="143308562#2" to="-141968830" type="passenger"/>
    <trip id="veh464" depart="1122.83" departLane="best" from="48858193#1" to="292525973" type="passenger"/>
    <trip id="veh465" depart="1125.25" departLane="best" from="-28888490" to="-143308562#2" type="passenger"/>
    <trip id="veh466" depart="1127.67" departLane="best" from="16942869" to="-314415495#8" type="passenger"/>
    <trip id="veh467" depart="1130.09" departLane="best" from="-38159999#0" to="-135777011#5" type="passenger"/>
    <trip id="veh468" depart="1132.51" departLane="best" from="318210395" to="142575695#1" type="passenger"/>
    <trip id="veh469" depart="1134.93" departLane="best" from="143308546#4" to="-141968830" type="passenger"/>
    <trip id="veh470" depart="1137.35" departLane="best" from="206579063#0" to="-172013798#2" type="passenger"/>
    <trip id="veh471" depart="1139.77" departLane="best" from="141968830" to="-38159999#5" type="passenger"/>
    <trip id="veh472" depart="1142.19" departLane="best" from="-71028777#4" to="147859763#4" type="passenger"/>
    <trip id="veh473" depart="1144.61" departLane="best" from="25382187" to="142575695#1" type="passenger"/>
    <trip id="veh474" depart="1147.03" departLane="best" from="-142575690#4" to="-142575656#6" type="passenger"/>
    <trip id="veh475" depart="1149.45" departLane="best" from="-143308527#1" to="143308505#2" type="passenger"/>
    <trip id="veh476" depart="1151.87" departLane="best" from="145586635" to="-26991766#3" type="passenger"/>
    <trip id="veh477" depart="1154.29" departLane="best" from="143308590#0" to="142575667#0" type="passenger"/>
    <trip id="veh478" depart="1156.71" departLane="best" from="142575656#0" to="-26991766#4" type="passenger"/>
    <trip id="veh479" depart="1159.13" departLane="best" from="224769559" to="-142575690#5" type="passenger"/>
    <trip id="veh480" depart="1161.55" departLane="best" from="141968844#2" to="-31050366#1" type="passenger"/>
    <trip id="veh481" depart="1163.97" departLane="best" from="145586635" to="142575673#0" type="passenger"/>
    <trip id="veh482" depart="1166.39" departLane="best" from="145586635" to="-142575656#12" type="passenger"/>
    <trip id="veh483" depart="1168.81" departLane="best" from="135777011#5" to="142575704#3" type="passenger"/>
    <trip id="veh484" depart="1171.23" departLane="best" from="-141968853#1" to="-314415495#3" type="passenger"/>
    <trip id="veh485" depart="1173.65" departLane="best" from="-190083608#2" to="-142575701#2" type="passenger"/>
    <trip id="veh486" depart="1176.07" departLane="best" from="-28888490" to="-318210378#0" type="passenger"/>
    <trip id="veh487" depart="1178.49" departLane="best" from="-143308527#6" to="-52460499#6" type="passenger"/>
    <trip id="veh488" depart="1180.91" departLane="best" from="172013798#0" to="142575679#7" type="passenger"/>
    <trip id="veh489" depart="1183.33" departLane="best" from="314415495#15" to="28888490" type="passenger"/>
    <trip id="veh490" depart="1185.75" departLane="best" from="-142575688#6" to="314415495#13" type="passenger"/>
    <trip id="veh491" depart="1188.17" departLane="best" from="-142575661#2" to="-137483015#2" type="passenger"/>
    <trip id="veh492" depart="1190.59" departLane="best" from="46150483" to="314415495#13" type="passenger"/>
    <trip id="veh493" depart="1193.01" departLane="best" from="143308493#0" to="142575695#1" type="passenger"/>
    <trip id="veh494" depart="1195.43" departLane="best" from="172014854#1" to="-81639678#0" type="passenger"/>
    <trip id="veh495" depart="1197.85" departLane="best" from="-142575695#1" to="-141968830" type="passenger"/>
    <trip id="veh496" depart="1200.27" departLane="best" from="-318210378#2" to="26991766#6" type="passenger"/>
    <trip id="veh497" depart="1202.69" departLane="best" from="143308546#14" to="292525973" type="passenger"/>
    <trip id="veh498" depart="1205.11" departLane="best" from="46039051#0" to="-142575688#0" type="passenger"/>
    <trip id="veh499" depart="1207.53" departLane="best" from="314415495#6" to="-206579060#1" type="passenger"/>
    <trip id="veh500" depart="1209.95" departLane="best" from="143308527#5" to="142575690#1" type="passenger"/>
    <trip id="veh501" depart="1212.37" departLane="best" from="135777011#5" to="-314415495#9" type="passenger"/>
    <trip id="veh502" depart="1214.79" departLane="best" from="-33690600" to="-320741893" type="passenger"/>
    <trip id="veh503" depart="1217.21" departLane="best" from="-143308527#6" to="142575688#3" type="passenger"/>
    <trip id="veh504" depart="1219.63" departLane="best" from="-142575695#1" to="142575688#3" type="passenger"/>
    <trip id="veh505" depart="1222.05" departLane="best" from="190083616" to="28888490" type="passenger"/>
    <trip id="veh507" depart="1226.89" departLane="best" from="-143308493#0" to="-147859763#3" type="passenger"/>
    <trip id="veh508" depart="1229.31" departLane="best" from="143308542#14" to="206579057" type="passenger"/>
    <trip id="veh509" depart="1231.73" departLane="best" from="24733698#1" to="142575678#1" type="passenger"/>
    <trip id="veh510" depart="1234.15" departLane="best" from="206579090#0" to="206579057" type="passenger"/>
    <trip id="veh511" depart="1236.57" departLane="best" from="142575656#12" to="320744687" type="passenger"/>
    <trip id="veh512" depart="1238.99" departLane="best" from="142575704#4" to="143308527#6" type="passenger"/>
    <trip id="veh513" depart="1241.41" departLane="best" from="143308546#18" to="314415495#14" type="passenger"/>
    <trip id="veh514" depart="1243.83" departLane="best" from="143308546#2" to="-142575704#6" type="passenger"/>
    <trip id="veh515" depart="1246.25" departLane="best" from="-142575688#4" to="141968844#4" type="passenger"/>
    <trip id="veh516" depart="1248.67" departLane="best" from="-318210362" to="-26991766#5" type="passenger"/>
    <trip id="veh517" depart="1251.09" departLane="best" from="-142575679#7" to="142575688#11" type="passenger"/>
    <trip id="veh518" depart="1253.51" departLane="best" from="-318210371#1" to="142575656#1" type="passenger"/>
    <trip id="veh519" depart="1255.93" departLane="best" from="-142575679#7" to="292525973" type="passenger"/>
    <trip id="veh520" depart="1258.35" departLane="best" from="-142575688#9" to="314415495#14" type="passenger"/>
    <trip id="veh521" depart="1260.77" departLane="best" from="318210367#1" to="143308505#0" type="passenger"/>
    <trip id="veh522" depart="1263.19" departLane="best" from="142575688#6" to="142575656#5" type="passenger"/>
    <trip id="veh523" depart="1265.61" departLane="best" from="142575701#2" to="24733698#1" type="passenger"/>
    <trip id="veh524" depart="1268.03" departLane="best" from="38507369#1" to="141968913" type="passenger"/>
    <trip id="veh526" depart="1272.87" departLane="best" from="-318210378#2" to="142575659#1" type="passenger"/>
    <trip id="veh527" depart="1275.29" departLane="best" from="-143308505#0" to="-142575658#2" type="passenger"/>
    <trip id="veh528" depart="1277.71" departLane="best" from="-142575695#1" to="318210378#2" type="passenger"/>
    <trip id="veh529" depart="1280.13" departLane="best" from="-38159999#2" to="146511465" type="passenger"/>
    <trip id="veh530" depart="1282.55" departLane="best" from="142575688#4" to="-143308527#5" type="passenger"/>
    <trip id="veh531" depart="1284.97" departLane="best" from="-26991766#4" to="141968844#1" type="passenger"/>
    <trip id="veh532" depart="1287.39" departLane="best" from="141968853#2" to="142575690#1" type="passenger"/>
    <trip id="veh533" depart="1289.81" departLane="best" from="-143308527#2" to="-52460499#6" type="passenger"/>
    <trip id="veh535" depart="1294.65" departLane="best" from="-33690600" to="142575704#2" type="passenger"/>
    <trip id="veh536" depart="1297.07" departLane="best" from="26991766#0" to="143308542#11" type="passenger"/>
    <trip id="veh537" depart="1299.49" departLane="best" from="145586635" to="-31050366#2" type="passenger"/>
    <trip id="veh538" depart="1301.91" departLane="best" from="190083610#0" to="143308542#7" type="passenger"/>
    <trip id="veh539" depart="1304.33" departLane="best" from="43660343" to="314415495#4" type="passenger"/>
    <trip id="veh540" depart="1306.75" departLane="best" from="-318210378#2" to="142575699#1" type="passenger"/>
    <trip id="veh541" depart="1309.17" departLane="best" from="-142575704#8" to="-43660343" type="passenger"/>
    <trip id="veh543" depart="1314.01" departLane="best" from="135777011#5" to="142575704#10" type="passenger"/>
    <trip id="veh544" depart="1316.43" departLane="best" from="52460499#6" to="-314415495#8" type="passenger"/>
    <trip id="veh545" depart="1318.85" departLane="best" from="12749623" to="24733698#1" type="passenger"/>
    <trip id="veh547" depart="1323.69" departLane="best" from="314415495#12" to="172013798#1" type="passenger"/>
    <trip id="veh548" depart="1326.11" departLane="best" from="147859763#3" to="142575690#3" type="passenger"/>
    <trip id="veh549" depart="1328.53" departLane="best" from="143308562#2" to="-81639678#0" type="passenger"/>
    <trip id="veh550" depart="1330.95" departLane="best" from="-71028774#0" to="-43660343" type="passenger"/>
    <trip id="veh551" depart="1333.36" departLane="best" from="52460499#6" to="142575673#0" type="passenger"/>
    <trip id="veh552" depart="1335.78" departLane="best" from="-230625607#0" to="-142575701#2" type="passenger"/>
    <trip id="veh554" depart="1340.62" departLane="best" from="-142575695#1" to="206579084" type="passenger"/>
    <trip id="veh555" depart="1343.04" departLane="best" from="314415495#17" to="318210364" type="passenger"/>
    <trip id="veh556" depart="1345.46" departLane="best" from="-142575659#2" to="-38159999#1" type="passenger"/>
    <trip id="veh557" depart="1347.88" departLane="best" from="12749623" to="-143308493#2" type="passenger"/>
    <trip id="veh558" depart="1350.30" departLane="best" from="314415495#13" to="206579084" type="passenger"/>
    <trip id="veh560" depart="1355.14" departLane="best" from="141968853#1" to="-81639678#0" type="passenger"/>
    <trip id="veh561" depart="1357.56" departLane="best" from="145586635" to="-190083616" type="passenger"/>
    <trip id="veh562" depart="1359.98" departLane="best" from="206579063#1" to="141968913" type="passenger"/>
    <trip id="veh563" depart="1362.40" departLane="best" from="142575692#2" to="-314415495#8" type="passenger"/>
    <trip id="veh565" depart="1367.24" departLane="best" from="314415495#17" to="-52081075#3" type="passenger"/>
    <trip id="veh566" depart="1369.66" departLane="best" from="52460499#6" to="71028774#1" type="passenger"/>
    <trip id="veh567" depart="1372.08" departLane="best" from="142575658#0" to="-31050366#0" type="passenger"/>
    <trip id="veh568" depart="1374.50" departLane="best" from="12749623" to="142575690#4" type="passenger"/>
    <trip id="veh570" depart="1379.34" departLane="best" from="283317455#0" to="-142575704#0" type="passenger"/>
    <trip id="veh571" depart="1381.76" departLane="best" from="-26991766#6" to="143308532#2" type="passenger"/>
    <trip id="veh572" depart="1384.18" departLane="best" from="320741894#0" to="142575692#5" type="passenger"/>
    <trip id="veh574" depart="1389.02" departLane="best" from="318210363#0" to="-31050366#2" type="passenger"/>
    <trip id="veh575" depart="1391.44" departLane="best" from="230625607#2" to="-26991766#4" type="passenger"/>
    <trip id="veh576" depart="1393.86" departLane="best" from="43660343" to="-142575704#4" type="passenger"/>
    <trip id="veh577" depart="1396.28" departLane="best" from="141968853#1" to="38159999#3" type="passenger"/>
    <trip id="veh578" depart="1398.70" departLane="best" from="-206579063#0" to="142575656#0" type="passenger"/>
    <trip id="veh579" depart="1401.12" departLane="best" from="-38507369#0" to="-141968830" type="passenger"/>
    <trip id="veh581" depart="1405.96" departLane="best" from="12749623" to="-141968830" type="passenger"/>
    <trip id="veh583" depart="1410.80" departLane="best" from="143308562#2" to="24733698#1" type="passenger"/>
    <trip id="veh584" depart="1413.22" departLane="best" from="-142575704#6" to="-314415495#1" type="passenger"/>
    <trip id="veh585" depart="1415.64" departLane="best" from="314415495#12" to="143308549#1" type="passenger"/>
    <trip id="veh586" depart="1418.06" departLane="best" from="-142575704#6" to="143308555#2" type="passenger"/>
    <trip id="veh587" depart="1420.48" departLane="best" from="142575656#12" to="-135777011#5" type="passenger"/>
    <trip id="veh588" depart="1422.90" departLane="best" from="-142575690#0" to="-230625607#2" type="passenger"/>
    <trip id="veh589" depart="1425.32" departLane="best" from="314415495#17" to="142575692#5" type="passenger"/>
    <trip id="veh590" depart="1427.74" departLane="best" from="190083616" to="142575690#4" type="passenger"/>
    <trip id="veh591" depart="1430.16" departLane="best" from="-142575695#1" to="-314415495#1" type="passenger"/>
    <trip id="veh592" depart="1432.58" departLane="best" from="-314415495#9" to="-142575656#14" type="passenger"/>
    <trip id="veh593" depart="1435.00" departLane="best" from="141968830" to="26991766#1" type="passenger"/>
    <trip id="veh594" depart="1437.42" departLane="best" from="142575656#7" to="-142575690#3" type="passenger"/>
    <trip id="veh595" depart="1439.84" departLane="best" from="43660343" to="142575704#11" type="passenger"/>
    <trip id="veh596" depart="1442.26" departLane="best" from="-26991766#0" to="-142575704#11" type="passenger"/>
    <trip id="veh597" depart="1444.68" departLane="best" from="141968844#1" to="143308505#0" type="passenger"/>
    <trip id="veh598" depart="1447.10" departLane="best" from="-24733698#1" to="-81639678#0" type="passenger"/>
    <trip id="veh601" depart="1454.36" departLane="best" from="81639675#0" to="142575692#5" type="passenger"/>
    <trip id="veh602" depart="1456.78" departLane="best" from="135777011#5" to="142575658#0" type="passenger"/>
    <trip id="veh603" depart="1459.20" departLane="best" from="143308546#8" to="52243916#1" type="passenger"/>
    <trip id="veh604" depart="1461.62" departLane="best" from="-283317455#1" to="-137483015#0" type="passenger"/>
    <trip id="veh605" depart="1464.04" departLane="best" from="25382187" to="-38507369#0" type="passenger"/>
    <trip id="veh606" depart="1466.46" departLane="best" from="190083616" to="143308527#6" type="passenger"/>
    <trip id="veh607" depart="1468.88" departLane="best" from="24733698#0" to="16942869" type="passenger"/>
    <trip id="veh608" depart="1471.30" departLane="best" from="-318210378#2" to="-142575656#11" type="passenger"/>
    <trip id="veh609" depart="1473.72" departLane="best" from="142575699#0" to="28888490" type="passenger"/>
    <trip id="veh610" depart="1476.14" departLane="best" from="-143308527#6" to="230625607#1" type="passenger"/>
    <trip id="veh611" depart="1478.56" departLane="best" from="142575658#2" to="143308549#1" type="passenger"/>
    <trip id="veh613" depart="1483.40" departLane="best" from="-142575661#3" to="-147859763#5" type="passenger"/>
    <trip id="veh614" depart="1485.82" departLane="best" from="-142575661#2" to="320744688" type="passenger"/>
    <trip id="veh615" depart="1488.24" departLane="best" from="142575690#0" to="71028777#2" type="passenger"/>
    <trip id="veh616" depart="1490.66" departLane="best" from="142575694#0" to="-230625607#1" type="passenger"/>
    <trip id="veh618" depart="1495.50" departLane="best" from="-52081075#2" to="230625607#2" type="passenger"/>
    <trip id="veh619" depart="1497.92" departLane="best" from="318210383#0" to="-320741893" type="passenger"/>
    <trip id="veh620" depart="1500.34" departLane="best" from="38160000" to="172014854#1" type="passenger"/>
    <trip id="veh622" depart="1505.18" departLane="best" from="142575688#1" to="320744688" type="passenger"/>
    <trip id="veh623" depart="1507.60" departLane="best" from="142575690#3" to="26991766#6" type="passenger"/>
    <trip id="veh624" depart="1510.02" departLane="best" from="190083616" to="-142575674#3" type="passenger"/>
    <trip id="veh625" depart="1512.44" departLane="best" from="143308542#14" to="292525973" type="passenger"/>
    <trip id="veh626" depart="1514.86" departLane="best" from="142575699#0" to="-318210371#1" type="passenger"/>
    <trip id="veh627" depart="1517.28" departLane="best" from="-142575690#1" to="143308546#10" type="passenger"/>
    <trip id="veh628" depart="1519.70" departLane="best" from="-318210369#0" to="142575704#6" type="passenger"/>
    <trip id="veh629" depart="1522.12" departLane="best" from="141968830" to="143308549#1" type="passenger"/>
    <trip id="veh630" depart="1524.54" departLane="best" from="-38507369#1" to="-142575656#10" type="passenger"/>
    <trip id="veh631" depart="1526.96" departLane="best" from="318210400#0" to="-43660343" type="passenger"/>
    <trip id="veh632" depart="1529.38" departLane="best" from="81639685#0" to="-26991766#5" type="passenger"/>
    <trip id="veh633" depart="1531.80" departLane="best" from="81639675#0" to="38159999#5" type="passenger"/>
    <trip id="veh634" depart="1534.22" departLane="best" from="-142575688#8" to="143308527#6" type="passenger"/>
    <trip id="veh635" depart="1536.64" departLane="best" from="-71028774#1" to="26991766#6" type="passenger"/>
    <trip id="veh636" depart="1539.06" departLane="best" from="145586635" to="38160001#1" type="passenger"/>
    <trip id="veh637" depart="1541.48" departLane="best" from="25382187" to="-141968830" type="passenger"/>
    <trip id="veh638" depart="1543.90" departLane="best" from="-142575688#3" to="230625607#0" type="passenger"/>
    <trip id="veh639" depart="1546.32" departLane="best" from="-71028777#2" to="-52460499#6" type="passenger"/>
    <trip id="veh640" depart="1548.74" departLane="best" from="145586635" to="38159999#5" type="passenger"/>
    <trip id="veh641" depart="1551.16" departLane="best" from="12749623" to="206579062#1" type="passenger"/>
    <trip id="veh642" depart="1553.58" departLane="best" from="142575710#0" to="142575690#5" type="passenger"/>
    <trip id="veh643" depart="1556.00" departLane="best" from="135777011#5" to="143308542#13" type="passenger"/>
    <trip id="veh644" depart="1558.42" departLane="best" from="-26991766#5" to="-142575690#4" type="passenger"/>
    <trip id="veh645" depart="1560.84" departLane="best" from="190083616" to="142575679#5" type="passenger"/>
    <trip id="veh646" depart="1563.26" departLane="best" from="135777011#5" to="142575693#4" type="passenger"/>
    <trip id="veh647" depart="1565.68" departLane="best" from="-28888490" to="-24214694#2" type="passenger"/>
    <trip id="veh648" depart="1568.10" departLane="best" from="142575656#11" to="81639678#1" type="passenger"/>
    <trip id="veh650" depart="1572.94" departLane="best" from="142575679#5" to="-142575691#4" type="passenger"/>
    <trip id="veh651" depart="1575.35" departLane="best" from="318210364" to="142575656#1" type="passenger"/>
    <trip id="veh652" depart="1577.77" departLane="best" from="38507369#3" to="141968853#0" type="passenger"/>
    <trip id="veh653" depart="1580.19" departLane="best" from="-142575690#6" to="143308546#4" type="passenger"/>
    <trip id="veh654" depart="1582.61" departLane="best" from="314415495#7" to="-318210371#0" type="passenger"/>
    <trip id="veh655" depart="1585.03" departLane="best" from="-38160000" to="-142575659#1" type="passenger"/>
    <trip id="veh656" depart="1587.45" departLane="best" from="142575694#0" to="318210371#2" type="passenger"/>
    <trip id="veh657" depart="1589.87" departLane="best" from="318210363#0" to="145586634" type="passenger"/>
    <trip id="veh658" depart="1592.29" departLane="best" from="48858192#1" to="143308527#6" type="passenger"/>
    <trip id="veh659" depart="1594.71" departLane="best" from="26991766#3" to="142575688#12" type="passenger"/>
    <trip id="veh660" depart="1597.13" departLane="best" from="-142575701#0" to="-147859763#7" type="passenger"/>
    <trip id="veh661" depart="1599.55" departLane="best" from="-142575704#7" to="24733698#0" type="passenger"/>
    <trip id="veh662" depart="1601.97" departLane="best" from="-142575656#7" to="142575692#5" type="passenger"/>
    <trip id="veh663" depart="1604.39" departLane="best" from="-71028777#3" to="283317455#0" type="passenger"/>
    <trip id="veh664" depart="1606.81" departLane="best" from="-142575690#5" to="-314415495#8" type="passenger"/>
    <trip id="veh666" depart="1611.65" departLane="best" from="142575690#7" to="206579064#2" type="passenger"/>
    <trip id="veh667" depart="1614.07" departLane="best" from="31050366#2" to="-142575661#4" type="passenger"/>
    <trip id="veh668" depart="1616.49" departLane="best" from="-38159999#3" to="314415495#8" type="passenger"/>
    <trip id="veh669" depart="1618.91" departLane="best" from="25382187" to="143308532#0" type="passenger"/>
    <trip id="veh670" depart="1621.33" departLane="best" from="-147859763#1" to="46150483" type="passenger"/>
    <trip id="veh671" depart="1623.75" departLane="best" from="141968844#3" to="318210378#2" type="passenger"/>
    <trip id="veh672" depart="1626.17" departLane="best" from="-142575679#5" to="-142575694#0" type="passenger"/>
    <trip id="veh673" depart="1628.59" departLane="best" from="-318210378#2" to="143308587#0" type="passenger"/>
    <trip id="veh674" depart="1631.01" departLane="best" from="-38159999#5" to="33690600" type="passenger"/>
    <trip id="veh676" depart="1635.85" departLane="best" from="-26991766#6" to="143308527#6" type="passenger"/>
    <trip id="veh677" depart="1638.27" departLane="best" from="142575699#3" to="-142575694#0" type="passenger"/>
    <trip id="veh678" depart="1640.69" departLane="best" from="-318210362" to="142575691#0" type="passenger"/>
    <trip id="veh679" depart="1643.11" departLane="best" from="142575688#3" to="-143308527#0" type="passenger"/>
    <trip id="veh680" depart="1645.53" departLane="best" from="52460499#6" to="-142575704#8" type="passenger"/>
    <trip id="veh681" depart="1647.95" departLane="best" from="143308562#3" to="147859763#4" type="passenger"/>
    <trip id="veh683" depart="1652.79" departLane="best" from="142575704#3" to="292525973" type="passenger"/>
    <trip id="veh684" depart="1655.21" departLane="best" from="143308562#2" to="206579063#1" type="passenger"/>
    <trip id="veh685" depart="1657.63" departLane="best" from="141968830" to="143308527#6" type="passenger"/>
    <trip id="veh686" depart="1660.05" departLane="best" from="142575688#10" to="143308527#6" type="passenger"/>
    <trip id="veh687" depart="1662.47" departLane="best" from="-314415495#19" to="38507369#2" type="passenger"/>
    <trip id="veh688" depart="1664.89" departLane="best" from="142575674#1" to="283317455#0" type="passenger"/>
    <trip id="veh689" depart="1667.31" departLane="best" from="147859763#2" to="-314415495#17" type="passenger"/>
    <trip id="veh690" depart="1669.73" departLane="best" from="-142575688#7" to="-142575658#1" type="passenger"/>
    <trip id="veh691" depart="1672.15" departLane="best" from="141968853#2" to="142575661#4" type="passenger"/>
    <trip id="veh692" depart="1674.57" departLane="best" from="-172014854#0" to="142575704#8" type="passenger"/>
    <trip id="veh693" depart="1676.99" departLane="best" from="-318210371#2" to="147859763#2" type="passenger"/>
    <trip id="veh694" depart="1679.41" departLane="best" from="190083616" to="314415495#12" type="passenger"/>
    <trip id="veh695" depart="1681.83" departLane="best" from="-318210378#2" to="142575656#8" type="passenger"/>
    <trip id="veh696" depart="1684.25" departLane="best" from="-28888490" to="-206579063#0" type="passenger"/>
    <trip id="veh697" depart="1686.67" departLane="best" from="-142575694#0" to="-314415495#11" type="passenger"/>
    <trip id="veh698" depart="1689.09" departLane="best" from="12749623" to="143308505#0" type="passenger"/>
    <trip id="veh699" depart="1691.51" departLane="best" from="230625607#2" to="142575679#5" type="passenger"/>
    <trip id="veh700" depart="1693.93" departLane="best" from="-318210369#1" to="-141968830" type="passenger"/>
    <trip id="veh701" depart="1696.35" departLane="best" from="52460499#6" to="142575688#10" type="passenger"/>
    <trip id="veh703" depart="1701.19" departLane="best" from="-38507369#2" to="-142575656#3" type="passenger"/>
    <trip id="veh704" depart="1703.61" departLane="best" from="142575688#0" to="318210363#0" type="passenger"/>
    <trip id="veh705" depart="1706.03" departLane="best" from="143308562#2" to="142575658#1" type="passenger"/>
    <trip id="veh707" depart="1710.87" departLane="best" from="141968844#2" to="318210363#0" type="passenger"/>
    <trip id="veh708" depart="1713.29" departLane="best" from="190083616" to="206579062#1" type="passenger"/>
    <trip id="veh710" depart="1718.13" departLane="best" from="142575704#8" to="-147859763#1" type="passenger"/>
    <trip id="veh711" depart="1720.55" departLane="best" from="142575701#1" to="-142575661#4" type="passenger"/>
    <trip id="veh712" depart="1722.97" departLane="best" from="142575688#4" to="206579063#0" type="passenger"/>
    <trip id="veh713" depart="1725.39" departLane="best" from="-314415495#11" to="71028777#2" type="passenger"/>
    <trip id="veh716" depart="1732.65" departLane="best" from="52460499#6" to="190083608#3" type="passenger"/>
    <trip id="veh717" depart="1735.07" departLane="best" from="-147859765#3" to="142575688#12" type="passenger"/>
    <trip id="veh718" depart="1737.49" departLane="best" from="-142575704#5" to="-320741893" type="passenger"/>
    <trip id="veh719" depart="1739.91" departLane="best" from="142575661#2" to="142575656#12" type="passenger"/>
    <trip id="veh720" depart="1742.33" departLane="best" from="-143308527#6" to="71028777#3" type="passenger"/>
    <trip id="veh721" depart="1744.75" departLane="best" from="190083616" to="-314415495#18" type="passenger"/>
    <trip id="veh722" depart="1747.17" departLane="best" from="-318210386#2" to="292525973" type="passenger"/>
    <trip id="veh723" depart="1749.59" departLane="best" from="142575692#0" to="143308562#5" type="passenger"/>
    <trip id="veh724" depart="1752.01" departLane="best" from="-314415495#8" to="28888490" type="passenger"/>
    <trip id="veh725" depart="1754.43" departLane="best" from="81639675#0" to="142575699#2" type="passenger"/>
    <trip id="veh726" depart="1756.85" departLane="best" from="26991766#5" to="147859763#8" type="passenger"/>
    <trip id="veh727" depart="1759.27" departLane="best" from="147859763#4" to="-141968830" type="passenger"/>
    <trip id="veh728" depart="1761.69" departLane="best" from="142575661#3" to="48298278#0" type="passenger"/>
    <trip id="veh729" depart="1764.11" departLane="best" from="25382187" to="22762377-AddedOffRampEdge" type="passenger"/>
    <trip id="veh730" depart="1766.53" departLane="best" from="143308493#2" to="147859763#4" type="passenger"/>
    <trip id="veh731" depart="1768.95" departLane="best" from="143308546#21" to="143308527#0" type="passenger"/>
    <trip id="veh732" depart="1771.37" departLane="best" from="314415495#4" to="-142575704#4" type="passenger"/>
    <trip id="veh733" depart="1773.79" departLane="best" from="52460499#6" to="-142575690#2" type="passenger"/>
    <trip id="veh734" depart="1776.21" departLane="best" from="-142575656#14" to="-318210362" type="passenger"/>
    <trip id="veh735" depart="1778.63" departLane="best" from="-143308505#0" to="143308549#1" type="passenger"/>
    <trip id="veh737" depart="1783.47" departLane="best" from="46150483" to="314415495#4" type="passenger"/>
    <trip id="veh738" depart="1785.89" departLane="best" from="190083616" to="-142575658#2" type="passenger"/>
    <trip id="veh739" depart="1788.31" departLane="best" from="-142575704#6" to="-147859765#1" type="passenger"/>
    <trip id="veh740" depart="1790.73" departLane="best" from="-318210378#2" to="143308546#10" type="passenger"/>
    <trip id="veh741" depart="1793.15" departLane="best" from="142575690#7" to="-318210362" type="passenger"/>
    <trip id="veh742" depart="1795.57" departLane="best" from="-143308527#6" to="318210383#0" type="passenger"/>
    <trip id="veh743" depart="1797.99" departLane="best" from="-38159999#1" to="-43660343" type="passenger"/>
</routes>
