<?xml version="1.0"?>
<!-- generated on 2017-05-04 15:10:17.697000 by $Id: randomTrips.py 23999 2017-04-21 09:04:47Z behrisch $
  options: -n osm.net.xml <doubleminus>seed 42 <doubleminus>fringe-factor 1 -p 4.564323 -r osm.pedestrian.rou.xml -o osm.pedestrian.trips.xml -e 1800 <doubleminus>pedestrians <doubleminus>prefix ped <doubleminus>max-distance 2000
-->
<routes xmlns:xsi="http://www.w3.org/2001/XMLSchema-instance" xsi:noNamespaceSchemaLocation="http://sumo.dlr.de/xsd/routes_file.xsd">
    <person id="ped0" depart="0.00">
        <walk from="143308613" to="-125399001#0"/>
    </person>
    <person id="ped1" depart="4.56">
        <walk from="-31050366#0" to="-24733697#0"/>
    </person>
    <person id="ped2" depart="9.13">
        <walk from="37958340#0" to="-142575691#1"/>
    </person>
    <person id="ped3" depart="13.69">
        <walk from="116024215" to="-125399002#1"/>
    </person>
    <person id="ped4" depart="18.26">
        <walk from="-24214694#2" to="142575674#1"/>
    </person>
    <person id="ped5" depart="22.82">
        <walk from="-125399001#2" to="-190083623#1"/>
    </person>
    <person id="ped6" depart="27.39">
        <walk from="143308686" to="142575699#3"/>
    </person>
    <person id="ped7" depart="31.95">
        <walk from="-24214694#5" to="142598716#1"/>
    </person>
    <person id="ped8" depart="36.51">
        <walk from="26843019#1" to="-114024903#5"/>
    </person>
    <person id="ped9" depart="41.08">
        <walk from="26816766#1" to="172013798#0"/>
    </person>
    <person id="ped10" depart="45.64">
        <walk from="-414563788#1" to="-143482755#3"/>
    </person>
    <person id="ped11" depart="50.21">
        <walk from="55939165#3" to="-40985814#0"/>
    </person>
    <person id="ped12" depart="54.77">
        <walk from="-142575699#0" to="-142575701#1"/>
    </person>
    <person id="ped13" depart="59.34">
        <walk from="314415495#5" to="143308532#2"/>
    </person>
    <person id="ped14" depart="63.90">
        <walk from="26842933#2" to="220194460#2"/>
    </person>
    <person id="ped15" depart="68.46">
        <walk from="142575692#5" to="71028777#2"/>
    </person>
    <person id="ped16" depart="73.03">
        <walk from="114024961#1" to="142575704#2"/>
    </person>
    <person id="ped17" depart="77.59">
        <walk from="302944175#1" to="143308546#13"/>
    </person>
    <person id="ped18" depart="82.16">
        <walk from="318210383#0" to="142575737#0"/>
    </person>
    <person id="ped19" depart="86.72">
        <walk from="180239842" to="-142575656#15"/>
    </person>
    <person id="ped20" depart="91.29">
        <walk from="-257005614#0" to="-314415495#3"/>
    </person>
    <person id="ped21" depart="95.85">
        <walk from="-142575690#1" to="-25728863#1"/>
    </person>
    <person id="ped22" depart="100.42">
        <walk from="-142575704#11" to="-31344737#1"/>
    </person>
    <person id="ped23" depart="104.98">
        <walk from="143308562#5" to="-81096582#0"/>
    </person>
    <person id="ped24" depart="109.54">
        <walk from="114024903#0" to="-230625607#1"/>
    </person>
    <person id="ped25" depart="114.11">
        <walk from="-283317455#1" to="465634677"/>
    </person>
    <person id="ped26" depart="118.67">
        <walk from="143308678" to="143308542#13"/>
    </person>
    <person id="ped27" depart="123.24">
        <walk from="-147859763#2" to="220194460#1"/>
    </person>
    <person id="ped28" depart="127.80">
        <walk from="-143482774#0" to="114025356#0"/>
    </person>
    <person id="ped29" depart="132.37">
        <walk from="81096589#0" to="143308613"/>
    </person>
    <person id="ped30" depart="136.93">
        <walk from="142575704#8" to="147859764"/>
    </person>
    <person id="ped31" depart="141.49">
        <walk from="314415495#15" to="25944603#1"/>
    </person>
    <person id="ped32" depart="146.06">
        <walk from="-328288208" to="-28888490"/>
    </person>
    <person id="ped33" depart="150.62">
        <walk from="-239335493" to="48298278#0"/>
    </person>
    <person id="ped34" depart="155.19">
        <walk from="32530656#1" to="-320741898#3"/>
    </person>
    <person id="ped35" depart="159.75">
        <walk from="143482755#0" to="114285342"/>
    </person>
    <person id="ped36" depart="164.32">
        <walk from="40985811" to="128648605"/>
    </person>
    <person id="ped37" depart="168.88">
        <walk from="-26991766#6" to="-26816590#1"/>
    </person>
    <person id="ped38" depart="173.44">
        <walk from="142575712" to="-26991766#3"/>
    </person>
    <person id="ped39" depart="178.01">
        <walk from="142598710#1" to="38159999#5"/>
    </person>
    <person id="ped40" depart="182.57">
        <walk from="114355948" to="-24214694#3"/>
    </person>
    <person id="ped41" depart="187.14">
        <walk from="81639685#0" to="142575679#4"/>
    </person>
    <person id="ped42" depart="191.70">
        <walk from="-142575695#0" to="-142575656#3"/>
    </person>
    <person id="ped43" depart="196.27">
        <walk from="-142575709" to="143308546#4"/>
    </person>
    <person id="ped44" depart="200.83">
        <walk from="26815978#1" to="116024345"/>
    </person>
    <person id="ped45" depart="205.39">
        <walk from="-142575674#3" to="114033011"/>
    </person>
    <person id="ped46" depart="209.96">
        <walk from="81639675#3" to="142575690#7"/>
    </person>
    <person id="ped47" depart="214.52">
        <walk from="71028777#0" to="318210378#2"/>
    </person>
    <person id="ped48" depart="219.09">
        <walk from="-114207229" to="206579062#1"/>
    </person>
    <person id="ped49" depart="223.65">
        <walk from="147859763#7" to="142575693#2"/>
    </person>
    <person id="ped50" depart="228.22">
        <walk from="-283317455#1" to="143308620"/>
    </person>
    <person id="ped51" depart="232.78">
        <walk from="-142575712" to="122666828#2"/>
    </person>
    <person id="ped52" depart="237.34">
        <walk from="128643753#0" to="55652793#1"/>
    </person>
    <person id="ped53" depart="241.91">
        <walk from="32530656#1" to="-26991766#4"/>
    </person>
    <person id="ped54" depart="246.47">
        <walk from="142575661#2" to="-147859765#2"/>
    </person>
    <person id="ped55" depart="251.04">
        <walk from="40985810#0" to="320741897"/>
    </person>
    <person id="ped56" depart="255.60">
        <walk from="-318210369#0" to="143308609"/>
    </person>
    <person id="ped57" depart="260.17">
        <walk from="143308542#13" to="-143482755#0"/>
    </person>
    <person id="ped58" depart="264.73">
        <walk from="257131024" to="142575693#5"/>
    </person>
    <person id="ped59" depart="269.30">
        <walk from="25951597#2" to="142575691#0"/>
    </person>
    <person id="ped60" depart="273.86">
        <walk from="-114024899" to="-38159999#1"/>
    </person>
    <person id="ped61" depart="278.42">
        <walk from="-115466410#1" to="458325552#0"/>
    </person>
    <person id="ped62" depart="282.99">
        <walk from="328287366" to="31050366#0"/>
    </person>
    <person id="ped63" depart="287.55">
        <walk from="-318210386#2" to="-142575661#1"/>
    </person>
    <person id="ped64" depart="292.12">
        <walk from="328287315" to="52081075#0"/>
    </person>
    <person id="ped65" depart="296.68">
        <walk from="-142575691#0" to="142575656#12"/>
    </person>
    <person id="ped66" depart="301.25">
        <walk from="-142575688#1" to="257131021"/>
    </person>
    <person id="ped67" depart="305.81">
        <walk from="257131028" to="-142598710#1"/>
    </person>
    <person id="ped68" depart="310.37">
        <walk from="141968844#1" to="142575704#10"/>
    </person>
    <person id="ped69" depart="314.94">
        <walk from="-26991766#6" to="320741898#2"/>
    </person>
    <person id="ped70" depart="319.50">
        <walk from="116342223" to="-24152572#0"/>
    </person>
    <person id="ped71" depart="324.07">
        <walk from="142575693#5" to="220194460#2"/>
    </person>
    <person id="ped72" depart="328.63">
        <walk from="-190083625#0" to="-320741897"/>
    </person>
    <person id="ped73" depart="333.20">
        <walk from="81639675#2" to="143308686"/>
    </person>
    <person id="ped74" depart="337.76">
        <walk from="122868958" to="142575688#4"/>
    </person>
    <person id="ped75" depart="342.32">
        <walk from="-142575734#0" to="-24733697#1"/>
    </person>
    <person id="ped76" depart="346.89">
        <walk from="-411478097" to="142598716#0"/>
    </person>
    <person id="ped77" depart="351.45">
        <walk from="-257131031#0" to="-24214694#5"/>
    </person>
    <person id="ped78" depart="356.02">
        <walk from="-142575688#11" to="143308552#1"/>
    </person>
    <person id="ped79" depart="360.58">
        <walk from="-257005614#2" to="403442276#1"/>
    </person>
    <person id="ped80" depart="365.15">
        <walk from="318210377#0" to="-142575688#11"/>
    </person>
    <person id="ped81" depart="369.71">
        <walk from="-26815978#1" to="143482774#0"/>
    </person>
    <person id="ped82" depart="374.27">
        <walk from="-24152582#0" to="-143308493#1"/>
    </person>
    <person id="ped83" depart="378.84">
        <walk from="465634676" to="142575726#1"/>
    </person>
    <person id="ped84" depart="383.40">
        <walk from="141968823" to="26004861#3"/>
    </person>
    <person id="ped85" depart="387.97">
        <walk from="26842933#2" to="-174657432"/>
    </person>
    <person id="ped86" depart="392.53">
        <walk from="-142575701#1" to="122666823"/>
    </person>
    <person id="ped87" depart="397.10">
        <walk from="116342223" to="137483015#2"/>
    </person>
    <person id="ped88" depart="401.66">
        <walk from="220194460#1" to="146738851#0"/>
    </person>
    <person id="ped89" depart="406.22">
        <walk from="81096580#0" to="-142575704#0"/>
    </person>
    <person id="ped90" depart="410.79">
        <walk from="114355958#0" to="-414563788#0"/>
    </person>
    <person id="ped91" depart="415.35">
        <walk from="318210383#0" to="-26816737#0"/>
    </person>
    <person id="ped92" depart="419.92">
        <walk from="-174657432" to="12749623"/>
    </person>
    <person id="ped93" depart="424.48">
        <walk from="116024215" to="-31344737#1"/>
    </person>
    <person id="ped94" depart="429.05">
        <walk from="-26816737#2" to="415852812"/>
    </person>
    <person id="ped95" depart="433.61">
        <walk from="125399001#1" to="318210378#2"/>
    </person>
    <person id="ped96" depart="438.18">
        <walk from="142575704#10" to="-142575656#9"/>
    </person>
    <person id="ped97" depart="442.74">
        <walk from="96834893" to="31344738#0"/>
    </person>
    <person id="ped98" depart="447.30">
        <walk from="70214888#3" to="449845657#1"/>
    </person>
    <person id="ped99" depart="451.87">
        <walk from="314415495#6" to="-143482779#1"/>
    </person>
    <person id="ped100" depart="456.43">
        <walk from="142575656#11" to="-24152572#2"/>
    </person>
    <person id="ped101" depart="461.00">
        <walk from="114355951" to="-142575661#2"/>
    </person>
    <person id="ped102" depart="465.56">
        <walk from="114025356#0" to="81096580#2"/>
    </person>
    <person id="ped103" depart="470.13">
        <walk from="-26991766#6" to="26004861#2"/>
    </person>
    <person id="ped104" depart="474.69">
        <walk from="128643753#1" to="116342223"/>
    </person>
    <person id="ped105" depart="479.25">
        <walk from="55939165#3" to="81639675#2"/>
    </person>
    <person id="ped106" depart="483.82">
        <walk from="142575704#7" to="190083625#1"/>
    </person>
    <person id="ped107" depart="488.38">
        <walk from="-143482755#2" to="-318210362"/>
    </person>
    <person id="ped108" depart="492.95">
        <walk from="70214888#3" to="142575737#2"/>
    </person>
    <person id="ped109" depart="497.51">
        <walk from="142575695#1" to="246099079"/>
    </person>
    <person id="ped110" depart="502.08">
        <walk from="-142575661#0" to="142598710#0"/>
    </person>
    <person id="ped111" depart="506.64">
        <walk from="142575667#0" to="318210363#0"/>
    </person>
    <person id="ped112" depart="511.20">
        <walk from="-143482761" to="56323665#0"/>
    </person>
    <person id="ped113" depart="515.77">
        <walk from="-142575690#1" to="-172013798#2"/>
    </person>
    <person id="ped114" depart="520.33">
        <walk from="143308497#1" to="146738852#0"/>
    </person>
    <person id="ped115" depart="524.90">
        <walk from="-26004868#0" to="-142575728"/>
    </person>
    <person id="ped116" depart="529.46">
        <walk from="357043349#1" to="-26816590#0"/>
    </person>
    <person id="ped117" depart="534.03">
        <walk from="143308497#0" to="143308546#14"/>
    </person>
    <person id="ped118" depart="538.59">
        <walk from="115921100" to="142575745"/>
    </person>
    <person id="ped119" depart="543.15">
        <walk from="142575689" to="46150483"/>
    </person>
    <person id="ped120" depart="547.72">
        <walk from="-206579062#2" to="190083623#2"/>
    </person>
    <person id="ped121" depart="552.28">
        <walk from="-26815978#1" to="114285342"/>
    </person>
    <person id="ped122" depart="556.85">
        <walk from="146738850#0" to="-318210371#0"/>
    </person>
    <person id="ped123" depart="561.41">
        <walk from="-328288211#0" to="24733697#0"/>
    </person>
    <person id="ped124" depart="565.98">
        <walk from="-142575688#3" to="128643754"/>
    </person>
    <person id="ped125" depart="570.54">
        <walk from="92914084" to="81639675#3"/>
    </person>
    <person id="ped126" depart="575.10">
        <walk from="-142575688#4" to="-24152572#2"/>
    </person>
    <person id="ped127" depart="579.67">
        <walk from="-26991766#6" to="46039051#0"/>
    </person>
    <person id="ped128" depart="584.23">
        <walk from="328398944" to="328288208"/>
    </person>
    <person id="ped129" depart="588.80">
        <walk from="114024901" to="-143482765#0"/>
    </person>
    <person id="ped130" depart="593.36">
        <walk from="312889498" to="174657432"/>
    </person>
    <person id="ped131" depart="597.93">
        <walk from="143308542#4" to="81096582#1"/>
    </person>
    <person id="ped132" depart="602.49">
        <walk from="143308693#1" to="-114024905"/>
    </person>
    <person id="ped133" depart="607.05">
        <walk from="26991766#2" to="-318210371#0"/>
    </person>
    <person id="ped134" depart="611.62">
        <walk from="143482766#1" to="47770431#1"/>
    </person>
    <person id="ped135" depart="616.18">
        <walk from="-143308497#0" to="-142575725#2"/>
    </person>
    <person id="ped136" depart="620.75">
        <walk from="-142575704#9" to="142575704#4"/>
    </person>
    <person id="ped137" depart="625.31">
        <walk from="-302944175#0" to="143308532#5"/>
    </person>
    <person id="ped138" depart="629.88">
        <walk from="190083625#0" to="-206579061"/>
    </person>
    <person id="ped139" depart="634.44">
        <walk from="143308562#2" to="-26991766#5"/>
    </person>
    <person id="ped140" depart="639.01">
        <walk from="142575656#3" to="403442276#1"/>
    </person>
    <person id="ped141" depart="643.57">
        <walk from="314415495#3" to="-142575699#0"/>
    </person>
    <person id="ped142" depart="648.13">
        <walk from="116342223" to="-31050366#2"/>
    </person>
    <person id="ped143" depart="652.70">
        <walk from="-114024903#2" to="25944590#1"/>
    </person>
    <person id="ped144" depart="657.26">
        <walk from="143308590#0" to="-26991766#2"/>
    </person>
    <person id="ped145" depart="661.83">
        <walk from="24152597" to="142575704#2"/>
    </person>
    <person id="ped146" depart="666.39">
        <walk from="116343628#2" to="-114207225"/>
    </person>
    <person id="ped147" depart="670.96">
        <walk from="-142575688#6" to="328868432"/>
    </person>
    <person id="ped148" depart="675.52">
        <walk from="403442276#0" to="142575699#3"/>
    </person>
    <person id="ped149" depart="680.08">
        <walk from="31344737#0" to="142575738#1"/>
    </person>
    <person id="ped150" depart="684.65">
        <walk from="-143308646" to="-142598710#0"/>
    </person>
    <person id="ped151" depart="689.21">
        <walk from="-320741892#0" to="38160001#0"/>
    </person>
    <person id="ped152" depart="693.78">
        <walk from="26816162#1" to="318210378#2"/>
    </person>
    <person id="ped153" depart="698.34">
        <walk from="38160001#0" to="-230625607#2"/>
    </person>
    <person id="ped154" depart="702.91">
        <walk from="-26816737#1" to="-142575704#3"/>
    </person>
    <person id="ped155" depart="707.47">
        <walk from="26004787#0" to="328868437"/>
    </person>
    <person id="ped156" depart="712.03">
        <walk from="114355961" to="143308546#16"/>
    </person>
    <person id="ped157" depart="716.60">
        <walk from="-143482755#2" to="458325552#1"/>
    </person>
    <person id="ped158" depart="721.16">
        <walk from="319580807" to="71595991"/>
    </person>
    <person id="ped159" depart="725.73">
        <walk from="26843019#2" to="328398944"/>
    </person>
    <person id="ped160" depart="730.29">
        <walk from="-122868966" to="24152572#0"/>
    </person>
    <person id="ped161" depart="734.86">
        <walk from="-403442280#0" to="46039050#0"/>
    </person>
    <person id="ped162" depart="739.42">
        <walk from="26816737#0" to="319580807"/>
    </person>
    <person id="ped163" depart="743.98">
        <walk from="26843019#2" to="-283317455#1"/>
    </person>
    <person id="ped164" depart="748.55">
        <walk from="26004868#2" to="-142575708#0"/>
    </person>
    <person id="ped165" depart="753.11">
        <walk from="320741898#1" to="318210371#3"/>
    </person>
    <person id="ped166" depart="757.68">
        <walk from="-24733617#1" to="26991766#1"/>
    </person>
    <person id="ped167" depart="762.24">
        <walk from="128648607" to="-318210378#2"/>
    </person>
    <person id="ped168" depart="766.81">
        <walk from="26816162#0" to="-257005614#0"/>
    </person>
    <person id="ped169" depart="771.37">
        <walk from="-122666828#2" to="-190083608#2"/>
    </person>
    <person id="ped170" depart="775.93">
        <walk from="-38507369#0" to="319580807"/>
    </person>
    <person id="ped171" depart="780.50">
        <walk from="70214888#1" to="-31344738#0"/>
    </person>
    <person id="ped172" depart="785.06">
        <walk from="143308628" to="114355950"/>
    </person>
    <person id="ped173" depart="789.63">
        <walk from="77761458" to="142575692#5"/>
    </person>
    <person id="ped174" depart="794.19">
        <walk from="47770431#1" to="-142575725#2"/>
    </person>
    <person id="ped175" depart="798.76">
        <walk from="71028774#1" to="-147859765#2"/>
    </person>
    <person id="ped176" depart="803.32">
        <walk from="60235236" to="-26991766#7"/>
    </person>
    <person id="ped177" depart="807.89">
        <walk from="-142575708#0" to="122666828#2"/>
    </person>
    <person id="ped178" depart="812.45">
        <walk from="220194460#0" to="-320741898#2"/>
    </person>
    <person id="ped179" depart="817.01">
        <walk from="143308542#0" to="142575679#7"/>
    </person>
    <person id="ped180" depart="821.58">
        <walk from="114188639" to="142575735#0"/>
    </person>
    <person id="ped181" depart="826.14">
        <walk from="-26843019#0" to="190083608#2"/>
    </person>
    <person id="ped182" depart="830.71">
        <walk from="-114024903#0" to="449845657#0"/>
    </person>
    <person id="ped183" depart="835.27">
        <walk from="142575693#4" to="206579057"/>
    </person>
    <person id="ped184" depart="839.84">
        <walk from="24214694#0" to="143482779#0"/>
    </person>
    <person id="ped185" depart="844.40">
        <walk from="-81096582#0" to="-142575688#10"/>
    </person>
    <person id="ped186" depart="848.96">
        <walk from="143482766#2" to="-38507369#3"/>
    </person>
    <person id="ped187" depart="853.53">
        <walk from="-320741898#2" to="314415495#5"/>
    </person>
    <person id="ped188" depart="858.09">
        <walk from="206579061" to="-318210371#1"/>
    </person>
    <person id="ped189" depart="862.66">
        <walk from="-320741892#1" to="114692703"/>
    </person>
    <person id="ped190" depart="867.22">
        <walk from="114355958#0" to="-318210361#1"/>
    </person>
    <person id="ped191" depart="871.79">
        <walk from="-142598710#0" to="115921101#1"/>
    </person>
    <person id="ped192" depart="876.35">
        <walk from="47773406" to="146738852#2"/>
    </person>
    <person id="ped193" depart="880.91">
        <walk from="38507369#2" to="143308546#10"/>
    </person>
    <person id="ped194" depart="885.48">
        <walk from="-318210371#1" to="142575701#2"/>
    </person>
    <person id="ped195" depart="890.04">
        <walk from="-114024899" to="-314415495#17"/>
    </person>
    <person id="ped196" depart="894.61">
        <walk from="116391654" to="142575737#3"/>
    </person>
    <person id="ped197" depart="899.17">
        <walk from="143308701#1" to="134100873"/>
    </person>
    <person id="ped198" depart="903.74">
        <walk from="122868966" to="-24152572#2"/>
    </person>
    <person id="ped199" depart="908.30">
        <walk from="141968823" to="38507369#0"/>
    </person>
    <person id="ped200" depart="912.86">
        <walk from="26816162#1" to="-147859763#0"/>
    </person>
    <person id="ped201" depart="917.43">
        <walk from="-142575690#7" to="142575688#11"/>
    </person>
    <person id="ped202" depart="921.99">
        <walk from="143308555#2" to="-40985813"/>
    </person>
    <person id="ped203" depart="926.56">
        <walk from="26991766#4" to="24733617#1"/>
    </person>
    <person id="ped204" depart="931.12">
        <walk from="146738850#1" to="-24733697#1"/>
    </person>
    <person id="ped205" depart="935.69">
        <walk from="-190083623#2" to="-122868966"/>
    </person>
    <person id="ped206" depart="940.25">
        <walk from="-26816553" to="141968844#1"/>
    </person>
    <person id="ped207" depart="944.81">
        <walk from="314415495#7" to="-142575688#3"/>
    </person>
    <person id="ped208" depart="949.38">
        <walk from="115227682#1" to="143308549#0"/>
    </person>
    <person id="ped209" depart="953.94">
        <walk from="-190083610#1" to="158228538"/>
    </person>
    <person id="ped210" depart="958.51">
        <walk from="142575658#1" to="-26816413#1"/>
    </person>
    <person id="ped211" depart="963.07">
        <walk from="143482755#1" to="-114024903#4"/>
    </person>
    <person id="ped212" depart="967.64">
        <walk from="24733617#1" to="25944590#0"/>
    </person>
    <person id="ped213" depart="972.20">
        <walk from="-142575704#8" to="116342915"/>
    </person>
    <person id="ped214" depart="976.77">
        <walk from="-147859763#9" to="55939167"/>
    </person>
    <person id="ped215" depart="981.33">
        <walk from="142575688#4" to="-142575656#8"/>
    </person>
    <person id="ped216" depart="985.89">
        <walk from="-26816737#1" to="314415495#6"/>
    </person>
    <person id="ped217" depart="990.46">
        <walk from="128643753#3" to="26816590#2"/>
    </person>
    <person id="ped218" depart="995.02">
        <walk from="143482770#1" to="81096582#2"/>
    </person>
    <person id="ped219" depart="999.59">
        <walk from="143308499" to="52081075#4"/>
    </person>
    <person id="ped220" depart="1004.15">
        <walk from="37958340#0" to="143308542#5"/>
    </person>
    <person id="ped221" depart="1008.72">
        <walk from="206579057" to="142575673#1"/>
    </person>
    <person id="ped222" depart="1013.28">
        <walk from="31050360#0" to="142575701#2"/>
    </person>
    <person id="ped223" depart="1017.84">
        <walk from="38159999#5" to="24214694#2"/>
    </person>
    <person id="ped224" depart="1022.41">
        <walk from="-26816590#2" to="143308608"/>
    </person>
    <person id="ped225" depart="1026.97">
        <walk from="257131028" to="142575688#8"/>
    </person>
    <person id="ped226" depart="1031.54">
        <walk from="143308546#3" to="-31050366#0"/>
    </person>
    <person id="ped227" depart="1036.10">
        <walk from="-142575688#9" to="-314415495#14"/>
    </person>
    <person id="ped228" depart="1040.67">
        <walk from="-302943909#4" to="-356766925"/>
    </person>
    <person id="ped229" depart="1045.23">
        <walk from="142575694#0" to="-143308505#2"/>
    </person>
    <person id="ped230" depart="1049.79">
        <walk from="-257131031#1" to="156071615#4"/>
    </person>
    <person id="ped231" depart="1054.36">
        <walk from="180239858#0" to="-142575679#3"/>
    </person>
    <person id="ped232" depart="1058.92">
        <walk from="114692702" to="142575699#0"/>
    </person>
    <person id="ped233" depart="1063.49">
        <walk from="115466410#0" to="-206579064#2"/>
    </person>
    <person id="ped234" depart="1068.05">
        <walk from="115921101#0" to="403442276#1"/>
    </person>
    <person id="ped235" depart="1072.62">
        <walk from="142598710#0" to="158228537"/>
    </person>
    <person id="ped236" depart="1077.18">
        <walk from="318210371#1" to="257131028"/>
    </person>
    <person id="ped237" depart="1081.74">
        <walk from="114025356#1" to="-114024903#5"/>
    </person>
    <person id="ped238" depart="1086.31">
        <walk from="-52460499#6" to="24733697#2"/>
    </person>
    <person id="ped239" depart="1090.87">
        <walk from="318210364" to="55652793#0"/>
    </person>
    <person id="ped240" depart="1095.44">
        <walk from="115921100" to="246099078"/>
    </person>
    <person id="ped241" depart="1100.00">
        <walk from="142575701#0" to="143308532#0"/>
    </person>
    <person id="ped242" depart="1104.57">
        <walk from="-24214694#5" to="-24214694#3"/>
    </person>
    <person id="ped243" depart="1109.13">
        <walk from="122868956" to="-125399002#1"/>
    </person>
    <person id="ped244" depart="1113.69">
        <walk from="-40985814#0" to="147859763#3"/>
    </person>
    <person id="ped245" depart="1118.26">
        <walk from="114355958#2" to="-143482779#0"/>
    </person>
    <person id="ped246" depart="1122.82">
        <walk from="137483015#2" to="-142598710#0"/>
    </person>
    <person id="ped247" depart="1127.39">
        <walk from="143308546#18" to="-125399001#2"/>
    </person>
    <person id="ped248" depart="1131.95">
        <walk from="114285341#0" to="142575716"/>
    </person>
    <person id="ped249" depart="1136.52">
        <walk from="-125399001#2" to="143308633"/>
    </person>
    <person id="ped250" depart="1141.08">
        <walk from="-143308499" to="131909877"/>
    </person>
    <person id="ped251" depart="1145.65">
        <walk from="-142575656#8" to="114025356#0"/>
    </person>
    <person id="ped252" depart="1150.21">
        <walk from="-24152572#0" to="-38160000"/>
    </person>
    <person id="ped253" depart="1154.77">
        <walk from="257131023" to="114025356#0"/>
    </person>
    <person id="ped254" depart="1159.34">
        <walk from="24733697#0" to="31050366#1"/>
    </person>
    <person id="ped255" depart="1163.90">
        <walk from="-26842933#0" to="-142575690#3"/>
    </person>
    <person id="ped256" depart="1168.47">
        <walk from="-115466410#1" to="142575693#5"/>
    </person>
    <person id="ped257" depart="1173.03">
        <walk from="96834893" to="-52081075#3"/>
    </person>
    <person id="ped258" depart="1177.60">
        <walk from="143308687" to="26004787#2"/>
    </person>
    <person id="ped259" depart="1182.16">
        <walk from="143308690" to="24733698#0"/>
    </person>
    <person id="ped260" depart="1186.72">
        <walk from="52081075#4" to="-190083623#2"/>
    </person>
    <person id="ped261" depart="1191.29">
        <walk from="-116342915" to="-143308687"/>
    </person>
    <person id="ped262" depart="1195.85">
        <walk from="-142575737#4" to="143482774#1"/>
    </person>
    <person id="ped263" depart="1200.42">
        <walk from="142575716" to="-24214694#1"/>
    </person>
    <person id="ped264" depart="1204.98">
        <walk from="172013798#2" to="257131031#0"/>
    </person>
    <person id="ped265" depart="1209.55">
        <walk from="-146738852#1" to="143308542#11"/>
    </person>
    <person id="ped266" depart="1214.11">
        <walk from="246099078" to="-142575725#1"/>
    </person>
    <person id="ped267" depart="1218.67">
        <walk from="-142575708#0" to="-125399001#0"/>
    </person>
    <person id="ped268" depart="1223.24">
        <walk from="-320741898#0" to="146738852#2"/>
    </person>
    <person id="ped269" depart="1227.80">
        <walk from="55939167" to="114285344#0"/>
    </person>
    <person id="ped270" depart="1232.37">
        <walk from="190083623#1" to="-142575688#7"/>
    </person>
    <person id="ped271" depart="1236.93">
        <walk from="149670382" to="143308546#4"/>
    </person>
    <person id="ped272" depart="1241.50">
        <walk from="-142575704#2" to="25944590#3"/>
    </person>
    <person id="ped273" depart="1246.06">
        <walk from="314415495#8" to="143308527#2"/>
    </person>
    <person id="ped274" depart="1250.62">
        <walk from="-142575734#0" to="81096580#0"/>
    </person>
    <person id="ped275" depart="1255.19">
        <walk from="26004861#0" to="-47773406"/>
    </person>
    <person id="ped276" depart="1259.75">
        <walk from="116343628#3" to="114024903#0"/>
    </person>
    <person id="ped277" depart="1264.32">
        <walk from="142575674#2" to="-43660343"/>
    </person>
    <person id="ped278" depart="1268.88">
        <walk from="314415495#7" to="283307506"/>
    </person>
    <person id="ped279" depart="1273.45">
        <walk from="-142575704#7" to="56323665#0"/>
    </person>
    <person id="ped280" depart="1278.01">
        <walk from="143308562#5" to="302944175#0"/>
    </person>
    <person id="ped281" depart="1282.57">
        <walk from="190083608#1" to="122868956"/>
    </person>
    <person id="ped282" depart="1287.14">
        <walk from="230625607#1" to="70138930"/>
    </person>
    <person id="ped283" depart="1291.70">
        <walk from="-302943909#1" to="26842943"/>
    </person>
    <person id="ped284" depart="1296.27">
        <walk from="142575693#4" to="142575656#1"/>
    </person>
    <person id="ped285" depart="1300.83">
        <walk from="122868956" to="224769559"/>
    </person>
    <person id="ped286" depart="1305.40">
        <walk from="-302943908" to="318210361#0"/>
    </person>
    <person id="ped287" depart="1309.96">
        <walk from="31050360#0" to="-142575691#1"/>
    </person>
    <person id="ped288" depart="1314.53">
        <walk from="328398946" to="-26816413#1"/>
    </person>
    <person id="ped289" depart="1319.09">
        <walk from="134100873" to="143308542#3"/>
    </person>
    <person id="ped290" depart="1323.65">
        <walk from="114025356#0" to="-125399002#0"/>
    </person>
    <person id="ped291" depart="1328.22">
        <walk from="314415495#9" to="-156071615#1"/>
    </person>
    <person id="ped292" depart="1332.78">
        <walk from="-24152572#0" to="26816413#1"/>
    </person>
    <person id="ped293" depart="1337.35">
        <walk from="-414563788#1" to="328288211#0"/>
    </person>
    <person id="ped294" depart="1341.91">
        <walk from="172014854#1" to="-31050366#2"/>
    </person>
    <person id="ped295" depart="1346.48">
        <walk from="-114207227" to="52081075#2"/>
    </person>
    <person id="ped296" depart="1351.04">
        <walk from="-142575691#0" to="206579061"/>
    </person>
    <person id="ped297" depart="1355.60">
        <walk from="142575656#3" to="257005614#1"/>
    </person>
    <person id="ped298" depart="1360.17">
        <walk from="149670382" to="143308648"/>
    </person>
    <person id="ped299" depart="1364.73">
        <walk from="142575656#6" to="26815978#2"/>
    </person>
    <person id="ped300" depart="1369.30">
        <walk from="-142575699#1" to="-24733617#0"/>
    </person>
    <person id="ped301" depart="1373.86">
        <walk from="151270229#1" to="-318210380#1"/>
    </person>
    <person id="ped302" depart="1378.43">
        <walk from="142575691#1" to="116343628#0"/>
    </person>
    <person id="ped303" depart="1382.99">
        <walk from="245105013" to="-38507369#3"/>
    </person>
    <person id="ped304" depart="1387.55">
        <walk from="174657429" to="-302943909#2"/>
    </person>
    <person id="ped305" depart="1392.12">
        <walk from="-26816766#1" to="-142575734#0"/>
    </person>
    <person id="ped306" depart="1396.68">
        <walk from="-190083608#2" to="-142575728"/>
    </person>
    <person id="ped307" depart="1401.25">
        <walk from="142575692#5" to="257131024"/>
    </person>
    <person id="ped308" depart="1405.81">
        <walk from="-172013798#1" to="-24152597"/>
    </person>
    <person id="ped309" depart="1410.38">
        <walk from="142575656#1" to="206579064#2"/>
    </person>
    <person id="ped310" depart="1414.94">
        <walk from="71595991" to="142575690#1"/>
    </person>
    <person id="ped311" depart="1419.50">
        <walk from="-314415495#11" to="-142575704#11"/>
    </person>
    <person id="ped312" depart="1424.07">
        <walk from="-190083610#1" to="-257005614#0"/>
    </person>
    <person id="ped313" depart="1428.63">
        <walk from="-147859765#3" to="-114952399#1"/>
    </person>
    <person id="ped314" depart="1433.20">
        <walk from="142575692#2" to="-31050360#1"/>
    </person>
    <person id="ped315" depart="1437.76">
        <walk from="71028777#3" to="142575704#4"/>
    </person>
    <person id="ped316" depart="1442.33">
        <walk from="172013798#0" to="-142575737#4"/>
    </person>
    <person id="ped317" depart="1446.89">
        <walk from="320741895#0" to="142575656#6"/>
    </person>
    <person id="ped318" depart="1451.45">
        <walk from="320741898#2" to="142575734#0"/>
    </person>
    <person id="ped319" depart="1456.02">
        <walk from="141873658" to="122868964#0"/>
    </person>
    <person id="ped320" depart="1460.58">
        <walk from="-172013798#0" to="-142575656#9"/>
    </person>
    <person id="ped321" depart="1465.15">
        <walk from="47773406" to="141968844#4"/>
    </person>
    <person id="ped322" depart="1469.71">
        <walk from="283307506" to="114355951"/>
    </person>
    <person id="ped323" depart="1474.28">
        <walk from="-142575688#5" to="143308549#0"/>
    </person>
    <person id="ped324" depart="1478.84">
        <walk from="-142575658#2" to="-143308669"/>
    </person>
    <person id="ped325" depart="1483.40">
        <walk from="142575713" to="-318210377#0"/>
    </person>
    <person id="ped326" depart="1487.97">
        <walk from="81096614" to="-142575726#2"/>
    </person>
    <person id="ped327" depart="1492.53">
        <walk from="257131026" to="143308542#0"/>
    </person>
    <person id="ped328" depart="1497.10">
        <walk from="26004966#3" to="-24733698#0"/>
    </person>
    <person id="ped329" depart="1501.66">
        <walk from="142575689" to="128643746#1"/>
    </person>
    <person id="ped330" depart="1506.23">
        <walk from="122868966" to="318210377#1"/>
    </person>
    <person id="ped331" depart="1510.79">
        <walk from="81096589#0" to="-318210378#2"/>
    </person>
    <person id="ped332" depart="1515.36">
        <walk from="143308546#16" to="143308542#14"/>
    </person>
    <person id="ped333" depart="1519.92">
        <walk from="24152582#1" to="52081075#0"/>
    </person>
    <person id="ped334" depart="1524.48">
        <walk from="-225232900" to="-239335493"/>
    </person>
    <person id="ped335" depart="1529.05">
        <walk from="143482761" to="-143482761"/>
    </person>
    <person id="ped336" depart="1533.61">
        <walk from="-147859763#5" to="-142575688#6"/>
    </person>
    <person id="ped337" depart="1538.18">
        <walk from="-114024903#1" to="128643746#1"/>
    </person>
    <person id="ped338" depart="1542.74">
        <walk from="143308497#0" to="-314415495#5"/>
    </person>
    <person id="ped339" depart="1547.31">
        <walk from="-25728863#0" to="190083608#0"/>
    </person>
    <person id="ped340" depart="1551.87">
        <walk from="174657429" to="128643753#0"/>
    </person>
    <person id="ped341" depart="1556.43">
        <walk from="147859765#3" to="415852813"/>
    </person>
    <person id="ped342" depart="1561.00">
        <walk from="26004966#0" to="143308546#21"/>
    </person>
    <person id="ped343" depart="1565.56">
        <walk from="143482763" to="461093307"/>
    </person>
    <person id="ped344" depart="1570.13">
        <walk from="116342915" to="142575699#2"/>
    </person>
    <person id="ped345" depart="1574.69">
        <walk from="143308678" to="403442279#1"/>
    </person>
    <person id="ped346" depart="1579.26">
        <walk from="302943909#2" to="-142575688#12"/>
    </person>
    <person id="ped347" depart="1583.82">
        <walk from="-143482779#1" to="-318210386#2"/>
    </person>
    <person id="ped348" depart="1588.38">
        <walk from="246099080" to="142575725#2"/>
    </person>
    <person id="ped349" depart="1592.95">
        <walk from="-314415495#19" to="-142575737#1"/>
    </person>
    <person id="ped350" depart="1597.51">
        <walk from="148960375" to="172013798#2"/>
    </person>
    <person id="ped351" depart="1602.08">
        <walk from="479552156" to="142575661#2"/>
    </person>
    <person id="ped352" depart="1606.64">
        <walk from="142575658#0" to="-142575690#2"/>
    </person>
    <person id="ped353" depart="1611.21">
        <walk from="-141968853#2" to="122666827"/>
    </person>
    <person id="ped354" depart="1615.77">
        <walk from="-357043350" to="-26816737#2"/>
    </person>
    <person id="ped355" depart="1620.33">
        <walk from="-142575695#1" to="60235236"/>
    </person>
    <person id="ped356" depart="1624.90">
        <walk from="31344738#0" to="142575734#1"/>
    </person>
    <person id="ped357" depart="1629.46">
        <walk from="146738850#0" to="-302943909#1"/>
    </person>
    <person id="ped358" depart="1634.03">
        <walk from="-141968853#2" to="24931878"/>
    </person>
    <person id="ped359" depart="1638.59">
        <walk from="141968807" to="143308689#1"/>
    </person>
    <person id="ped360" depart="1643.16">
        <walk from="40985814#0" to="-156071615#0"/>
    </person>
    <person id="ped361" depart="1647.72">
        <walk from="142598710#1" to="143308562#3"/>
    </person>
    <person id="ped362" depart="1652.28">
        <walk from="142575656#8" to="-142575695#1"/>
    </person>
    <person id="ped363" depart="1656.85">
        <walk from="-478658116" to="-403442280#1"/>
    </person>
    <person id="ped364" depart="1661.41">
        <walk from="143482779#0" to="318210371#2"/>
    </person>
    <person id="ped365" depart="1665.98">
        <walk from="-38507369#2" to="156071615#4"/>
    </person>
    <person id="ped366" depart="1670.54">
        <walk from="-314415495#18" to="48858191#3"/>
    </person>
    <person id="ped367" depart="1675.11">
        <walk from="26991690" to="142575704#10"/>
    </person>
    <person id="ped368" depart="1679.67">
        <walk from="128643753#1" to="-320741898#3"/>
    </person>
    <person id="ped369" depart="1684.24">
        <walk from="-38159999#0" to="71028774#1"/>
    </person>
    <person id="ped370" depart="1688.80">
        <walk from="114355958#2" to="142575688#10"/>
    </person>
    <person id="ped371" depart="1693.36">
        <walk from="81096582#2" to="143482755#3"/>
    </person>
    <person id="ped372" depart="1697.93">
        <walk from="142575699#0" to="115080507"/>
    </person>
    <person id="ped373" depart="1702.49">
        <walk from="-172014854#1" to="-71028777#4"/>
    </person>
    <person id="ped374" depart="1707.06">
        <walk from="24931878" to="143308546#22"/>
    </person>
    <person id="ped375" depart="1711.62">
        <walk from="257131020" to="-206579061"/>
    </person>
    <person id="ped376" depart="1716.19">
        <walk from="142575704#1" to="449846249"/>
    </person>
    <person id="ped377" depart="1720.75">
        <walk from="122868958" to="172013798#1"/>
    </person>
    <person id="ped378" depart="1725.31">
        <walk from="-142575734#1" to="71028777#2"/>
    </person>
    <person id="ped379" depart="1729.88">
        <walk from="143308542#13" to="-26815978#2"/>
    </person>
    <person id="ped380" depart="1734.44">
        <walk from="-143482765#1" to="142575704#11"/>
    </person>
    <person id="ped381" depart="1739.01">
        <walk from="142575704#3" to="-142575699#1"/>
    </person>
    <person id="ped382" depart="1743.57">
        <walk from="81096604" to="40985810#0"/>
    </person>
    <person id="ped383" depart="1748.14">
        <walk from="131909877" to="-142575726#1"/>
    </person>
    <person id="ped384" depart="1752.70">
        <walk from="31050366#1" to="142575661#0"/>
    </person>
    <person id="ped385" depart="1757.26">
        <walk from="190083623#3" to="142575679#3"/>
    </person>
    <person id="ped386" depart="1761.83">
        <walk from="-302944175#1" to="31344737#0"/>
    </person>
    <person id="ped387" depart="1766.39">
        <walk from="71596031" to="-26816413#0"/>
    </person>
    <person id="ped388" depart="1770.96">
        <walk from="142575704#11" to="114188637"/>
    </person>
    <person id="ped389" depart="1775.52">
        <walk from="415693099" to="142575678#1"/>
    </person>
    <person id="ped390" depart="1780.09">
        <walk from="328288208" to="319580807"/>
    </person>
    <person id="ped391" depart="1784.65">
        <walk from="-31050366#2" to="26004966#2"/>
    </person>
    <person id="ped392" depart="1789.21">
        <walk from="115227682#2" to="461093307"/>
    </person>
    <person id="ped393" depart="1793.78">
        <walk from="142575678#1" to="26991766#6"/>
    </person>
    <person id="ped394" depart="1798.34">
        <walk from="-314415495#11" to="-318210369#1"/>
    </person>
</routes>
