<?xml version="1.0"?>
<!-- generated on 2017-05-04 15:10:02.877000 by $Id: route2trips.py 23614 2017-03-22 13:02:46Z luecken $ via randomTrips.py
  options: -n osm.net.xml <doubleminus>seed 42 <doubleminus>fringe-factor 2 -p 11.748965 -r osm.bicycle.rou.xml -o osm.bicycle.trips.xml -e 1800 <doubleminus>vehicle-class bicycle <doubleminus>vclass bicycle <doubleminus>prefix bike <doubleminus>max-distance 8000 <doubleminus>trip-attributes departLane="best" <doubleminus>validate
-->
<routes xmlns:xsi="http://www.w3.org/2001/XMLSchema-instance" xsi:noNamespaceSchemaLocation="http://sumo.dlr.de/xsd/routes_file.xsd">
    <vType id="bicycle" vClass="bicycle">
    </vType>
    <trip id="bike0" depart="0.00" departLane="best" from="143308527#2" to="-115466410#1" type="bicycle"/>
    <trip id="bike1" depart="11.75" departLane="best" from="-24733697#2" to="-206579062#0" type="bicycle"/>
    <trip id="bike2" depart="23.50" departLane="best" from="180239858#1" to="143482766#2" type="bicycle"/>
    <trip id="bike3" depart="35.25" departLane="best" from="320741893" to="-142575688#8" type="bicycle"/>
    <trip id="bike4" depart="47.00" departLane="best" from="-47770431#0" to="-125399001#2" type="bicycle"/>
    <trip id="bike5" depart="58.74" departLane="best" from="-149663200" to="142575679#8" type="bicycle"/>
    <trip id="bike6" depart="70.49" departLane="best" from="-122666828#2" to="-156071615#1" type="bicycle"/>
    <trip id="bike7" depart="82.24" departLane="best" from="143308542#15" to="142575699#2" type="bicycle"/>
    <trip id="bike8" depart="93.99" departLane="best" from="-156071615#1" to="142598713" type="bicycle"/>
    <trip id="bike9" depart="105.74" departLane="best" from="26004868#1" to="-114024903#4" type="bicycle"/>
    <trip id="bike10" depart="117.49" departLane="best" from="25944605" to="147859765#2" type="bicycle"/>
    <trip id="bike11" depart="129.24" departLane="best" from="-31344737#0" to="-143308505#0" type="bicycle"/>
    <trip id="bike12" depart="140.99" departLane="best" from="48858191#1" to="-320741893" type="bicycle"/>
    <trip id="bike13" depart="152.74" departLane="best" from="-142575690#2" to="-142575690#7" type="bicycle"/>
    <trip id="bike14" depart="164.49" departLane="best" from="302943909#2" to="143308527#1" type="bicycle"/>
    <trip id="bike16" depart="187.98" departLane="best" from="142575669" to="70214888#2" type="bicycle"/>
    <trip id="bike17" depart="199.73" departLane="best" from="-320741896" to="142575704#11" type="bicycle"/>
    <trip id="bike18" depart="211.48" departLane="best" from="26843019#0" to="143308542#4" type="bicycle"/>
    <trip id="bike19" depart="223.23" departLane="best" from="314415495#10" to="142575734#2" type="bicycle"/>
    <trip id="bike20" depart="234.98" departLane="best" from="146738852#2" to="-142575656#0" type="bicycle"/>
    <trip id="bike21" depart="246.73" departLane="best" from="-174657429" to="-302943908" type="bicycle"/>
    <trip id="bike22" depart="258.48" departLane="best" from="-142575688#1" to="-24152572#0" type="bicycle"/>
    <trip id="bike23" depart="270.23" departLane="best" from="-142575691#4" to="-26843019#1" type="bicycle"/>
    <trip id="bike24" depart="281.98" departLane="best" from="143308505#1" to="-40985813" type="bicycle"/>
    <trip id="bike25" depart="293.72" departLane="best" from="-318210377#0" to="-190083608#1" type="bicycle"/>
    <trip id="bike26" depart="305.47" departLane="best" from="-24214694#5" to="40985814#1" type="bicycle"/>
    <trip id="bike27" depart="317.22" departLane="best" from="143308542#13" to="143308532#2" type="bicycle"/>
    <trip id="bike28" depart="328.97" departLane="best" from="-143308562#5" to="190083622" type="bicycle"/>
    <trip id="bike29" depart="340.72" departLane="best" from="-143308505#2" to="-461093310" type="bicycle"/>
    <trip id="bike30" depart="352.47" departLane="best" from="81096582#1" to="143308546#8" type="bicycle"/>
    <trip id="bike31" depart="364.22" departLane="best" from="142575688#8" to="143482779#1" type="bicycle"/>
    <trip id="bike32" depart="375.97" departLane="best" from="283307506" to="24733697#2" type="bicycle"/>
    <trip id="bike34" depart="399.46" departLane="best" from="-26843133" to="-26816590#1" type="bicycle"/>
    <trip id="bike35" depart="411.21" departLane="best" from="-147859763#5" to="458325551" type="bicycle"/>
    <trip id="bike36" depart="422.96" departLane="best" from="318210361#0" to="-314415495#3" type="bicycle"/>
    <trip id="bike37" depart="434.71" departLane="best" from="143308546#0" to="-71028777#1" type="bicycle"/>
    <trip id="bike38" depart="446.46" departLane="best" from="38159999#3" to="141968810" type="bicycle"/>
    <trip id="bike39" depart="458.21" departLane="best" from="-24214694#2" to="-24733698#0" type="bicycle"/>
    <trip id="bike40" depart="469.96" departLane="best" from="142575690#1" to="-26816162#0" type="bicycle"/>
    <trip id="bike41" depart="481.71" departLane="best" from="142575701#1" to="320741894#0" type="bicycle"/>
    <trip id="bike42" depart="493.46" departLane="best" from="-38507369#0" to="-190083623#3" type="bicycle"/>
    <trip id="bike43" depart="505.21" departLane="best" from="81639678#1" to="142575688#11" type="bicycle"/>
    <trip id="bike44" depart="516.95" departLane="best" from="-142575690#0" to="-142575656#1" type="bicycle"/>
    <trip id="bike45" depart="528.70" departLane="best" from="-142575699#3" to="143308546#13" type="bicycle"/>
    <trip id="bike46" depart="540.45" departLane="best" from="257131025" to="114285336" type="bicycle"/>
    <trip id="bike47" depart="552.20" departLane="best" from="-142575659#1" to="-47773406" type="bicycle"/>
    <trip id="bike48" depart="563.95" departLane="best" from="81639675#2" to="142575691#4" type="bicycle"/>
    <trip id="bike49" depart="575.70" departLane="best" from="70214888#2" to="31344738#0" type="bicycle"/>
    <trip id="bike50" depart="587.45" departLane="best" from="-114024906" to="180239858#0" type="bicycle"/>
    <trip id="bike51" depart="599.20" departLane="best" from="143308562#5" to="142575693#4" type="bicycle"/>
    <trip id="bike52" depart="610.95" departLane="best" from="-24214694#5" to="143308549#0" type="bicycle"/>
    <trip id="bike53" depart="622.70" departLane="best" from="-142575701#1" to="116343628#2" type="bicycle"/>
    <trip id="bike54" depart="634.44" departLane="best" from="114024903#5" to="465634676" type="bicycle"/>
    <trip id="bike55" depart="646.19" departLane="best" from="318210361#0" to="-26816162#0" type="bicycle"/>
    <trip id="bike56" depart="657.94" departLane="best" from="141968823" to="-143482774#0" type="bicycle"/>
    <trip id="bike57" depart="669.69" departLane="best" from="38159999#1" to="314415495#18" type="bicycle"/>
    <trip id="bike58" depart="681.44" departLane="best" from="-26816413#0" to="143308546#6" type="bicycle"/>
    <trip id="bike59" depart="693.19" departLane="best" from="142575726#1" to="-143308503#0" type="bicycle"/>
    <trip id="bike60" depart="704.94" departLane="best" from="239335493" to="142575694#0" type="bicycle"/>
    <trip id="bike61" depart="716.69" departLane="best" from="245105013" to="142575692#0" type="bicycle"/>
    <trip id="bike62" depart="728.44" departLane="best" from="-114024901" to="-318210369#0" type="bicycle"/>
    <trip id="bike63" depart="740.18" departLane="best" from="-115466410#1" to="38507369#3" type="bicycle"/>
    <trip id="bike64" depart="751.93" departLane="best" from="318210366" to="26843133" type="bicycle"/>
    <trip id="bike65" depart="763.68" departLane="best" from="-26816766#0" to="-142575656#9" type="bicycle"/>
    <trip id="bike67" depart="787.18" departLane="best" from="-142575688#6" to="142575658#2" type="bicycle"/>
    <trip id="bike68" depart="798.93" departLane="best" from="-142575661#4" to="24214694#2" type="bicycle"/>
    <trip id="bike70" depart="822.43" departLane="best" from="115466410#1" to="142575704#0" type="bicycle"/>
    <trip id="bike71" depart="834.18" departLane="best" from="-24214694#2" to="314415495#3" type="bicycle"/>
    <trip id="bike72" depart="845.93" departLane="best" from="-47770431#1" to="-190083610#0" type="bicycle"/>
    <trip id="bike73" depart="857.67" departLane="best" from="142575674#1" to="190083622" type="bicycle"/>
    <trip id="bike74" depart="869.42" departLane="best" from="-143482774#1" to="-314415495#17" type="bicycle"/>
    <trip id="bike75" depart="881.17" departLane="best" from="81639675#0" to="143308587#0" type="bicycle"/>
    <trip id="bike76" depart="892.92" departLane="best" from="-71028777#1" to="142575688#9" type="bicycle"/>
    <trip id="bike77" depart="904.67" departLane="best" from="-142575704#6" to="-206579063#0" type="bicycle"/>
    <trip id="bike78" depart="916.42" departLane="best" from="-31050366#1" to="142598713" type="bicycle"/>
    <trip id="bike80" depart="939.92" departLane="best" from="-142575673#1" to="143308546#17" type="bicycle"/>
    <trip id="bike82" depart="963.42" departLane="best" from="31344738#1" to="-142575674#1" type="bicycle"/>
    <trip id="bike83" depart="975.16" departLane="best" from="-190083622" to="143482759" type="bicycle"/>
    <trip id="bike84" depart="986.91" departLane="best" from="-147859763#9" to="-142575726#0" type="bicycle"/>
    <trip id="bike85" depart="998.66" departLane="best" from="414563788#1" to="142575726#2" type="bicycle"/>
    <trip id="bike86" depart="1010.41" departLane="best" from="115227682#2" to="257131026" type="bicycle"/>
    <trip id="bike88" depart="1033.91" departLane="best" from="-142575690#7" to="116342915" type="bicycle"/>
    <trip id="bike89" depart="1045.66" departLane="best" from="-47770431#1" to="141968844#5" type="bicycle"/>
    <trip id="bike90" depart="1057.41" departLane="best" from="172014854#2" to="143482765#1" type="bicycle"/>
    <trip id="bike91" depart="1069.16" departLane="best" from="71596029#2" to="-142575691#1" type="bicycle"/>
    <trip id="bike92" depart="1080.90" departLane="best" from="-38507369#3" to="-320741898#0" type="bicycle"/>
    <trip id="bike93" depart="1092.65" departLane="best" from="314415495#10" to="-257005614#0" type="bicycle"/>
    <trip id="bike94" depart="1104.40" departLane="best" from="-143482765#0" to="126520113" type="bicycle"/>
    <trip id="bike95" depart="1116.15" departLane="best" from="-47770431#0" to="-26843019#1" type="bicycle"/>
    <trip id="bike96" depart="1127.90" departLane="best" from="-206579064#1" to="38160000" type="bicycle"/>
    <trip id="bike97" depart="1139.65" departLane="best" from="-81096582#1" to="31344738#1" type="bicycle"/>
    <trip id="bike98" depart="1151.40" departLane="best" from="142575688#10" to="-142575656#14" type="bicycle"/>
    <trip id="bike100" depart="1174.90" departLane="best" from="70139065" to="38507369#0" type="bicycle"/>
    <trip id="bike101" depart="1186.65" departLane="best" from="302943909#5" to="-143308570" type="bicycle"/>
    <trip id="bike102" depart="1198.39" departLane="best" from="125399002#1" to="-190083616" type="bicycle"/>
    <trip id="bike103" depart="1210.14" departLane="best" from="-38507369#2" to="-142575658#0" type="bicycle"/>
    <trip id="bike104" depart="1221.89" departLane="best" from="-320741896" to="71596029#3" type="bicycle"/>
    <trip id="bike105" depart="1233.64" departLane="best" from="-24214694#2" to="257131026" type="bicycle"/>
    <trip id="bike106" depart="1245.39" departLane="best" from="114024904" to="114949101#1" type="bicycle"/>
    <trip id="bike108" depart="1268.89" departLane="best" from="142575688#6" to="180239843" type="bicycle"/>
    <trip id="bike109" depart="1280.64" departLane="best" from="-143308497#1" to="-31050360#1" type="bicycle"/>
    <trip id="bike110" depart="1292.39" departLane="best" from="70139065" to="142575737#1" type="bicycle"/>
    <trip id="bike111" depart="1304.14" departLane="best" from="142575678#1" to="225232900" type="bicycle"/>
    <trip id="bike112" depart="1315.88" departLane="best" from="-142575656#7" to="142575738#1" type="bicycle"/>
    <trip id="bike113" depart="1327.63" departLane="best" from="141968830" to="302944175#1" type="bicycle"/>
    <trip id="bike114" depart="1339.38" departLane="best" from="-143308499" to="478658116" type="bicycle"/>
    <trip id="bike115" depart="1351.13" departLane="best" from="-142575688#10" to="-147859763#2" type="bicycle"/>
    <trip id="bike116" depart="1362.88" departLane="best" from="142575704#7" to="143482766#1" type="bicycle"/>
    <trip id="bike117" depart="1374.63" departLane="best" from="-190083618#2" to="-142575704#8" type="bicycle"/>
    <trip id="bike118" depart="1386.38" departLane="best" from="320741892#0" to="-24733697#1" type="bicycle"/>
    <trip id="bike119" depart="1398.13" departLane="best" from="142575704#6" to="143308542#4" type="bicycle"/>
    <trip id="bike120" depart="1409.88" departLane="best" from="-461093309#2" to="142575738#1" type="bicycle"/>
    <trip id="bike121" depart="1421.62" departLane="best" from="142575656#7" to="40985810#0" type="bicycle"/>
    <trip id="bike122" depart="1433.37" departLane="best" from="-146738852#1" to="176039655" type="bicycle"/>
    <trip id="bike123" depart="1445.12" departLane="best" from="-190083623#0" to="-71028777#1" type="bicycle"/>
    <trip id="bike124" depart="1456.87" departLane="best" from="143308546#8" to="-31344737#0" type="bicycle"/>
    <trip id="bike125" depart="1468.62" departLane="best" from="-26843133" to="239335493" type="bicycle"/>
    <trip id="bike126" depart="1480.37" departLane="best" from="-142575674#3" to="141968807" type="bicycle"/>
    <trip id="bike128" depart="1503.87" departLane="best" from="-142575674#3" to="-190083616" type="bicycle"/>
    <trip id="bike129" depart="1515.62" departLane="best" from="-24214694#2" to="403442280#1" type="bicycle"/>
    <trip id="bike130" depart="1527.37" departLane="best" from="318210369#1" to="318210363#0" type="bicycle"/>
    <trip id="bike131" depart="1539.11" departLane="best" from="-318210373" to="-143308505#2" type="bicycle"/>
    <trip id="bike132" depart="1550.86" departLane="best" from="26991690" to="158228537" type="bicycle"/>
    <trip id="bike133" depart="1562.61" departLane="best" from="142575734#0" to="81096576" type="bicycle"/>
    <trip id="bike134" depart="1574.36" departLane="best" from="143308542#9" to="-114024904" type="bicycle"/>
    <trip id="bike136" depart="1597.86" departLane="best" from="143308546#17" to="411478098" type="bicycle"/>
    <trip id="bike137" depart="1609.61" departLane="best" from="-142575726#1" to="-142575704#3" type="bicycle"/>
    <trip id="bike138" depart="1621.36" departLane="best" from="-142575699#0" to="142575704#2" type="bicycle"/>
    <trip id="bike139" depart="1633.11" departLane="best" from="-24733697#0" to="143308527#2" type="bicycle"/>
    <trip id="bike140" depart="1644.86" departLane="best" from="149670382" to="-172013798#0" type="bicycle"/>
    <trip id="bike141" depart="1656.60" departLane="best" from="143308505#0" to="-26816413#0" type="bicycle"/>
    <trip id="bike142" depart="1668.35" departLane="best" from="126520113" to="326994261#0" type="bicycle"/>
    <trip id="bike143" depart="1680.10" departLane="best" from="302943909#1" to="-142575690#3" type="bicycle"/>
    <trip id="bike144" depart="1691.85" departLane="best" from="-47770431#1" to="-26842943" type="bicycle"/>
    <trip id="bike145" depart="1703.60" departLane="best" from="-114024903#1" to="24733617#1" type="bicycle"/>
    <trip id="bike146" depart="1715.35" departLane="best" from="143308527#0" to="-26815978#3" type="bicycle"/>
    <trip id="bike147" depart="1727.10" departLane="best" from="190083610#0" to="142575704#10" type="bicycle"/>
    <trip id="bike148" depart="1738.85" departLane="best" from="-52081075#1" to="-114207225" type="bicycle"/>
    <trip id="bike149" depart="1750.60" departLane="best" from="-142575679#4" to="318210369#1" type="bicycle"/>
    <trip id="bike150" depart="1762.34" departLane="best" from="328287315" to="142575699#3" type="bicycle"/>
    <trip id="bike151" depart="1774.09" departLane="best" from="26991766#0" to="142575738#0" type="bicycle"/>
    <trip id="bike152" depart="1785.84" departLane="best" from="-142598710#2" to="-142575712" type="bicycle"/>
    <trip id="bike153" depart="1797.59" departLane="best" from="-26816766#1" to="320741895#0" type="bicycle"/>
</routes>
