<?xml version="1.0"?>
<!-- generated on 2017-05-04 15:10:05.295000 by $Id: route2trips.py 23614 2017-03-22 13:02:46Z luecken $ via randomTrips.py
  options: -n osm.net.xml <doubleminus>seed 42 <doubleminus>fringe-factor 10 -p 14.519399 -r osm.truck.rou.xml -o osm.truck.trips.xml -e 1800 <doubleminus>vehicle-class truck <doubleminus>vclass truck <doubleminus>prefix truck <doubleminus>min-distance 600 <doubleminus>trip-attributes departLane="best" <doubleminus>validate
-->
<routes xmlns:xsi="http://www.w3.org/2001/XMLSchema-instance" xsi:noNamespaceSchemaLocation="http://sumo.dlr.de/xsd/routes_file.xsd">
    <vType id="truck" vClass="truck">
    </vType>
    <trip id="truck0" depart="0.00" departLane="best" from="143308555#0" to="-141968830" type="truck"/>
    <trip id="truck1" depart="14.52" departLane="best" from="-314415495#10" to="-190083616" type="truck"/>
    <trip id="truck2" depart="29.04" departLane="best" from="190083616" to="143308546#3" type="truck"/>
    <trip id="truck3" depart="43.56" departLane="best" from="-206579063#0" to="142575688#3" type="truck"/>
    <trip id="truck4" depart="58.08" departLane="best" from="-206579064#1" to="142575704#2" type="truck"/>
    <trip id="truck7" depart="101.64" departLane="best" from="-38159999#5" to="-143308493#2" type="truck"/>
    <trip id="truck8" depart="116.16" departLane="best" from="314415495#9" to="143308493#1" type="truck"/>
    <trip id="truck10" depart="145.19" departLane="best" from="142575694#0" to="48858193#1" type="truck"/>
    <trip id="truck12" depart="174.23" departLane="best" from="318210377#0" to="142575699#2" type="truck"/>
    <trip id="truck13" depart="188.75" departLane="best" from="-239335494" to="-314415495#13" type="truck"/>
    <trip id="truck14" depart="203.27" departLane="best" from="-81096583" to="-172013798#1" type="truck"/>
    <trip id="truck15" depart="217.79" departLane="best" from="143308562#2" to="143308503#2" type="truck"/>
    <trip id="truck16" depart="232.31" departLane="best" from="-143308527#6" to="147859765#3" type="truck"/>
    <trip id="truck17" depart="246.83" departLane="best" from="-143308527#6" to="-52460499#6" type="truck"/>
    <trip id="truck18" depart="261.35" departLane="best" from="81639675#0" to="143308542#0" type="truck"/>
    <trip id="truck20" depart="290.39" departLane="best" from="-24214694#0" to="-141968830" type="truck"/>
    <trip id="truck21" depart="304.91" departLane="best" from="-318210378#2" to="-26991766#3" type="truck"/>
    <trip id="truck22" depart="319.43" departLane="best" from="-190083610#1" to="38159999#5" type="truck"/>
    <trip id="truck24" depart="348.47" departLane="best" from="46039050#7" to="142575656#6" type="truck"/>
    <trip id="truck25" depart="362.98" departLane="best" from="-28888490" to="-206579064#2" type="truck"/>
    <trip id="truck26" depart="377.50" departLane="best" from="142575704#6" to="-24733698#1" type="truck"/>
    <trip id="truck27" depart="392.02" departLane="best" from="137483015#2" to="-190083608#2" type="truck"/>
    <trip id="truck28" depart="406.54" departLane="best" from="81639685#0" to="142575688#6" type="truck"/>
    <trip id="truck29" depart="421.06" departLane="best" from="-142575688#12" to="-52460499#6" type="truck"/>
    <trip id="truck30" depart="435.58" departLane="best" from="81639678#1" to="142575691#1" type="truck"/>
    <trip id="truck32" depart="464.62" departLane="best" from="-142575656#1" to="147859763#7" type="truck"/>
    <trip id="truck33" depart="479.14" departLane="best" from="-142575699#0" to="141968844#1" type="truck"/>
    <trip id="truck35" depart="508.18" departLane="best" from="46039050#4" to="314415495#4" type="truck"/>
    <trip id="truck36" depart="522.70" departLane="best" from="-318210362" to="143308532#8" type="truck"/>
    <trip id="truck37" depart="537.22" departLane="best" from="230625607#1" to="142575692#5" type="truck"/>
    <trip id="truck38" depart="551.74" departLane="best" from="25382187" to="142575691#2" type="truck"/>
    <trip id="truck39" depart="566.26" departLane="best" from="-137483014" to="-318210380#1" type="truck"/>
    <trip id="truck40" depart="580.78" departLane="best" from="-142575656#15" to="320744688" type="truck"/>
    <trip id="truck41" depart="595.30" departLane="best" from="33690600" to="292525973" type="truck"/>
    <trip id="truck42" depart="609.81" departLane="best" from="-318210371#2" to="-142575658#1" type="truck"/>
    <trip id="truck43" depart="624.33" departLane="best" from="326994261#0" to="38160001#1" type="truck"/>
    <trip id="truck44" depart="638.85" departLane="best" from="-142575688#6" to="206579057" type="truck"/>
    <trip id="truck45" depart="653.37" departLane="best" from="-28888490" to="314415495#5" type="truck"/>
    <trip id="truck46" depart="667.89" departLane="best" from="141968830" to="-172014854#0" type="truck"/>
    <trip id="truck47" depart="682.41" departLane="best" from="142575699#0" to="147859765#3" type="truck"/>
    <trip id="truck48" depart="696.93" departLane="best" from="141968913" to="142575690#1" type="truck"/>
    <trip id="truck49" depart="711.45" departLane="best" from="-142575704#0" to="-190083616" type="truck"/>
    <trip id="truck50" depart="725.97" departLane="best" from="-142575688#8" to="143308527#6" type="truck"/>
    <trip id="truck51" depart="740.49" departLane="best" from="-24214694#0" to="318210378#2" type="truck"/>
    <trip id="truck52" depart="755.01" departLane="best" from="318210371#3" to="-142575661#4" type="truck"/>
    <trip id="truck53" depart="769.53" departLane="best" from="-206579061" to="-142575701#2" type="truck"/>
    <trip id="truck54" depart="784.05" departLane="best" from="142575667#0" to="24214694#1" type="truck"/>
    <trip id="truck56" depart="813.09" departLane="best" from="-142575695#1" to="141968823" type="truck"/>
    <trip id="truck57" depart="827.61" departLane="best" from="141968830" to="142575658#1" type="truck"/>
    <trip id="truck58" depart="842.13" departLane="best" from="81639675#0" to="-142575688#8" type="truck"/>
    <trip id="truck59" depart="856.64" departLane="best" from="137483015#5" to="-38507369#1" type="truck"/>
    <trip id="truck60" depart="871.16" departLane="best" from="141968830" to="-31050366#1" type="truck"/>
    <trip id="truck61" depart="885.68" departLane="best" from="-283317455#1" to="320744688" type="truck"/>
    <trip id="truck63" depart="914.72" departLane="best" from="137483015#3" to="-142575658#1" type="truck"/>
    <trip id="truck64" depart="929.24" departLane="best" from="12749623" to="71028777#0" type="truck"/>
    <trip id="truck65" depart="943.76" departLane="best" from="142575656#8" to="137483015#3" type="truck"/>
    <trip id="truck66" depart="958.28" departLane="best" from="-143308527#1" to="-314415495#3" type="truck"/>
    <trip id="truck68" depart="987.32" departLane="best" from="-24214694#5" to="-142575694#0" type="truck"/>
    <trip id="truck69" depart="1001.84" departLane="best" from="38160001#1" to="-206579064#2" type="truck"/>
    <trip id="truck70" depart="1016.36" departLane="best" from="141968830" to="142575704#0" type="truck"/>
    <trip id="truck72" depart="1045.40" departLane="best" from="145586635" to="-314415495#5" type="truck"/>
    <trip id="truck73" depart="1059.92" departLane="best" from="-318210378#2" to="190083608#1" type="truck"/>
    <trip id="truck74" depart="1074.44" departLane="best" from="-28888490" to="320744688" type="truck"/>
    <trip id="truck75" depart="1088.95" departLane="best" from="-81096583" to="-143308503#0" type="truck"/>
    <trip id="truck76" depart="1103.47" departLane="best" from="314415495#15" to="143308562#3" type="truck"/>
    <trip id="truck79" depart="1147.03" departLane="best" from="-142575704#7" to="-142575691#1" type="truck"/>
    <trip id="truck80" depart="1161.55" departLane="best" from="-142575695#1" to="142575693#3" type="truck"/>
    <trip id="truck81" depart="1176.07" departLane="best" from="-314415495#1" to="143308493#2" type="truck"/>
    <trip id="truck82" depart="1190.59" departLane="best" from="180239858#1" to="-147859765#1" type="truck"/>
    <trip id="truck84" depart="1219.63" departLane="best" from="142575679#7" to="318210378#2" type="truck"/>
    <trip id="truck85" depart="1234.15" departLane="best" from="314415495#8" to="-142575688#3" type="truck"/>
    <trip id="truck86" depart="1248.67" departLane="best" from="141968830" to="-31050360#1" type="truck"/>
    <trip id="truck87" depart="1263.19" departLane="best" from="-137483015#2" to="206579084" type="truck"/>
    <trip id="truck88" depart="1277.71" departLane="best" from="-142575690#0" to="318210366" type="truck"/>
    <trip id="truck89" depart="1292.23" departLane="best" from="43660343" to="142575692#5" type="truck"/>
    <trip id="truck90" depart="1306.75" departLane="best" from="-143308503#2" to="-142575699#3" type="truck"/>
    <trip id="truck91" depart="1321.27" departLane="best" from="-318210371#3" to="318210378#2" type="truck"/>
    <trip id="truck92" depart="1335.78" departLane="best" from="43660343" to="-172013798#2" type="truck"/>
    <trip id="truck93" depart="1350.30" departLane="best" from="-26991766#7" to="-142575690#0" type="truck"/>
    <trip id="truck94" depart="1364.82" departLane="best" from="25382187" to="318210367#1" type="truck"/>
    <trip id="truck95" depart="1379.34" departLane="best" from="141968810" to="143308527#6" type="truck"/>
    <trip id="truck96" depart="1393.86" departLane="best" from="-143308527#0" to="320744688" type="truck"/>
    <trip id="truck97" depart="1408.38" departLane="best" from="318210383#0" to="52081075#2" type="truck"/>
    <trip id="truck99" depart="1437.42" departLane="best" from="-33690600" to="320744688" type="truck"/>
    <trip id="truck100" depart="1451.94" departLane="best" from="283317455#0" to="314415495#15" type="truck"/>
    <trip id="truck102" depart="1480.98" departLane="best" from="25382187" to="-142575690#4" type="truck"/>
    <trip id="truck103" depart="1495.50" departLane="best" from="320741894#0" to="314415495#11" type="truck"/>
    <trip id="truck104" depart="1510.02" departLane="best" from="-206579064#2" to="28888490" type="truck"/>
    <trip id="truck105" depart="1524.54" departLane="best" from="142575658#2" to="-314415495#9" type="truck"/>
    <trip id="truck106" depart="1539.06" departLane="best" from="26991766#3" to="-190083616" type="truck"/>
    <trip id="truck107" depart="1553.58" departLane="best" from="-318210380#1" to="314415495#17" type="truck"/>
    <trip id="truck110" depart="1597.13" departLane="best" from="81639675#0" to="142575692#3" type="truck"/>
    <trip id="truck111" depart="1611.65" departLane="best" from="52460499#6" to="-142575691#1" type="truck"/>
    <trip id="truck112" depart="1626.17" departLane="best" from="71028777#4" to="-26991766#1" type="truck"/>
    <trip id="truck113" depart="1640.69" departLane="best" from="-142575695#1" to="141968844#1" type="truck"/>
    <trip id="truck114" depart="1655.21" departLane="best" from="190083616" to="-318210371#0" type="truck"/>
    <trip id="truck115" depart="1669.73" departLane="best" from="-137483015#0" to="320744688" type="truck"/>
    <trip id="truck116" depart="1684.25" departLane="best" from="206579057" to="143308546#19" type="truck"/>
    <trip id="truck117" depart="1698.77" departLane="best" from="-71028777#1" to="-142575661#4" type="truck"/>
    <trip id="truck118" depart="1713.29" departLane="best" from="145586635" to="-38159999#1" type="truck"/>
    <trip id="truck120" depart="1742.33" departLane="best" from="190083608#1" to="-314415495#5" type="truck"/>
    <trip id="truck121" depart="1756.85" departLane="best" from="-318210373" to="-81639678#0" type="truck"/>
    <trip id="truck122" depart="1771.37" departLane="best" from="137483015#5" to="-314415495#19" type="truck"/>
    <trip id="truck123" depart="1785.89" departLane="best" from="-142575704#2" to="-81639678#0" type="truck"/>
</routes>
