<?xml version="1.0"?>
<!-- generated on 2016-05-17 14:25:49.539000 by $Id: route2trips.py 20433 2016-04-13 08:00:14Z behrisch $ -->
<trips>
    <vType id="rail" vClass="rail"/>
    <trip id="rail0" depart="0.00" departLane="best" from="370203071#0" to="206889081" type="rail"/>
    <trip id="rail1" depart="176.52" departLane="best" from="370203071#0" to="206889081" type="rail"/>
    <trip id="rail2" depart="353.04" departLane="best" from="370203071#0" to="22917993#1" type="rail"/>
    <trip id="rail3" depart="529.55" departLane="best" from="370203071#0" to="22945744" type="rail"/>
    <trip id="rail4" depart="706.07" departLane="best" from="370203071#0" to="206889081" type="rail"/>
    <trip id="rail5" depart="882.59" departLane="best" from="320737484" to="24200501#1" type="rail"/>
    <trip id="rail6" depart="1059.11" departLane="best" from="22945697" to="24200501#1" type="rail"/>
    <trip id="rail7" depart="1235.62" departLane="best" from="417038997" to="24200501#1" type="rail"/>
    <trip id="rail8" depart="1412.14" departLane="best" from="320737484" to="24200501#1" type="rail"/>
    <trip id="rail9" depart="1588.66" departLane="best" from="370203071#0" to="22917993#1" type="rail"/>
    <trip id="rail10" depart="1765.18" departLane="best" from="370203071#0" to="22917993#1" type="rail"/>
    <trip id="rail11" depart="1941.69" departLane="best" from="370203071#0" to="22945744" type="rail"/>
    <trip id="rail12" depart="2118.21" departLane="best" from="22945697" to="24200501#1" type="rail"/>
    <trip id="rail13" depart="2294.73" departLane="best" from="370203071#0" to="22945744" type="rail"/>
    <trip id="rail14" depart="2471.25" departLane="best" from="370203071#0" to="320737460" type="rail"/>
    <trip id="rail15" depart="2647.76" departLane="best" from="22945697" to="24200501#1" type="rail"/>
    <trip id="rail16" depart="2824.28" departLane="best" from="370203071#0" to="22945744" type="rail"/>
    <trip id="rail17" depart="3000.80" departLane="best" from="22945697" to="24200501#1" type="rail"/>
    <trip id="rail18" depart="3177.32" departLane="best" from="370203071#0" to="22917993#1" type="rail"/>
    <trip id="rail19" depart="3353.84" departLane="best" from="370203071#0" to="320737460" type="rail"/>
    <trip id="rail20" depart="3530.35" departLane="best" from="22945697" to="24200501#1" type="rail"/>
</trips>
