<?xml version="1.0"?>
<!-- generated on 2016-05-17 14:26:04.366000 by $Id: route2trips.py 20433 2016-04-13 08:00:14Z behrisch $ -->
<trips>
    <vType id="ship" vClass="ship"/>
    <trip id="ship0" depart="0.00" from="31233332#0" to="-31233332#2" type="ship"/>
    <trip id="ship1" depart="185.39" from="-160619736" to="-31233332#2" type="ship"/>
    <trip id="ship2" depart="370.78" from="31233332#0" to="160619736" type="ship"/>
    <trip id="ship3" depart="556.16" from="31233332#0" to="-31233332#2" type="ship"/>
    <trip id="ship4" depart="741.55" from="-160619736" to="-31233332#2" type="ship"/>
    <trip id="ship5" depart="926.94" from="-160619736" to="160619736" type="ship"/>
    <trip id="ship6" depart="1112.33" from="-160619736" to="-31233332#2" type="ship"/>
    <trip id="ship7" depart="1297.71" from="31233332#0" to="160619736" type="ship"/>
    <trip id="ship8" depart="1483.10" from="-160619736" to="160619736" type="ship"/>
    <trip id="ship9" depart="1668.49" from="31233332#0" to="-31233332#2" type="ship"/>
    <trip id="ship10" depart="1853.88" from="31233332#0" to="160619736" type="ship"/>
    <trip id="ship11" depart="2039.27" from="-160619736" to="-31233332#2" type="ship"/>
    <trip id="ship12" depart="2224.65" from="31233332#0" to="-31233332#2" type="ship"/>
    <trip id="ship13" depart="2410.04" from="-160619736" to="-31233332#2" type="ship"/>
    <trip id="ship14" depart="2595.43" from="31233332#0" to="160619736" type="ship"/>
    <trip id="ship15" depart="2780.82" from="31233332#0" to="160619736" type="ship"/>
    <trip id="ship16" depart="2966.21" from="31233332#0" to="160619736" type="ship"/>
    <trip id="ship17" depart="3151.59" from="-160619736" to="160619736" type="ship"/>
    <trip id="ship18" depart="3336.98" from="31233332#0" to="160619736" type="ship"/>
    <trip id="ship19" depart="3522.37" from="31233332#0" to="160619736" type="ship"/>
</trips>
