<?xml version="1.0"?>
<!-- generated on 2016-05-17 14:25:45.142000 by $Id: route2trips.py 20433 2016-04-13 08:00:14Z behrisch $ -->
<trips>
    <vType id="tram" vClass="tram"/>
    <trip id="tram0" depart="0.00" departLane="best" from="86614778" to="158236383#2" type="tram"/>
    <trip id="tram1" depart="314.70" departLane="best" from="86614778" to="118132038" type="tram"/>
    <trip id="tram2" depart="629.40" departLane="best" from="86614778" to="206889079#5" type="tram"/>
    <trip id="tram3" depart="944.10" departLane="best" from="86614778" to="220198810#4" type="tram"/>
    <trip id="tram4" depart="1258.80" departLane="best" from="86614778" to="385981675#1" type="tram"/>
    <trip id="tram5" depart="1573.50" departLane="best" from="86614778" to="220198810#2" type="tram"/>
    <trip id="tram6" depart="1888.19" departLane="best" from="86614778" to="158236381" type="tram"/>
    <trip id="tram7" depart="2202.89" departLane="best" from="86614778" to="206889079#4" type="tram"/>
    <trip id="tram8" depart="2517.59" departLane="best" from="86614778" to="220198808#2" type="tram"/>
    <trip id="tram9" depart="2832.29" departLane="best" from="86614778" to="220198808#6" type="tram"/>
    <trip id="tram10" depart="3146.99" departLane="best" from="86614778" to="220198808#1" type="tram"/>
    <trip id="tram11" depart="3461.69" departLane="best" from="86614778" to="220198808#8" type="tram"/>
</trips>
