<?xml version="1.0"?>
<!-- generated on 2016-05-17 14:25:47.415000 by $Id: route2trips.py 20433 2016-04-13 08:00:14Z behrisch $ -->
<trips>
    <vType id="bus" vClass="bus"/>
    <trip id="bus0" depart="0.00" departLane="best" from="143308552#0" to="-138624438#2" type="bus"/>
    <trip id="bus1" depart="13.87" departLane="best" from="187123053#2" to="172013798#0" type="bus"/>
    <trip id="bus2" depart="27.73" departLane="best" from="-81096611#11" to="-138624452#2" type="bus"/>
    <trip id="bus3" depart="41.60" departLane="best" from="-156066226#1" to="142575688#10" type="bus"/>
    <trip id="bus4" depart="55.47" departLane="best" from="-138624445#0" to="-149611514#7" type="bus"/>
    <trip id="bus5" depart="69.33" departLane="best" from="143308601#1" to="142575710#3" type="bus"/>
    <trip id="bus7" depart="97.06" departLane="best" from="24038694#3" to="-135777010#21" type="bus"/>
    <trip id="bus8" depart="110.93" departLane="best" from="-318210396#1" to="-143308523#8" type="bus"/>
    <trip id="bus9" depart="124.80" departLane="best" from="52460499#2" to="-375685662" type="bus"/>
    <trip id="bus11" depart="152.53" departLane="best" from="-38568631" to="143308521#1" type="bus"/>
    <trip id="bus13" depart="180.26" departLane="best" from="314415495#8" to="143308546#15" type="bus"/>
    <trip id="bus14" depart="194.13" departLane="best" from="153021549#4" to="-138624477#8" type="bus"/>
    <trip id="bus15" depart="208.00" departLane="best" from="-172013798#0" to="-26613776#0" type="bus"/>
    <trip id="bus16" depart="221.86" departLane="best" from="-142575673#0" to="-187123053#2" type="bus"/>
    <trip id="bus17" depart="235.73" departLane="best" from="-142575688#7" to="-24038694#1" type="bus"/>
    <trip id="bus19" depart="263.46" departLane="best" from="-23913525#1" to="46150483" type="bus"/>
    <trip id="bus20" depart="277.33" departLane="best" from="81639675#3" to="149611514#5" type="bus"/>
    <trip id="bus21" depart="291.19" departLane="best" from="142575686#1" to="180239858#1" type="bus"/>
    <trip id="bus22" depart="305.06" departLane="best" from="292525972" to="257072321#1" type="bus"/>
    <trip id="bus23" depart="318.93" departLane="best" from="-172013798#2" to="-138624458#0" type="bus"/>
    <trip id="bus25" depart="346.66" departLane="best" from="318210375#1" to="-318210371#3" type="bus"/>
    <trip id="bus26" depart="360.53" departLane="best" from="144909690#0" to="-98256382#2" type="bus"/>
    <trip id="bus28" depart="388.26" departLane="best" from="142575688#10" to="-23913524#4" type="bus"/>
    <trip id="bus29" depart="402.13" departLane="best" from="142575699#3" to="38568632" type="bus"/>
    <trip id="bus31" depart="429.86" departLane="best" from="98256382#0" to="142575688#7" type="bus"/>
    <trip id="bus32" depart="443.73" departLane="best" from="-142575679#8" to="-138628388" type="bus"/>
    <trip id="bus33" depart="457.59" departLane="best" from="-142575691#4" to="147053824#3" type="bus"/>
    <trip id="bus34" depart="471.46" departLane="best" from="23913524#4" to="138624438#2" type="bus"/>
    <trip id="bus35" depart="485.32" departLane="best" from="-142575656#12" to="-81096611#0" type="bus"/>
    <trip id="bus36" depart="499.19" departLane="best" from="97206935#0" to="142575695#1" type="bus"/>
    <trip id="bus37" depart="513.06" departLane="best" from="72077912#1" to="334308447#0" type="bus"/>
    <trip id="bus38" depart="526.92" departLane="best" from="-137483015#0" to="206579063#0" type="bus"/>
    <trip id="bus39" depart="540.79" departLane="best" from="149611511#0" to="142575704#1" type="bus"/>
    <trip id="bus40" depart="554.66" departLane="best" from="-23913525#1" to="149611514#6" type="bus"/>
    <trip id="bus41" depart="568.52" departLane="best" from="-142575695#0" to="138624469#0" type="bus"/>
    <trip id="bus42" depart="582.39" departLane="best" from="137483074#1" to="52081075#5" type="bus"/>
    <trip id="bus43" depart="596.26" departLane="best" from="318210374" to="-23913525#0" type="bus"/>
    <trip id="bus44" depart="610.12" departLane="best" from="141968799" to="-146511461#5" type="bus"/>
    <trip id="bus45" depart="623.99" departLane="best" from="38507369#2" to="35554225#1" type="bus"/>
    <trip id="bus46" depart="637.86" departLane="best" from="143308521#4" to="-143308523#4" type="bus"/>
    <trip id="bus47" depart="651.72" departLane="best" from="206579064#0" to="142575704#3" type="bus"/>
    <trip id="bus48" depart="665.59" departLane="best" from="22762397#0" to="142575699#1" type="bus"/>
    <trip id="bus49" depart="679.45" departLane="best" from="-117951616" to="-321096467#2" type="bus"/>
    <trip id="bus50" depart="693.32" departLane="best" from="-138624421#3" to="40191607#7" type="bus"/>
    <trip id="bus51" depart="707.19" departLane="best" from="318210378#2" to="318210353" type="bus"/>
    <trip id="bus52" depart="721.05" departLane="best" from="-28888490" to="-140964924" type="bus"/>
    <trip id="bus53" depart="734.92" departLane="best" from="-142575657#1" to="24038584#4" type="bus"/>
    <trip id="bus54" depart="748.79" departLane="best" from="206889086#0" to="-142575704#0" type="bus"/>
    <trip id="bus55" depart="762.65" departLane="best" from="138624465#1" to="143308505#1" type="bus"/>
    <trip id="bus56" depart="776.52" departLane="best" from="-81096611#4" to="-152839428" type="bus"/>
    <trip id="bus58" depart="804.25" departLane="best" from="-149611526" to="-318210369#0" type="bus"/>
    <trip id="bus59" depart="818.12" departLane="best" from="97206935#0" to="152466402#1" type="bus"/>
    <trip id="bus60" depart="831.99" departLane="best" from="-99157761#2" to="142575691#2" type="bus"/>
    <trip id="bus61" depart="845.85" departLane="best" from="-142575701#2" to="-187122892#2" type="bus"/>
    <trip id="bus62" depart="859.72" departLane="best" from="-318210396#1" to="143308555#3" type="bus"/>
    <trip id="bus63" depart="873.58" departLane="best" from="-172013798#2" to="38574182" type="bus"/>
    <trip id="bus64" depart="887.45" departLane="best" from="314415495#4" to="-142575656#11" type="bus"/>
    <trip id="bus65" depart="901.32" departLane="best" from="-152839428" to="-142575704#3" type="bus"/>
    <trip id="bus66" depart="915.18" departLane="best" from="46150482" to="143308542#4" type="bus"/>
    <trip id="bus67" depart="929.05" departLane="best" from="138624458#0" to="25771472#1" type="bus"/>
    <trip id="bus68" depart="942.92" departLane="best" from="-142575688#10" to="138624458#1" type="bus"/>
    <trip id="bus69" depart="956.78" departLane="best" from="-81096611#5" to="142575656#11" type="bus"/>
    <trip id="bus70" depart="970.65" departLane="best" from="187122892#3" to="169076556#3" type="bus"/>
    <trip id="bus71" depart="984.52" departLane="best" from="81096611#9" to="-142575679#2" type="bus"/>
    <trip id="bus73" depart="1012.25" departLane="best" from="314415495#8" to="-221111489" type="bus"/>
    <trip id="bus74" depart="1026.12" departLane="best" from="-147859765#0" to="140964910#3" type="bus"/>
    <trip id="bus75" depart="1039.98" departLane="best" from="-81096611#11" to="-24038694#2" type="bus"/>
    <trip id="bus76" depart="1053.85" departLane="best" from="-206579064#1" to="40191607#1" type="bus"/>
    <trip id="bus77" depart="1067.71" departLane="best" from="135777010#11" to="334308447#1" type="bus"/>
    <trip id="bus78" depart="1081.58" departLane="best" from="142575679#4" to="-140964905#2" type="bus"/>
    <trip id="bus79" depart="1095.45" departLane="best" from="99157761#0" to="318210363#0" type="bus"/>
    <trip id="bus80" depart="1109.31" departLane="best" from="72077912#0" to="40191607#6" type="bus"/>
    <trip id="bus81" depart="1123.18" departLane="best" from="30978409#1" to="-143308700#2" type="bus"/>
    <trip id="bus82" depart="1137.05" departLane="best" from="138624477#7" to="-166142948" type="bus"/>
    <trip id="bus84" depart="1164.78" departLane="best" from="-38568631" to="81639675#0" type="bus"/>
    <trip id="bus85" depart="1178.65" departLane="best" from="137534616#1" to="138624438#3" type="bus"/>
    <trip id="bus86" depart="1192.51" departLane="best" from="52460499#3" to="98256382#2" type="bus"/>
    <trip id="bus87" depart="1206.38" departLane="best" from="142575685" to="206579057" type="bus"/>
    <trip id="bus88" depart="1220.25" departLane="best" from="-143308601#1" to="-31050366#1" type="bus"/>
    <trip id="bus89" depart="1234.11" departLane="best" from="72077912#0" to="143308546#18" type="bus"/>
    <trip id="bus90" depart="1247.98" departLane="best" from="-142575655#10" to="143308549#0" type="bus"/>
    <trip id="bus91" depart="1261.84" departLane="best" from="141968799" to="318210396#0" type="bus"/>
    <trip id="bus92" depart="1275.71" departLane="best" from="-143308601#2" to="52460499#3" type="bus"/>
    <trip id="bus93" depart="1289.58" departLane="best" from="-142575673#0" to="-147859763#0" type="bus"/>
    <trip id="bus94" depart="1303.44" departLane="best" from="142575704#7" to="170543741#1" type="bus"/>
    <trip id="bus95" depart="1317.31" departLane="best" from="-187122892#6" to="-142575691#4" type="bus"/>
    <trip id="bus98" depart="1358.91" departLane="best" from="-73058506#1" to="143308546#8" type="bus"/>
    <trip id="bus99" depart="1372.78" departLane="best" from="142575656#6" to="46150481#0" type="bus"/>
    <trip id="bus101" depart="1400.51" departLane="best" from="147053824#0" to="-314415495#11" type="bus"/>
    <trip id="bus102" depart="1414.38" departLane="best" from="-142575659#0" to="141968853#0" type="bus"/>
    <trip id="bus103" depart="1428.24" departLane="best" from="-142575659#1" to="-156066226#1" type="bus"/>
    <trip id="bus104" depart="1442.11" departLane="best" from="-23913524#3" to="46039050#4" type="bus"/>
    <trip id="bus105" depart="1455.97" departLane="best" from="-38568627#1" to="-143308562#1" type="bus"/>
    <trip id="bus106" depart="1469.84" departLane="best" from="259433184#0" to="190928926#0" type="bus"/>
    <trip id="bus107" depart="1483.71" departLane="best" from="143308523#0" to="81639675#3" type="bus"/>
    <trip id="bus108" depart="1497.57" departLane="best" from="144909690#0" to="-135777010#5" type="bus"/>
    <trip id="bus109" depart="1511.44" departLane="best" from="24544152" to="-314415495#10" type="bus"/>
    <trip id="bus110" depart="1525.31" departLane="best" from="-143308503#1" to="-142575690#3" type="bus"/>
    <trip id="bus111" depart="1539.17" departLane="best" from="-23925119#1" to="143308626" type="bus"/>
    <trip id="bus112" depart="1553.04" departLane="best" from="178028203#1" to="-152447118#0" type="bus"/>
    <trip id="bus113" depart="1566.91" departLane="best" from="143308546#21" to="-23913525#1" type="bus"/>
    <trip id="bus114" depart="1580.77" departLane="best" from="138628388" to="38574182" type="bus"/>
    <trip id="bus115" depart="1594.64" departLane="best" from="292525972-AddedOffRampEdge" to="-142575677#0" type="bus"/>
    <trip id="bus116" depart="1608.51" departLane="best" from="-135777010#17" to="24214694#1" type="bus"/>
    <trip id="bus117" depart="1622.37" departLane="best" from="143308546#8" to="-23913524#3" type="bus"/>
    <trip id="bus119" depart="1650.10" departLane="best" from="-142575661#1" to="383474991" type="bus"/>
    <trip id="bus120" depart="1663.97" departLane="best" from="375685717#1" to="143308484" type="bus"/>
    <trip id="bus121" depart="1677.84" departLane="best" from="-143308523#8" to="-142575701#1" type="bus"/>
    <trip id="bus122" depart="1691.70" departLane="best" from="-28888490" to="38568632" type="bus"/>
    <trip id="bus124" depart="1719.44" departLane="best" from="-206579063#0" to="-142575684#1" type="bus"/>
    <trip id="bus125" depart="1733.30" departLane="best" from="22762397#0" to="38507369#1" type="bus"/>
    <trip id="bus127" depart="1761.04" departLane="best" from="-143308601#1" to="40191608" type="bus"/>
    <trip id="bus128" depart="1774.90" departLane="best" from="318210353" to="81096611#1" type="bus"/>
    <trip id="bus129" depart="1788.77" departLane="best" from="24152326#0" to="38160001#0" type="bus"/>
    <trip id="bus131" depart="1816.50" departLane="best" from="-318210377#0" to="43660343#0" type="bus"/>
    <trip id="bus132" depart="1830.37" departLane="best" from="24038584#3" to="334308450#0" type="bus"/>
    <trip id="bus133" depart="1844.23" departLane="best" from="230625607#3" to="-142575688#12" type="bus"/>
    <trip id="bus134" depart="1858.10" departLane="best" from="318210371#1" to="321096467#1" type="bus"/>
    <trip id="bus135" depart="1871.97" departLane="best" from="-166142951" to="31050360#0" type="bus"/>
    <trip id="bus136" depart="1885.83" departLane="best" from="138624421#5" to="-314415495#4" type="bus"/>
    <trip id="bus137" depart="1899.70" departLane="best" from="23925119#1" to="-187122892#7" type="bus"/>
    <trip id="bus138" depart="1913.57" departLane="best" from="-138624434" to="-149611511#0" type="bus"/>
    <trip id="bus139" depart="1927.43" departLane="best" from="-318210371#0" to="334308450#1" type="bus"/>
    <trip id="bus140" depart="1941.30" departLane="best" from="71960633#1" to="-24038694#3" type="bus"/>
    <trip id="bus141" depart="1955.17" departLane="best" from="143308555#2" to="135777010#10" type="bus"/>
    <trip id="bus142" depart="1969.03" departLane="best" from="81096611#4" to="142575704#0" type="bus"/>
    <trip id="bus144" depart="1996.77" departLane="best" from="72077912#0" to="-146511461#4" type="bus"/>
    <trip id="bus145" depart="2010.63" departLane="best" from="70130339#4" to="-23925119#0" type="bus"/>
    <trip id="bus146" depart="2024.50" departLane="best" from="-142575691#1" to="138624465#5" type="bus"/>
    <trip id="bus147" depart="2038.36" departLane="best" from="187122892#2" to="-318210371#1" type="bus"/>
    <trip id="bus148" depart="2052.23" departLane="best" from="-38574182" to="143308546#14" type="bus"/>
    <trip id="bus149" depart="2066.10" departLane="best" from="-221111489" to="20551905#0" type="bus"/>
    <trip id="bus150" depart="2079.96" departLane="best" from="-135777010#1" to="40191607#5" type="bus"/>
    <trip id="bus151" depart="2093.83" departLane="best" from="142575674#1" to="206579062#0" type="bus"/>
    <trip id="bus152" depart="2107.70" departLane="best" from="190083616#0" to="166142951" type="bus"/>
    <trip id="bus153" depart="2121.56" departLane="best" from="180239842" to="-314415495#12" type="bus"/>
    <trip id="bus154" depart="2135.43" departLane="best" from="-28888490" to="137483015#2" type="bus"/>
    <trip id="bus156" depart="2163.16" departLane="best" from="-142575704#7" to="138624434" type="bus"/>
    <trip id="bus159" depart="2204.76" departLane="best" from="-26613776#1" to="143308503#0" type="bus"/>
    <trip id="bus161" depart="2232.49" departLane="best" from="-81639678#0" to="143308546#2" type="bus"/>
    <trip id="bus162" depart="2246.36" departLane="best" from="144909690#0" to="142575656#0" type="bus"/>
    <trip id="bus163" depart="2260.23" departLane="best" from="135777010#10" to="-166142948" type="bus"/>
    <trip id="bus164" depart="2274.09" departLane="best" from="23925122" to="-144909690#0" type="bus"/>
    <trip id="bus165" depart="2287.96" departLane="best" from="-142575677#4" to="142575690#6" type="bus"/>
    <trip id="bus166" depart="2301.83" departLane="best" from="143308546#19" to="-35554225#0" type="bus"/>
    <trip id="bus167" depart="2315.69" departLane="best" from="24733698#1" to="23925119#0" type="bus"/>
    <trip id="bus168" depart="2329.56" departLane="best" from="147053824#3" to="-187122892#2" type="bus"/>
    <trip id="bus169" depart="2343.43" departLane="best" from="-149611524#0" to="-138624438#1" type="bus"/>
    <trip id="bus170" depart="2357.29" departLane="best" from="-20551912#0" to="142575658#0" type="bus"/>
    <trip id="bus171" depart="2371.16" departLane="best" from="140964910#0" to="-206579064#1" type="bus"/>
    <trip id="bus172" depart="2385.03" departLane="best" from="144909690#1" to="-135777010#2" type="bus"/>
    <trip id="bus173" depart="2398.89" departLane="best" from="20551905#4" to="24152326#1" type="bus"/>
    <trip id="bus174" depart="2412.76" departLane="best" from="-142575690#6" to="138624445#3" type="bus"/>
    <trip id="bus176" depart="2440.49" departLane="best" from="142575656#1" to="-140964905#1" type="bus"/>
    <trip id="bus177" depart="2454.36" departLane="best" from="-206579063#0" to="318210386#0" type="bus"/>
    <trip id="bus178" depart="2468.22" departLane="best" from="137534616#3" to="283006416#0" type="bus"/>
    <trip id="bus179" depart="2482.09" departLane="best" from="146511461#8" to="81639675#5" type="bus"/>
    <trip id="bus180" depart="2495.96" departLane="best" from="142575704#8" to="52036180#6" type="bus"/>
    <trip id="bus182" depart="2523.69" departLane="best" from="178028206#2" to="142575688#1" type="bus"/>
    <trip id="bus183" depart="2537.56" departLane="best" from="259433182#1" to="143308503#0" type="bus"/>
    <trip id="bus184" depart="2551.42" departLane="best" from="347935096#1" to="23913524#1" type="bus"/>
    <trip id="bus185" depart="2565.29" departLane="best" from="138624465#0" to="-230625607#3" type="bus"/>
    <trip id="bus186" depart="2579.16" departLane="best" from="-206579060#1" to="149611514#1" type="bus"/>
    <trip id="bus187" depart="2593.02" departLane="best" from="206889086#0" to="142575692#6" type="bus"/>
    <trip id="bus188" depart="2606.89" departLane="best" from="143308546#0" to="-24038694#0" type="bus"/>
    <trip id="bus190" depart="2634.62" departLane="best" from="-23925119#0" to="-318210379" type="bus"/>
    <trip id="bus191" depart="2648.49" departLane="best" from="142575674#5" to="-143308485" type="bus"/>
    <trip id="bus192" depart="2662.35" departLane="best" from="-178028203#2" to="187122892#7" type="bus"/>
    <trip id="bus193" depart="2676.22" departLane="best" from="156066226#0" to="-142575655#0" type="bus"/>
    <trip id="bus194" depart="2690.09" departLane="best" from="-52081075#6" to="142575704#8" type="bus"/>
    <trip id="bus195" depart="2703.95" departLane="best" from="-71028777#3" to="-152466402#0" type="bus"/>
    <trip id="bus196" depart="2717.82" departLane="best" from="-81096583" to="38574171" type="bus"/>
    <trip id="bus197" depart="2731.69" departLane="best" from="142575699#2" to="187123053#1" type="bus"/>
    <trip id="bus198" depart="2745.55" departLane="best" from="314415495#17" to="24038694#3" type="bus"/>
    <trip id="bus199" depart="2759.42" departLane="best" from="-38568633" to="-135777010#20" type="bus"/>
    <trip id="bus200" depart="2773.29" departLane="best" from="-35554225#1" to="23925124#0" type="bus"/>
    <trip id="bus201" depart="2787.15" departLane="best" from="314415495#10" to="52081075#4" type="bus"/>
    <trip id="bus202" depart="2801.02" departLane="best" from="-73058506#1" to="23913525#3" type="bus"/>
    <trip id="bus203" depart="2814.88" departLane="best" from="142575677#5" to="143308626" type="bus"/>
    <trip id="bus205" depart="2842.62" departLane="best" from="-99157761#1" to="-138624452#1" type="bus"/>
    <trip id="bus206" depart="2856.48" departLane="best" from="-318210380#1" to="172014854#1" type="bus"/>
    <trip id="bus207" depart="2870.35" departLane="best" from="-52081075#10" to="-143308700#0" type="bus"/>
    <trip id="bus208" depart="2884.22" departLane="best" from="138624445#2" to="-142575701#1" type="bus"/>
    <trip id="bus209" depart="2898.08" departLane="best" from="143308542#14" to="-138624445#1" type="bus"/>
    <trip id="bus210" depart="2911.95" departLane="best" from="-45875465#2" to="143308532#0" type="bus"/>
    <trip id="bus211" depart="2925.82" departLane="best" from="-138624445#1" to="149611524#0" type="bus"/>
    <trip id="bus212" depart="2939.68" departLane="best" from="-143308505#1" to="142575655#3" type="bus"/>
    <trip id="bus213" depart="2953.55" departLane="best" from="-140964907#2" to="-73058506#0" type="bus"/>
    <trip id="bus214" depart="2967.42" departLane="best" from="-152709073" to="-334308447#2" type="bus"/>
    <trip id="bus215" depart="2981.28" departLane="best" from="206579063#0" to="-73058506#0" type="bus"/>
    <trip id="bus216" depart="2995.15" departLane="best" from="20551912#0" to="318210354#2" type="bus"/>
    <trip id="bus218" depart="3022.88" departLane="best" from="-138624421#3" to="142575704#3" type="bus"/>
    <trip id="bus219" depart="3036.75" departLane="best" from="99157761#2" to="-38568633" type="bus"/>
    <trip id="bus220" depart="3050.61" departLane="best" from="143308601#1" to="257072322#2" type="bus"/>
    <trip id="bus221" depart="3064.48" departLane="best" from="143308700#2" to="23925124#1" type="bus"/>
    <trip id="bus222" depart="3078.35" departLane="best" from="52081075#3" to="-149611514#8" type="bus"/>
    <trip id="bus223" depart="3092.21" departLane="best" from="-138624421#4" to="-143308523#3" type="bus"/>
    <trip id="bus224" depart="3106.08" departLane="best" from="-142575704#5" to="15803814" type="bus"/>
    <trip id="bus225" depart="3119.95" departLane="best" from="142575688#5" to="-170543741#1" type="bus"/>
    <trip id="bus226" depart="3133.81" departLane="best" from="153021542#0" to="24038697" type="bus"/>
    <trip id="bus227" depart="3147.68" departLane="best" from="204721579#4" to="-142575690#2" type="bus"/>
    <trip id="bus229" depart="3175.41" departLane="best" from="-142575691#0" to="-138624438#3" type="bus"/>
    <trip id="bus230" depart="3189.28" departLane="best" from="-31050366#1" to="172013798#1" type="bus"/>
    <trip id="bus231" depart="3203.14" departLane="best" from="52460499#4" to="10735918#0" type="bus"/>
    <trip id="bus232" depart="3217.01" departLane="best" from="31050366#1" to="143308619" type="bus"/>
    <trip id="bus234" depart="3244.74" departLane="best" from="22956997#0" to="-38507369#3" type="bus"/>
    <trip id="bus236" depart="3272.48" departLane="best" from="141968830#1" to="-38159999#0" type="bus"/>
    <trip id="bus237" depart="3286.34" departLane="best" from="-142575690#4" to="52460499#3" type="bus"/>
    <trip id="bus238" depart="3300.21" departLane="best" from="166142947" to="138624469#1" type="bus"/>
    <trip id="bus239" depart="3314.08" departLane="best" from="187123033#0" to="70130339#4" type="bus"/>
    <trip id="bus240" depart="3327.94" departLane="best" from="-23913525#3" to="292525973" type="bus"/>
    <trip id="bus241" depart="3341.81" departLane="best" from="142575674#1" to="142575669" type="bus"/>
    <trip id="bus243" depart="3369.54" departLane="best" from="-23913525#3" to="318210396#0" type="bus"/>
    <trip id="bus244" depart="3383.41" departLane="best" from="318210386#0" to="-206579063#0" type="bus"/>
    <trip id="bus245" depart="3397.27" departLane="best" from="138624438#1" to="143308700#3" type="bus"/>
    <trip id="bus246" depart="3411.14" departLane="best" from="31050366#2" to="-147053824#1" type="bus"/>
    <trip id="bus247" depart="3425.01" departLane="best" from="-152709073" to="26991766#4" type="bus"/>
    <trip id="bus248" depart="3438.87" departLane="best" from="-318210396#1" to="38159999#5" type="bus"/>
    <trip id="bus249" depart="3452.74" departLane="best" from="153021542#1" to="-24038694#0" type="bus"/>
    <trip id="bus250" depart="3466.61" departLane="best" from="-135777011#5" to="52036180#2" type="bus"/>
    <trip id="bus251" depart="3480.47" departLane="best" from="-142575677#5" to="206579062#1" type="bus"/>
    <trip id="bus252" depart="3494.34" departLane="best" from="138628388" to="24038584#3" type="bus"/>
    <trip id="bus254" depart="3522.07" departLane="best" from="140964905#2" to="26613776#1" type="bus"/>
    <trip id="bus255" depart="3535.94" departLane="best" from="-142575684#3" to="-172014854#1" type="bus"/>
    <trip id="bus256" depart="3549.81" departLane="best" from="152447118#0" to="-314415495#6" type="bus"/>
    <trip id="bus257" depart="3563.67" departLane="best" from="142575694#1" to="142575657#1" type="bus"/>
    <trip id="bus258" depart="3577.54" departLane="best" from="142575661#0" to="138624452#0" type="bus"/>
    <trip id="bus259" depart="3591.40" departLane="best" from="204721578#1" to="-347935096#0" type="bus"/>
</trips>
