<?xml version="1.0"?>
<!-- generated on 2016-05-17 14:25:42.983000 by $Id: route2trips.py 20433 2016-04-13 08:00:14Z behrisch $ -->
<trips>
    <vType id="bicycle" vClass="bicycle"/>
    <trip id="bike0" depart="0.00" departLane="best" from="172288752#1" to="-137534616#4" type="bicycle"/>
    <trip id="bike1" depart="5.73" departLane="best" from="-26444467#9" to="-23913524#4" type="bicycle"/>
    <trip id="bike2" depart="11.46" departLane="best" from="24152597#0" to="212454382#1" type="bicycle"/>
    <trip id="bike3" depart="17.18" departLane="best" from="40636828#0" to="-142575704#4" type="bicycle"/>
    <trip id="bike4" depart="22.91" departLane="best" from="10735918#0" to="-138624438#2" type="bicycle"/>
    <trip id="bike5" depart="28.64" departLane="best" from="-212454162#2" to="142575731#1" type="bicycle"/>
    <trip id="bike6" depart="34.37" departLane="best" from="-137534616#2" to="-212450340#0" type="bicycle"/>
    <trip id="bike7" depart="40.10" departLane="best" from="180239842" to="143308555#3" type="bicycle"/>
    <trip id="bike8" depart="45.82" departLane="best" from="-212454382#2" to="149611534#1" type="bicycle"/>
    <trip id="bike9" depart="51.55" departLane="best" from="314415495#6" to="-114952399#1" type="bicycle"/>
    <trip id="bike10" depart="57.28" departLane="best" from="314415495#12" to="23925123" type="bicycle"/>
    <trip id="bike11" depart="63.01" departLane="best" from="-35554225#0" to="-152709086" type="bicycle"/>
    <trip id="bike12" depart="68.73" departLane="best" from="59461375#1" to="-412814187#1" type="bicycle"/>
    <trip id="bike13" depart="74.46" departLane="best" from="-142575721#1" to="-142575734#2" type="bicycle"/>
    <trip id="bike14" depart="80.19" departLane="best" from="354084466#1" to="153021549#1" type="bicycle"/>
    <trip id="bike15" depart="85.92" departLane="best" from="314415495#17" to="257005614#0" type="bicycle"/>
    <trip id="bike16" depart="91.65" departLane="best" from="142575726#0" to="71960638#0" type="bicycle"/>
    <trip id="bike17" depart="97.37" departLane="best" from="-48923304#1" to="143308615#2" type="bicycle"/>
    <trip id="bike18" depart="103.10" departLane="best" from="320741897" to="172288751#1" type="bicycle"/>
    <trip id="bike19" depart="108.83" departLane="best" from="383474991" to="146738852#0" type="bicycle"/>
    <trip id="bike20" depart="114.56" departLane="best" from="212498575" to="-140964924" type="bicycle"/>
    <trip id="bike21" depart="120.29" departLane="best" from="-22758963" to="-314415495#5" type="bicycle"/>
    <trip id="bike22" depart="126.01" departLane="best" from="-142575694#0" to="-24038661#0" type="bicycle"/>
    <trip id="bike23" depart="131.74" departLane="best" from="-142598714" to="-302943909#2" type="bicycle"/>
    <trip id="bike24" depart="137.47" departLane="best" from="170543741#2" to="-53529457#1" type="bicycle"/>
    <trip id="bike25" depart="143.20" departLane="best" from="-41319976" to="-212454382#1" type="bicycle"/>
    <trip id="bike26" depart="148.93" departLane="best" from="-25771472#0" to="53529255#2" type="bicycle"/>
    <trip id="bike27" depart="154.65" departLane="best" from="176039655" to="156071615#3" type="bicycle"/>
    <trip id="bike28" depart="160.38" departLane="best" from="-156066233#0" to="252597735" type="bicycle"/>
    <trip id="bike29" depart="166.11" departLane="best" from="-152466402#0" to="-71028777#2" type="bicycle"/>
    <trip id="bike30" depart="171.84" departLane="best" from="81096611#6" to="187123033#1" type="bicycle"/>
    <trip id="bike31" depart="177.56" departLane="best" from="143308521#5" to="22729318#0" type="bicycle"/>
    <trip id="bike32" depart="183.29" departLane="best" from="334308448#2" to="285088337#1" type="bicycle"/>
    <trip id="bike33" depart="189.02" departLane="best" from="-230103820#1" to="-138624452#1" type="bicycle"/>
    <trip id="bike34" depart="194.75" departLane="best" from="-318210361#1" to="-26816590#1" type="bicycle"/>
    <trip id="bike35" depart="200.48" departLane="best" from="-212451899#1" to="53529476#1" type="bicycle"/>
    <trip id="bike36" depart="206.20" departLane="best" from="38574189#5" to="-354084466#1" type="bicycle"/>
    <trip id="bike37" depart="211.93" departLane="best" from="180789857#7" to="114024903#4" type="bicycle"/>
    <trip id="bike38" depart="217.66" departLane="best" from="48298278#0" to="142575658#0" type="bicycle"/>
    <trip id="bike39" depart="223.39" departLane="best" from="-257005614#2" to="-24152664" type="bicycle"/>
    <trip id="bike40" depart="229.12" departLane="best" from="143308527#1" to="-26444468#2" type="bicycle"/>
    <trip id="bike41" depart="234.84" departLane="best" from="143308673#3" to="40985809" type="bicycle"/>
    <trip id="bike42" depart="240.57" departLane="best" from="-53529919#1" to="-230103819" type="bicycle"/>
    <trip id="bike43" depart="246.30" departLane="best" from="97206935#0" to="142575738#1" type="bicycle"/>
    <trip id="bike44" depart="252.03" departLane="best" from="-142575710#3" to="-141968830#1" type="bicycle"/>
    <trip id="bike45" depart="257.76" departLane="best" from="-143308521#5" to="178028206#2" type="bicycle"/>
    <trip id="bike46" depart="263.48" departLane="best" from="283317455" to="137534616#1" type="bicycle"/>
    <trip id="bike47" depart="269.21" departLane="best" from="-142575674#4" to="-72077912#0" type="bicycle"/>
    <trip id="bike48" depart="274.94" departLane="best" from="91218499#0" to="143308523#5" type="bicycle"/>
    <trip id="bike49" depart="280.67" departLane="best" from="71596031" to="38568640#1" type="bicycle"/>
    <trip id="bike50" depart="286.39" departLane="best" from="-122868966" to="246099078" type="bicycle"/>
    <trip id="bike51" depart="292.12" departLane="best" from="206889086#2" to="143308546#10" type="bicycle"/>
    <trip id="bike52" depart="297.85" departLane="best" from="-25771472#0" to="187123053#2" type="bicycle"/>
    <trip id="bike53" depart="303.58" departLane="best" from="-143308523#2" to="138624469#2" type="bicycle"/>
    <trip id="bike54" depart="309.31" departLane="best" from="138624421#1" to="54039583#25" type="bicycle"/>
    <trip id="bike55" depart="315.03" departLane="best" from="38574189#3" to="-26444469#1" type="bicycle"/>
    <trip id="bike56" depart="320.76" departLane="best" from="142575677#5" to="-180239890" type="bicycle"/>
    <trip id="bike57" depart="326.49" departLane="best" from="47765623#0" to="38574189#16" type="bicycle"/>
    <trip id="bike58" depart="332.22" departLane="best" from="-30978404#0" to="187122892#5" type="bicycle"/>
    <trip id="bike59" depart="337.95" departLane="best" from="149611514#7" to="-152470901" type="bicycle"/>
    <trip id="bike60" depart="343.67" departLane="best" from="25771472#2" to="143308546#17" type="bicycle"/>
    <trip id="bike61" depart="349.40" departLane="best" from="26445494#1" to="143308523#8" type="bicycle"/>
    <trip id="bike62" depart="355.13" departLane="best" from="-114024901" to="-38568629" type="bicycle"/>
    <trip id="bike63" depart="360.86" departLane="best" from="-135777010#2" to="52243916#2" type="bicycle"/>
    <trip id="bike64" depart="366.59" departLane="best" from="38574191" to="33690599" type="bicycle"/>
    <trip id="bike65" depart="372.31" departLane="best" from="-31344738#0" to="-142575659#0" type="bicycle"/>
    <trip id="bike66" depart="378.04" departLane="best" from="38574190#0" to="53529919#0" type="bicycle"/>
    <trip id="bike67" depart="383.77" departLane="best" from="-142575704#1" to="142575693#0" type="bicycle"/>
    <trip id="bike68" depart="389.50" departLane="best" from="-142575684#1" to="26815978#2" type="bicycle"/>
    <trip id="bike69" depart="395.22" departLane="best" from="25944450#2" to="-145586617#2" type="bicycle"/>
    <trip id="bike70" depart="400.95" departLane="best" from="140964915" to="143308601#1" type="bicycle"/>
    <trip id="bike71" depart="406.68" departLane="best" from="-257005614#2" to="38574189#20" type="bicycle"/>
    <trip id="bike72" depart="412.41" departLane="best" from="114024900" to="-212457361#2" type="bicycle"/>
    <trip id="bike73" depart="418.14" departLane="best" from="142575734#2" to="257005614#0" type="bicycle"/>
    <trip id="bike74" depart="423.86" departLane="best" from="-190083625#0" to="-334308450#2" type="bicycle"/>
    <trip id="bike75" depart="429.59" departLane="best" from="87843235" to="204721578#0" type="bicycle"/>
    <trip id="bike76" depart="435.32" departLane="best" from="122666828#1" to="142598713" type="bicycle"/>
    <trip id="bike77" depart="441.05" departLane="best" from="-143308618#1" to="-23913526" type="bicycle"/>
    <trip id="bike78" depart="446.78" departLane="best" from="-354084465" to="149611524#2" type="bicycle"/>
    <trip id="bike79" depart="452.50" departLane="best" from="-230625607#2" to="-230625607#0" type="bicycle"/>
    <trip id="bike80" depart="458.23" departLane="best" from="-142575687#1" to="180239877#2" type="bicycle"/>
    <trip id="bike81" depart="463.96" departLane="best" from="-230103820#0" to="43660343#0" type="bicycle"/>
    <trip id="bike82" depart="469.69" departLane="best" from="38159999#3" to="-142575687#0" type="bicycle"/>
    <trip id="bike83" depart="475.42" departLane="best" from="-23925122" to="212452093#4" type="bicycle"/>
    <trip id="bike84" depart="481.14" departLane="best" from="-212453713#0" to="-146511461#6" type="bicycle"/>
    <trip id="bike85" depart="486.87" departLane="best" from="53529255#1" to="145586617#0" type="bicycle"/>
    <trip id="bike86" depart="492.60" departLane="best" from="140964907#1" to="312192779" type="bicycle"/>
    <trip id="bike87" depart="498.33" departLane="best" from="314415495#18" to="-20551912#0" type="bicycle"/>
    <trip id="bike88" depart="504.05" departLane="best" from="-142575734#1" to="138624452#3" type="bicycle"/>
    <trip id="bike89" depart="509.78" departLane="best" from="114024903#0" to="142575677#2" type="bicycle"/>
    <trip id="bike90" depart="515.51" departLane="best" from="24038680#1" to="212453791#5" type="bicycle"/>
    <trip id="bike91" depart="521.24" departLane="best" from="8025704#0" to="-142575737#4" type="bicycle"/>
    <trip id="bike93" depart="532.69" departLane="best" from="383474991" to="-24214694#5" type="bicycle"/>
    <trip id="bike94" depart="538.42" departLane="best" from="-180239877#0" to="141968844#5" type="bicycle"/>
    <trip id="bike95" depart="544.15" departLane="best" from="10735918#0" to="-302944175#0" type="bicycle"/>
    <trip id="bike96" depart="549.88" departLane="best" from="-24152582#1" to="52080902#1" type="bicycle"/>
    <trip id="bike97" depart="555.61" departLane="best" from="133858467#0" to="38568641" type="bicycle"/>
    <trip id="bike98" depart="561.33" departLane="best" from="143308484" to="-142575655#8" type="bicycle"/>
    <trip id="bike99" depart="567.06" departLane="best" from="98256382#2" to="354084467#1" type="bicycle"/>
    <trip id="bike100" depart="572.79" departLane="best" from="71595991" to="52081093#0" type="bicycle"/>
    <trip id="bike101" depart="578.52" departLane="best" from="35554225#0" to="-172013359" type="bicycle"/>
    <trip id="bike102" depart="584.25" departLane="best" from="142575656#1" to="-212458170" type="bicycle"/>
    <trip id="bike103" depart="589.97" departLane="best" from="-5357888#2" to="-142575659#2" type="bicycle"/>
    <trip id="bike104" depart="595.70" departLane="best" from="-48923304#2" to="81096582#1" type="bicycle"/>
    <trip id="bike105" depart="601.43" departLane="best" from="-257005614#3" to="312192779" type="bicycle"/>
    <trip id="bike106" depart="607.16" departLane="best" from="138624421#5" to="137534616#3" type="bicycle"/>
    <trip id="bike107" depart="612.88" departLane="best" from="59461375#1" to="81639685#0" type="bicycle"/>
    <trip id="bike108" depart="618.61" departLane="best" from="143308521#12" to="24214694#2" type="bicycle"/>
    <trip id="bike109" depart="624.34" departLane="best" from="-149611514#6" to="-318210378#0" type="bicycle"/>
    <trip id="bike110" depart="630.07" departLane="best" from="71028777#4" to="147053824#4" type="bicycle"/>
    <trip id="bike111" depart="635.80" departLane="best" from="142575739#0" to="25951594" type="bicycle"/>
    <trip id="bike112" depart="641.52" departLane="best" from="-142575658#0" to="149611511#1" type="bicycle"/>
    <trip id="bike113" depart="647.25" departLane="best" from="142575679#1" to="38507369#0" type="bicycle"/>
    <trip id="bike114" depart="652.98" departLane="best" from="-149611534#1" to="70130297" type="bicycle"/>
    <trip id="bike115" depart="658.71" departLane="best" from="-142575694#1" to="-190083616#0" type="bicycle"/>
    <trip id="bike116" depart="664.44" departLane="best" from="145586617#7" to="212454162#1" type="bicycle"/>
    <trip id="bike117" depart="670.16" departLane="best" from="-23913526" to="-143308673#3" type="bicycle"/>
    <trip id="bike119" depart="681.62" departLane="best" from="145586617#4" to="172288753#0" type="bicycle"/>
    <trip id="bike120" depart="687.35" departLane="best" from="-98256382#1" to="147859766" type="bicycle"/>
    <trip id="bike121" depart="693.08" departLane="best" from="142575699#3" to="53529206#1" type="bicycle"/>
    <trip id="bike122" depart="698.80" departLane="best" from="-20553015" to="24154738" type="bicycle"/>
    <trip id="bike123" depart="704.53" departLane="best" from="-23925124#1" to="114024903#4" type="bicycle"/>
    <trip id="bike124" depart="710.26" departLane="best" from="204721579#4" to="-320153863#2" type="bicycle"/>
    <trip id="bike125" depart="715.99" departLane="best" from="-318210367#0" to="26444467#3" type="bicycle"/>
    <trip id="bike126" depart="721.71" departLane="best" from="-142575688#12" to="142575657#4" type="bicycle"/>
    <trip id="bike127" depart="727.44" departLane="best" from="98256382#0" to="85278289#1" type="bicycle"/>
    <trip id="bike128" depart="733.17" departLane="best" from="-142575688#4" to="-212457956#0" type="bicycle"/>
    <trip id="bike129" depart="738.90" departLane="best" from="-257005614#3" to="53529200#2" type="bicycle"/>
    <trip id="bike130" depart="744.63" departLane="best" from="395491597#1" to="38915289#1" type="bicycle"/>
    <trip id="bike131" depart="750.35" departLane="best" from="-412814199#1" to="-155846073" type="bicycle"/>
    <trip id="bike132" depart="756.08" departLane="best" from="32235088#10" to="24038608#1" type="bicycle"/>
    <trip id="bike133" depart="761.81" departLane="best" from="149670373#1" to="81096605" type="bicycle"/>
    <trip id="bike134" depart="767.54" departLane="best" from="180789857#3" to="-115227682#1" type="bicycle"/>
    <trip id="bike135" depart="773.27" departLane="best" from="318210373#0" to="-320153863#0" type="bicycle"/>
    <trip id="bike136" depart="778.99" departLane="best" from="190083608#1" to="53529286#0" type="bicycle"/>
    <trip id="bike137" depart="784.72" departLane="best" from="-143482765#1" to="-143308600#2" type="bicycle"/>
    <trip id="bike138" depart="790.45" departLane="best" from="-143308521#0" to="143308619" type="bicycle"/>
    <trip id="bike139" depart="796.18" departLane="best" from="-26444467#10" to="153021549#4" type="bicycle"/>
    <trip id="bike140" depart="801.91" departLane="best" from="23913524#4" to="-212453791#0" type="bicycle"/>
    <trip id="bike141" depart="807.63" departLane="best" from="169076559" to="-26445494#0" type="bicycle"/>
    <trip id="bike142" depart="813.36" departLane="best" from="142575656#7" to="414563788#1" type="bicycle"/>
    <trip id="bike143" depart="819.09" departLane="best" from="347935096#2" to="-142575721#0" type="bicycle"/>
    <trip id="bike144" depart="824.82" departLane="best" from="114024903#0" to="-285088883" type="bicycle"/>
    <trip id="bike145" depart="830.54" departLane="best" from="-114024905" to="26991766#0" type="bicycle"/>
    <trip id="bike146" depart="836.27" departLane="best" from="172014854#1" to="-26444467#8" type="bicycle"/>
    <trip id="bike147" depart="842.00" departLane="best" from="24152632#0" to="143308615#2" type="bicycle"/>
    <trip id="bike149" depart="853.46" departLane="best" from="-142575689" to="398770007#1" type="bicycle"/>
    <trip id="bike150" depart="859.18" departLane="best" from="414563788#1" to="143308562#1" type="bicycle"/>
    <trip id="bike151" depart="864.91" departLane="best" from="32235088#12" to="147859765#1" type="bicycle"/>
    <trip id="bike152" depart="870.64" departLane="best" from="-147859763#2" to="-144909690#2" type="bicycle"/>
    <trip id="bike153" depart="876.37" departLane="best" from="-314415495#0" to="40985814#1" type="bicycle"/>
    <trip id="bike154" depart="882.10" departLane="best" from="302944175#0" to="38568640#1" type="bicycle"/>
    <trip id="bike155" depart="887.82" departLane="best" from="412814198#2" to="-212454921#0" type="bicycle"/>
    <trip id="bike156" depart="893.55" departLane="best" from="-24152582#0" to="-143308503#1" type="bicycle"/>
    <trip id="bike157" depart="899.28" departLane="best" from="26815978#2" to="398770008" type="bicycle"/>
    <trip id="bike158" depart="905.01" departLane="best" from="-70255226#1" to="174657432" type="bicycle"/>
    <trip id="bike159" depart="910.74" departLane="best" from="-149611514#6" to="52460499#2" type="bicycle"/>
    <trip id="bike160" depart="916.46" departLane="best" from="38568630" to="71960712#1" type="bicycle"/>
    <trip id="bike161" depart="922.19" departLane="best" from="31763024#0" to="397678489" type="bicycle"/>
    <trip id="bike162" depart="927.92" departLane="best" from="-137483074#0" to="257131028" type="bicycle"/>
    <trip id="bike163" depart="933.65" departLane="best" from="-328288208" to="52460499#5" type="bicycle"/>
    <trip id="bike164" depart="939.37" departLane="best" from="312192785" to="38569946#2" type="bicycle"/>
    <trip id="bike165" depart="945.10" departLane="best" from="31763024#0" to="-26816413#1" type="bicycle"/>
    <trip id="bike166" depart="950.83" departLane="best" from="26991669#1" to="-143308523#0" type="bicycle"/>
    <trip id="bike167" depart="956.56" departLane="best" from="38574189#12" to="38568633" type="bicycle"/>
    <trip id="bike168" depart="962.29" departLane="best" from="-212457361#2" to="320741898#1" type="bicycle"/>
    <trip id="bike169" depart="968.01" departLane="best" from="138624452#1" to="-320741898#1" type="bicycle"/>
    <trip id="bike170" depart="973.74" departLane="best" from="302943909#4" to="-23925124#2" type="bicycle"/>
    <trip id="bike171" depart="979.47" departLane="best" from="-137483015#0" to="-206579061" type="bicycle"/>
    <trip id="bike172" depart="985.20" departLane="best" from="-320741898#1" to="38569946#3" type="bicycle"/>
    <trip id="bike173" depart="990.93" departLane="best" from="71028774#0" to="-30978404#0" type="bicycle"/>
    <trip id="bike174" depart="996.65" departLane="best" from="175355420#0" to="114952399#3" type="bicycle"/>
    <trip id="bike175" depart="1002.38" departLane="best" from="73058506#0" to="143308546#0" type="bicycle"/>
    <trip id="bike176" depart="1008.11" departLane="best" from="53529416#0" to="-143308600#1" type="bicycle"/>
    <trip id="bike177" depart="1013.84" departLane="best" from="71596029#2" to="-180239890" type="bicycle"/>
    <trip id="bike178" depart="1019.57" departLane="best" from="70130339#4" to="-26815978#2" type="bicycle"/>
    <trip id="bike179" depart="1025.29" departLane="best" from="-143308521#12" to="138624469#1" type="bicycle"/>
    <trip id="bike180" depart="1031.02" departLane="best" from="24038680#0" to="-347935096#2" type="bicycle"/>
    <trip id="bike181" depart="1036.75" departLane="best" from="149611511#1" to="142575740#2" type="bicycle"/>
    <trip id="bike182" depart="1042.48" departLane="best" from="-52460499#7" to="146511461#6" type="bicycle"/>
    <trip id="bike183" depart="1048.20" departLane="best" from="-24152664" to="24152326#1" type="bicycle"/>
    <trip id="bike184" depart="1053.93" departLane="best" from="-114024903#3" to="52081075#6" type="bicycle"/>
    <trip id="bike185" depart="1059.66" departLane="best" from="142575733" to="245105008#0" type="bicycle"/>
    <trip id="bike186" depart="1065.39" departLane="best" from="24152656" to="212452952" type="bicycle"/>
    <trip id="bike187" depart="1071.12" departLane="best" from="-40570987" to="-142575684#2" type="bicycle"/>
    <trip id="bike188" depart="1076.84" departLane="best" from="190083610#0" to="-40089662#5" type="bicycle"/>
    <trip id="bike189" depart="1082.57" departLane="best" from="-314415495#9" to="375685717#0" type="bicycle"/>
    <trip id="bike190" depart="1088.30" departLane="best" from="23919022#2" to="-320153863#3" type="bicycle"/>
    <trip id="bike191" depart="1094.03" departLane="best" from="-314415495#12" to="122868963#1" type="bicycle"/>
    <trip id="bike193" depart="1105.48" departLane="best" from="-143308673#3" to="137483015#5" type="bicycle"/>
    <trip id="bike194" depart="1111.21" departLane="best" from="53529431#1" to="212454921#1" type="bicycle"/>
    <trip id="bike195" depart="1116.94" departLane="best" from="41320579" to="172013798#1" type="bicycle"/>
    <trip id="bike196" depart="1122.67" departLane="best" from="-31100755#0" to="143308587#0" type="bicycle"/>
    <trip id="bike197" depart="1128.40" departLane="best" from="-114024901" to="-314415495#14" type="bicycle"/>
    <trip id="bike198" depart="1134.12" departLane="best" from="114693738" to="147859763#2" type="bicycle"/>
    <trip id="bike199" depart="1139.85" departLane="best" from="180789857#5" to="142575674#1" type="bicycle"/>
    <trip id="bike200" depart="1145.58" departLane="best" from="133858189" to="-212458170" type="bicycle"/>
    <trip id="bike201" depart="1151.31" departLane="best" from="140964907#2" to="412814194#1" type="bicycle"/>
    <trip id="bike202" depart="1157.03" departLane="best" from="302944175#0" to="-172288752#0" type="bicycle"/>
    <trip id="bike203" depart="1162.76" departLane="best" from="-142575701#2" to="142575744#2" type="bicycle"/>
    <trip id="bike204" depart="1168.49" departLane="best" from="169076542" to="-411478097" type="bicycle"/>
    <trip id="bike205" depart="1174.22" departLane="best" from="318210375#1" to="26444467#10" type="bicycle"/>
    <trip id="bike206" depart="1179.95" departLane="best" from="20551905#0" to="-23913526" type="bicycle"/>
    <trip id="bike207" depart="1185.67" departLane="best" from="-190083618#3" to="-137534616#2" type="bicycle"/>
    <trip id="bike208" depart="1191.40" departLane="best" from="-24038661#1" to="142575687#0" type="bicycle"/>
    <trip id="bike209" depart="1197.13" departLane="best" from="357043349#0" to="-142575688#12" type="bicycle"/>
    <trip id="bike211" depart="1208.59" departLane="best" from="-187122892#7" to="23919022#1" type="bicycle"/>
    <trip id="bike212" depart="1214.31" departLane="best" from="142575661#4" to="-24152614#0" type="bicycle"/>
    <trip id="bike213" depart="1220.04" departLane="best" from="180800504#0" to="-114692703" type="bicycle"/>
    <trip id="bike214" depart="1225.77" departLane="best" from="24791992" to="26991690" type="bicycle"/>
    <trip id="bike215" depart="1231.50" departLane="best" from="-143308505#2" to="138624421#5" type="bicycle"/>
    <trip id="bike216" depart="1237.23" departLane="best" from="-169076542" to="61660894#1" type="bicycle"/>
    <trip id="bike217" depart="1242.95" departLane="best" from="142575692#3" to="-142575655#7" type="bicycle"/>
    <trip id="bike218" depart="1248.68" departLane="best" from="-24152572#3" to="375685717#1" type="bicycle"/>
    <trip id="bike219" depart="1254.41" departLane="best" from="138624432" to="318210367#1" type="bicycle"/>
    <trip id="bike220" depart="1260.14" departLane="best" from="190083625#1" to="81096611#10" type="bicycle"/>
    <trip id="bike221" depart="1265.86" departLane="best" from="145586617#8" to="54039583#14" type="bicycle"/>
    <trip id="bike222" depart="1271.59" departLane="best" from="403442277#1" to="169076556#2" type="bicycle"/>
    <trip id="bike223" depart="1277.32" departLane="best" from="23919022#0" to="142575728" type="bicycle"/>
    <trip id="bike224" depart="1283.05" departLane="best" from="320741898#1" to="143308587#0" type="bicycle"/>
    <trip id="bike225" depart="1288.78" departLane="best" from="412814187#1" to="25944590#1" type="bicycle"/>
    <trip id="bike226" depart="1294.50" departLane="best" from="140964910#2" to="-26444467#1" type="bicycle"/>
    <trip id="bike227" depart="1300.23" departLane="best" from="-24038697" to="187122892#1" type="bicycle"/>
    <trip id="bike228" depart="1305.96" departLane="best" from="25944450#2" to="143308499#1" type="bicycle"/>
    <trip id="bike229" depart="1311.69" departLane="best" from="155586403" to="-26991766#6" type="bicycle"/>
    <trip id="bike230" depart="1317.42" departLane="best" from="-142575690#5" to="-314415495#10" type="bicycle"/>
    <trip id="bike231" depart="1323.14" departLane="best" from="-26444467#0" to="-38159999#0" type="bicycle"/>
    <trip id="bike232" depart="1328.87" departLane="best" from="142575737#1" to="-147859763#8" type="bicycle"/>
    <trip id="bike233" depart="1334.60" departLane="best" from="-232757914" to="23913525#0" type="bicycle"/>
    <trip id="bike234" depart="1340.33" departLane="best" from="224769559" to="-142575677#0" type="bicycle"/>
    <trip id="bike235" depart="1346.06" departLane="best" from="-71028777#1" to="143308549#0" type="bicycle"/>
    <trip id="bike236" depart="1351.78" departLane="best" from="-81096611#8" to="-212454084" type="bicycle"/>
    <trip id="bike237" depart="1357.51" departLane="best" from="-98256382#3" to="414563788#0" type="bicycle"/>
    <trip id="bike238" depart="1363.24" departLane="best" from="143308673#1" to="23913526" type="bicycle"/>
    <trip id="bike239" depart="1368.97" departLane="best" from="375685662" to="26816737#2" type="bicycle"/>
    <trip id="bike240" depart="1374.69" departLane="best" from="-48923304#5" to="-114949101#0" type="bicycle"/>
    <trip id="bike241" depart="1380.42" departLane="best" from="-38568630" to="26444467#8" type="bicycle"/>
    <trip id="bike242" depart="1386.15" departLane="best" from="360099564#0" to="54039583#24" type="bicycle"/>
    <trip id="bike243" depart="1391.88" departLane="best" from="-98256382#0" to="25951594" type="bicycle"/>
    <trip id="bike244" depart="1397.61" departLane="best" from="142575743#0" to="153021549#0" type="bicycle"/>
    <trip id="bike245" depart="1403.33" departLane="best" from="-212454382#2" to="-230103820#0" type="bicycle"/>
    <trip id="bike246" depart="1409.06" departLane="best" from="116343628#1" to="-138624438#0" type="bicycle"/>
    <trip id="bike247" depart="1414.79" departLane="best" from="-33690599" to="212457361#2" type="bicycle"/>
    <trip id="bike248" depart="1420.52" departLane="best" from="-70130297" to="-169076559" type="bicycle"/>
    <trip id="bike249" depart="1426.25" departLane="best" from="138624477#3" to="-145586617#0" type="bicycle"/>
    <trip id="bike250" depart="1431.97" departLane="best" from="152709214#0" to="-138624421#5" type="bicycle"/>
    <trip id="bike251" depart="1437.70" departLane="best" from="-53529431#0" to="143482759" type="bicycle"/>
    <trip id="bike252" depart="1443.43" departLane="best" from="-137534616#4" to="190083608#3" type="bicycle"/>
    <trip id="bike253" depart="1449.16" departLane="best" from="-143482770#0" to="142575661#3" type="bicycle"/>
    <trip id="bike254" depart="1454.89" departLane="best" from="-142575655#7" to="-71028777#1" type="bicycle"/>
    <trip id="bike255" depart="1460.61" departLane="best" from="-212452093#0" to="-395491597#0" type="bicycle"/>
    <trip id="bike256" depart="1466.34" departLane="best" from="25728863#1" to="-71028777#1" type="bicycle"/>
    <trip id="bike257" depart="1472.07" departLane="best" from="24791996#1" to="33690599" type="bicycle"/>
    <trip id="bike258" depart="1477.80" departLane="best" from="-24152597#0" to="-142575699#3" type="bicycle"/>
    <trip id="bike259" depart="1483.52" departLane="best" from="-135777010#2" to="143308546#18" type="bicycle"/>
    <trip id="bike260" depart="1489.25" departLane="best" from="99157761#2" to="-48923304#2" type="bicycle"/>
    <trip id="bike261" depart="1494.98" departLane="best" from="180239843" to="31050360#0" type="bicycle"/>
    <trip id="bike262" depart="1500.71" departLane="best" from="180239877#0" to="26444468#0" type="bicycle"/>
    <trip id="bike263" depart="1506.44" departLane="best" from="54039583#13" to="-212451081" type="bicycle"/>
    <trip id="bike264" depart="1512.16" departLane="best" from="-135777010#24" to="-152466402#2" type="bicycle"/>
    <trip id="bike265" depart="1517.89" departLane="best" from="-143308673#0" to="212452093#5" type="bicycle"/>
    <trip id="bike266" depart="1523.62" departLane="best" from="143308542#13" to="-22956997#0" type="bicycle"/>
    <trip id="bike267" depart="1529.35" departLane="best" from="212454162#4" to="26842933#2" type="bicycle"/>
    <trip id="bike268" depart="1535.08" departLane="best" from="-152709203#0" to="156066233#1" type="bicycle"/>
    <trip id="bike269" depart="1540.80" departLane="best" from="24733616" to="-143308600#0" type="bicycle"/>
    <trip id="bike270" depart="1546.53" departLane="best" from="318210377#1" to="70255226#1" type="bicycle"/>
    <trip id="bike271" depart="1552.26" departLane="best" from="-143308521#11" to="-138624421#1" type="bicycle"/>
    <trip id="bike272" depart="1557.99" departLane="best" from="-314415495#3" to="212454921#1" type="bicycle"/>
    <trip id="bike273" depart="1563.71" departLane="best" from="61660891" to="114024905" type="bicycle"/>
    <trip id="bike274" depart="1569.44" departLane="best" from="231626692#0" to="-142575690#0" type="bicycle"/>
    <trip id="bike275" depart="1575.17" departLane="best" from="212452093#1" to="178028204#1" type="bicycle"/>
    <trip id="bike276" depart="1580.90" departLane="best" from="-143308493#0" to="26991766#4" type="bicycle"/>
    <trip id="bike277" depart="1586.63" departLane="best" from="360099551#0" to="152709172" type="bicycle"/>
    <trip id="bike278" depart="1592.35" departLane="best" from="-143308618#1" to="77761497#1" type="bicycle"/>
    <trip id="bike279" depart="1598.08" departLane="best" from="26816590#1" to="-47765623#0" type="bicycle"/>
    <trip id="bike280" depart="1603.81" departLane="best" from="114692702" to="-53530551" type="bicycle"/>
    <trip id="bike281" depart="1609.54" departLane="best" from="142575684#4" to="-42857171" type="bicycle"/>
    <trip id="bike282" depart="1615.27" departLane="best" from="357043349#0" to="32235088#15" type="bicycle"/>
    <trip id="bike283" depart="1620.99" departLane="best" from="-143308503#1" to="70130297" type="bicycle"/>
    <trip id="bike284" depart="1626.72" departLane="best" from="170543741#2" to="329733359#2" type="bicycle"/>
    <trip id="bike285" depart="1632.45" departLane="best" from="22729317" to="138624469#4" type="bicycle"/>
    <trip id="bike286" depart="1638.18" departLane="best" from="24152582#0" to="71028777#0" type="bicycle"/>
    <trip id="bike287" depart="1643.91" departLane="best" from="-25951597#0" to="318210389" type="bicycle"/>
    <trip id="bike288" depart="1649.63" departLane="best" from="142575732" to="142575691#2" type="bicycle"/>
    <trip id="bike289" depart="1655.36" departLane="best" from="116343628#0" to="257005615" type="bicycle"/>
    <trip id="bike290" depart="1661.09" departLane="best" from="-25944536#1" to="38160001#1" type="bicycle"/>
    <trip id="bike291" depart="1666.82" departLane="best" from="320741898#2" to="-142575704#3" type="bicycle"/>
    <trip id="bike292" depart="1672.54" departLane="best" from="397678483" to="-24152614#0" type="bicycle"/>
    <trip id="bike293" depart="1678.27" departLane="best" from="138624469#1" to="15803814" type="bicycle"/>
    <trip id="bike294" depart="1684.00" departLane="best" from="-48923304#2" to="-138624434" type="bicycle"/>
    <trip id="bike295" depart="1689.73" departLane="best" from="360099551#1" to="-187123033#0" type="bicycle"/>
    <trip id="bike296" depart="1695.46" departLane="best" from="-212452093#1" to="318210353" type="bicycle"/>
    <trip id="bike297" depart="1701.18" departLane="best" from="-35554225#1" to="39522344" type="bicycle"/>
    <trip id="bike298" depart="1706.91" departLane="best" from="212457361#0" to="-285088337#0" type="bicycle"/>
    <trip id="bike299" depart="1712.64" departLane="best" from="-122666828#0" to="5357888#2" type="bicycle"/>
    <trip id="bike300" depart="1718.37" departLane="best" from="-142575704#1" to="245105013" type="bicycle"/>
    <trip id="bike301" depart="1724.10" departLane="best" from="142575656#7" to="26814273" type="bicycle"/>
    <trip id="bike302" depart="1729.82" departLane="best" from="212452093#1" to="190083623#0" type="bicycle"/>
    <trip id="bike303" depart="1735.55" departLane="best" from="142575658#0" to="314415495#14" type="bicycle"/>
    <trip id="bike304" depart="1741.28" departLane="best" from="-142575725#0" to="-23788323" type="bicycle"/>
    <trip id="bike305" depart="1747.01" departLane="best" from="212452093#5" to="-321096467#0" type="bicycle"/>
    <trip id="bike306" depart="1752.74" departLane="best" from="143308615#0" to="142575684#4" type="bicycle"/>
    <trip id="bike307" depart="1758.46" departLane="best" from="142575710#0" to="138624421#6" type="bicycle"/>
    <trip id="bike308" depart="1764.19" departLane="best" from="245105014#1" to="-403442277#0" type="bicycle"/>
    <trip id="bike309" depart="1769.92" departLane="best" from="212457509" to="-26842943" type="bicycle"/>
    <trip id="bike310" depart="1775.65" departLane="best" from="-24152593#5" to="-143308686" type="bicycle"/>
    <trip id="bike311" depart="1781.37" departLane="best" from="-187122892#2" to="-143308673#2" type="bicycle"/>
    <trip id="bike312" depart="1787.10" departLane="best" from="142575725#2" to="26816162#1" type="bicycle"/>
    <trip id="bike313" depart="1792.83" departLane="best" from="-175355422#0" to="-22729317" type="bicycle"/>
    <trip id="bike314" depart="1798.56" departLane="best" from="142575655#6" to="24733617#3" type="bicycle"/>
    <trip id="bike315" depart="1804.29" departLane="best" from="71960709" to="143308521#10" type="bicycle"/>
    <trip id="bike316" depart="1810.01" departLane="best" from="-26816162#0" to="-143308485" type="bicycle"/>
    <trip id="bike317" depart="1815.74" departLane="best" from="-187122892#6" to="-23925124#2" type="bicycle"/>
    <trip id="bike318" depart="1821.47" departLane="best" from="-172014854#0" to="-133858467#0" type="bicycle"/>
    <trip id="bike319" depart="1827.20" departLane="best" from="142575721#0" to="-26991766#5" type="bicycle"/>
    <trip id="bike320" depart="1832.93" departLane="best" from="71960638#0" to="143308619" type="bicycle"/>
    <trip id="bike321" depart="1838.65" departLane="best" from="212454084" to="-144909690#0" type="bicycle"/>
    <trip id="bike322" depart="1844.38" departLane="best" from="38569946#1" to="142575700#0" type="bicycle"/>
    <trip id="bike323" depart="1850.11" departLane="best" from="38574189#14" to="145586617#8" type="bicycle"/>
    <trip id="bike324" depart="1855.84" departLane="best" from="138624497#0" to="140964905#0" type="bicycle"/>
    <trip id="bike325" depart="1861.57" departLane="best" from="-174657432" to="-142575656#1" type="bicycle"/>
    <trip id="bike326" depart="1867.29" departLane="best" from="53529457#1" to="142575688#4" type="bicycle"/>
    <trip id="bike327" depart="1873.02" departLane="best" from="318210389" to="115092088#1" type="bicycle"/>
    <trip id="bike328" depart="1878.75" departLane="best" from="-142575688#6" to="180239858#1" type="bicycle"/>
    <trip id="bike329" depart="1884.48" departLane="best" from="-142575656#15" to="-152447118#0" type="bicycle"/>
    <trip id="bike330" depart="1890.20" departLane="best" from="143308532#8" to="-320741896" type="bicycle"/>
    <trip id="bike331" depart="1895.93" departLane="best" from="81639675#4" to="-143308669" type="bicycle"/>
    <trip id="bike332" depart="1901.66" departLane="best" from="259433182#6" to="155846073" type="bicycle"/>
    <trip id="bike333" depart="1907.39" departLane="best" from="27087586#2" to="-23919022#2" type="bicycle"/>
    <trip id="bike334" depart="1913.12" departLane="best" from="142575699#2" to="142575655#0" type="bicycle"/>
    <trip id="bike335" depart="1918.84" departLane="best" from="133858466" to="38568640#0" type="bicycle"/>
    <trip id="bike336" depart="1924.57" departLane="best" from="81096611#8" to="-320741898#2" type="bicycle"/>
    <trip id="bike337" depart="1930.30" departLane="best" from="152709131" to="156294408" type="bicycle"/>
    <trip id="bike338" depart="1936.03" departLane="best" from="24152614#1" to="5357888#0" type="bicycle"/>
    <trip id="bike339" depart="1941.76" departLane="best" from="-207517673" to="-212457361#0" type="bicycle"/>
    <trip id="bike340" depart="1947.48" departLane="best" from="187123033#0" to="-152839426" type="bicycle"/>
    <trip id="bike342" depart="1958.94" departLane="best" from="-114024903#5" to="142575655#0" type="bicycle"/>
    <trip id="bike343" depart="1964.67" departLane="best" from="145586617#2" to="-31763024#0" type="bicycle"/>
    <trip id="bike344" depart="1970.40" departLane="best" from="-23788323" to="24038694#3" type="bicycle"/>
    <trip id="bike345" depart="1976.12" departLane="best" from="212457509" to="142575656#11" type="bicycle"/>
    <trip id="bike346" depart="1981.85" departLane="best" from="212449534#0" to="52081075#0" type="bicycle"/>
    <trip id="bike347" depart="1987.58" departLane="best" from="26991690" to="175357593#1" type="bicycle"/>
    <trip id="bike348" depart="1993.31" departLane="best" from="187123033#2" to="53529200#3" type="bicycle"/>
    <trip id="bike349" depart="1999.03" departLane="best" from="114024903#5" to="143308555#2" type="bicycle"/>
    <trip id="bike350" depart="2004.76" departLane="best" from="175357597#2" to="46039050#0" type="bicycle"/>
    <trip id="bike351" depart="2010.49" departLane="best" from="320153867" to="-142575687#1" type="bicycle"/>
    <trip id="bike352" depart="2016.22" departLane="best" from="-152709073" to="-321768294#0" type="bicycle"/>
    <trip id="bike353" depart="2021.95" departLane="best" from="24733617#2" to="143482774#1" type="bicycle"/>
    <trip id="bike354" depart="2027.67" departLane="best" from="-26842943" to="-143482766#0" type="bicycle"/>
    <trip id="bike355" depart="2033.40" departLane="best" from="212450340#0" to="239335493" type="bicycle"/>
    <trip id="bike356" depart="2039.13" departLane="best" from="53529509#2" to="142575720#0" type="bicycle"/>
    <trip id="bike357" depart="2044.86" departLane="best" from="142575661#3" to="-142575694#1" type="bicycle"/>
    <trip id="bike359" depart="2056.31" departLane="best" from="-318210394#0" to="-24733697#0" type="bicycle"/>
    <trip id="bike360" depart="2062.04" departLane="best" from="-142575712" to="70130339#4" type="bicycle"/>
    <trip id="bike361" depart="2067.77" departLane="best" from="32235088#16" to="146511461#2" type="bicycle"/>
    <trip id="bike362" depart="2073.50" departLane="best" from="54039583#17" to="99157761#0" type="bicycle"/>
    <trip id="bike363" depart="2079.23" departLane="best" from="204721579#6" to="-26816766#0" type="bicycle"/>
    <trip id="bike364" depart="2084.95" departLane="best" from="-138624477#0" to="26445494#1" type="bicycle"/>
    <trip id="bike365" depart="2090.68" departLane="best" from="138628388" to="204721579#5" type="bicycle"/>
    <trip id="bike366" depart="2096.41" departLane="best" from="48923038#0" to="-187123033#0" type="bicycle"/>
    <trip id="bike367" depart="2102.14" departLane="best" from="143308687" to="180789857#6" type="bicycle"/>
    <trip id="bike368" depart="2107.86" departLane="best" from="142575658#2" to="-142575710#3" type="bicycle"/>
    <trip id="bike369" depart="2113.59" departLane="best" from="-38507369#1" to="-40985810#1" type="bicycle"/>
    <trip id="bike370" depart="2119.32" departLane="best" from="203935280" to="38568632" type="bicycle"/>
    <trip id="bike371" depart="2125.05" departLane="best" from="-321096467#1" to="23913524#4" type="bicycle"/>
    <trip id="bike372" depart="2130.78" departLane="best" from="-26842933#2" to="53529557#2" type="bicycle"/>
    <trip id="bike373" depart="2136.50" departLane="best" from="318210360#0" to="143308601#2" type="bicycle"/>
    <trip id="bike374" depart="2142.23" departLane="best" from="138624421#4" to="-354084466#0" type="bicycle"/>
    <trip id="bike375" depart="2147.96" departLane="best" from="-320153863#0" to="71960596#1" type="bicycle"/>
    <trip id="bike376" depart="2153.69" departLane="best" from="-70130297" to="142575744#0" type="bicycle"/>
    <trip id="bike377" depart="2159.42" departLane="best" from="81096611#11" to="206579062#0" type="bicycle"/>
    <trip id="bike378" depart="2165.14" departLane="best" from="142575739#1" to="133858467#2" type="bicycle"/>
    <trip id="bike379" depart="2170.87" departLane="best" from="-175357593#1" to="-53529286#0" type="bicycle"/>
    <trip id="bike380" depart="2176.60" departLane="best" from="257072321#0" to="175357597#0" type="bicycle"/>
    <trip id="bike381" depart="2182.33" departLane="best" from="257131025" to="-212453791#0" type="bicycle"/>
    <trip id="bike382" depart="2188.06" departLane="best" from="142598710#2" to="52081116#6" type="bicycle"/>
    <trip id="bike383" depart="2193.78" departLane="best" from="122868963#0" to="23925123" type="bicycle"/>
    <trip id="bike384" depart="2199.51" departLane="best" from="-143308619" to="71960638#0" type="bicycle"/>
    <trip id="bike385" depart="2205.24" departLane="best" from="149611514#7" to="-24152593#3" type="bicycle"/>
    <trip id="bike386" depart="2210.97" departLane="best" from="-149670373#0" to="143308615#0" type="bicycle"/>
    <trip id="bike387" depart="2216.69" departLane="best" from="143308503#1" to="-142575725#0" type="bicycle"/>
    <trip id="bike388" depart="2222.42" departLane="best" from="81639675#0" to="47770433" type="bicycle"/>
    <trip id="bike389" depart="2228.15" departLane="best" from="138624458#0" to="-143308615#1" type="bicycle"/>
    <trip id="bike390" depart="2233.88" departLane="best" from="321096467#2" to="142575710#2" type="bicycle"/>
    <trip id="bike391" depart="2239.61" departLane="best" from="23913524#1" to="142575737#4" type="bicycle"/>
    <trip id="bike392" depart="2245.33" departLane="best" from="-26444467#4" to="354084465" type="bicycle"/>
    <trip id="bike393" depart="2251.06" departLane="best" from="72077944" to="-24152614#0" type="bicycle"/>
    <trip id="bike394" depart="2256.79" departLane="best" from="143308493#2" to="-81096582#1" type="bicycle"/>
    <trip id="bike396" depart="2268.25" departLane="best" from="38915289#1" to="38569946#2" type="bicycle"/>
    <trip id="bike397" depart="2273.97" departLane="best" from="-26444469#1" to="31344738#1" type="bicycle"/>
    <trip id="bike398" depart="2279.70" departLane="best" from="-81096611#6" to="53529200#4" type="bicycle"/>
    <trip id="bike399" depart="2285.43" departLane="best" from="142575686#3" to="32235088#10" type="bicycle"/>
    <trip id="bike400" depart="2291.16" departLane="best" from="-26816063" to="-318210380#1" type="bicycle"/>
    <trip id="bike401" depart="2296.89" departLane="best" from="143308700#2" to="98256382#3" type="bicycle"/>
    <trip id="bike402" depart="2302.61" departLane="best" from="142575657#0" to="-149670380#1" type="bicycle"/>
    <trip id="bike403" depart="2308.34" departLane="best" from="142575733" to="-45642428" type="bicycle"/>
    <trip id="bike404" depart="2314.07" departLane="best" from="143308503#0" to="143308549#3" type="bicycle"/>
    <trip id="bike405" depart="2319.80" departLane="best" from="138624421#6" to="-383474991" type="bicycle"/>
    <trip id="bike406" depart="2325.52" departLane="best" from="-175357597#2" to="23925119#1" type="bicycle"/>
    <trip id="bike407" depart="2331.25" departLane="best" from="143308546#3" to="-24038680#1" type="bicycle"/>
    <trip id="bike408" depart="2336.98" departLane="best" from="26444467#7" to="-140964907#3" type="bicycle"/>
    <trip id="bike409" depart="2342.71" departLane="best" from="245105008#0" to="24038661#1" type="bicycle"/>
    <trip id="bike410" depart="2348.44" departLane="best" from="31763024#2" to="-81096611#11" type="bicycle"/>
    <trip id="bike411" depart="2354.16" departLane="best" from="190083608#2" to="32235088#10" type="bicycle"/>
    <trip id="bike412" depart="2359.89" departLane="best" from="72230304#1" to="142575704#3" type="bicycle"/>
    <trip id="bike413" depart="2365.62" departLane="best" from="-138624465#2" to="142575725#1" type="bicycle"/>
    <trip id="bike414" depart="2371.35" departLane="best" from="143482766#1" to="38574189#13" type="bicycle"/>
    <trip id="bike416" depart="2382.80" departLane="best" from="142575704#1" to="142575656#9" type="bicycle"/>
    <trip id="bike417" depart="2388.53" departLane="best" from="23925124#2" to="125399001#3" type="bicycle"/>
    <trip id="bike418" depart="2394.26" departLane="best" from="180789857#5" to="-152471841" type="bicycle"/>
    <trip id="bike419" depart="2399.99" departLane="best" from="138624497#0" to="71596031" type="bicycle"/>
    <trip id="bike420" depart="2405.72" departLane="best" from="-354084466#0" to="23913524#1" type="bicycle"/>
    <trip id="bike421" depart="2411.44" departLane="best" from="180239842" to="382647882" type="bicycle"/>
    <trip id="bike423" depart="2422.90" departLane="best" from="-48923304#5" to="-35554226" type="bicycle"/>
    <trip id="bike424" depart="2428.63" departLane="best" from="23913525#2" to="26814520" type="bicycle"/>
    <trip id="bike425" depart="2434.35" departLane="best" from="38574189#13" to="-138624469#0" type="bicycle"/>
    <trip id="bike426" depart="2440.08" departLane="best" from="-142575679#7" to="180239877#2" type="bicycle"/>
    <trip id="bike427" depart="2445.81" departLane="best" from="52036180#5" to="97206935#4" type="bicycle"/>
    <trip id="bike428" depart="2451.54" departLane="best" from="24733611#0" to="138624465#5" type="bicycle"/>
    <trip id="bike429" depart="2457.27" departLane="best" from="-142575737#2" to="180789857#3" type="bicycle"/>
    <trip id="bike430" depart="2462.99" departLane="best" from="38574189#14" to="140964910#3" type="bicycle"/>
    <trip id="bike431" depart="2468.72" departLane="best" from="212453791#0" to="41319976" type="bicycle"/>
    <trip id="bike432" depart="2474.45" departLane="best" from="-140964910#2" to="314415495#8" type="bicycle"/>
    <trip id="bike434" depart="2485.91" departLane="best" from="-146738852#0" to="143308532#0" type="bicycle"/>
    <trip id="bike435" depart="2491.63" departLane="best" from="143308542#5" to="314415495#13" type="bicycle"/>
    <trip id="bike436" depart="2497.36" departLane="best" from="-155846073" to="-142575691#1" type="bicycle"/>
    <trip id="bike437" depart="2503.09" departLane="best" from="38574189#1" to="172288753#1" type="bicycle"/>
    <trip id="bike438" depart="2508.82" departLane="best" from="-24038584#1" to="47770433" type="bicycle"/>
    <trip id="bike439" depart="2514.55" departLane="best" from="-146511461#2" to="142575661#1" type="bicycle"/>
    <trip id="bike440" depart="2520.27" departLane="best" from="-24152632#1" to="-25771472#0" type="bicycle"/>
    <trip id="bike441" depart="2526.00" departLane="best" from="-116391654" to="318210375#1" type="bicycle"/>
    <trip id="bike442" depart="2531.73" departLane="best" from="41320348" to="212454921#1" type="bicycle"/>
    <trip id="bike443" depart="2537.46" departLane="best" from="-149670370" to="140964907#0" type="bicycle"/>
    <trip id="bike444" depart="2543.18" departLane="best" from="-38159999#1" to="149611524#0" type="bicycle"/>
    <trip id="bike445" depart="2548.91" departLane="best" from="172288752#0" to="138624421#2" type="bicycle"/>
    <trip id="bike446" depart="2554.64" departLane="best" from="-24152593#0" to="360099568#0" type="bicycle"/>
    <trip id="bike447" depart="2560.37" departLane="best" from="-190083618#3" to="-81096611#0" type="bicycle"/>
    <trip id="bike448" depart="2566.10" departLane="best" from="142575655#3" to="-24152572#1" type="bicycle"/>
    <trip id="bike449" depart="2571.82" departLane="best" from="143308546#3" to="146511461#0" type="bicycle"/>
    <trip id="bike450" depart="2577.55" departLane="best" from="81639675#1" to="-318210373#0" type="bicycle"/>
    <trip id="bike451" depart="2583.28" departLane="best" from="71960749" to="206579063#0" type="bicycle"/>
    <trip id="bike452" depart="2589.01" departLane="best" from="-26444467#7" to="143482765#1" type="bicycle"/>
    <trip id="bike453" depart="2594.74" departLane="best" from="212446298#2" to="25944601#0" type="bicycle"/>
    <trip id="bike454" depart="2600.46" departLane="best" from="-142575655#10" to="155846073" type="bicycle"/>
    <trip id="bike455" depart="2606.19" departLane="best" from="142575673#0" to="414563781" type="bicycle"/>
    <trip id="bike456" depart="2611.92" departLane="best" from="-26816737#0" to="318210357#2" type="bicycle"/>
    <trip id="bike457" depart="2617.65" departLane="best" from="149611514#1" to="-52081075#3" type="bicycle"/>
    <trip id="bike458" depart="2623.38" departLane="best" from="172013798#2" to="174657432" type="bicycle"/>
    <trip id="bike459" depart="2629.10" departLane="best" from="206312187#1" to="246099078" type="bicycle"/>
    <trip id="bike460" depart="2634.83" departLane="best" from="187122892#5" to="35554229" type="bicycle"/>
    <trip id="bike461" depart="2640.56" departLane="best" from="156066233#1" to="41319976" type="bicycle"/>
    <trip id="bike462" depart="2646.29" departLane="best" from="175357593#0" to="-328868438" type="bicycle"/>
    <trip id="bike463" depart="2652.01" departLane="best" from="126520112" to="147859763#1" type="bicycle"/>
    <trip id="bike464" depart="2657.74" departLane="best" from="24152572#0" to="-142575709" type="bicycle"/>
    <trip id="bike465" depart="2663.47" departLane="best" from="-28888490" to="25951594" type="bicycle"/>
    <trip id="bike466" depart="2669.20" departLane="best" from="-166142951" to="-146511461#5" type="bicycle"/>
    <trip id="bike467" depart="2674.93" departLane="best" from="142575734#2" to="71960623#1" type="bicycle"/>
    <trip id="bike468" depart="2680.65" departLane="best" from="142575708#2" to="48298278#0" type="bicycle"/>
    <trip id="bike469" depart="2686.38" departLane="best" from="320741898#1" to="-25951597#0" type="bicycle"/>
    <trip id="bike470" depart="2692.11" departLane="best" from="320153863#3" to="142575690#5" type="bicycle"/>
    <trip id="bike471" depart="2697.84" departLane="best" from="314415495#14" to="259466417#0" type="bicycle"/>
    <trip id="bike472" depart="2703.57" departLane="best" from="-354084466#1" to="-143308600#1" type="bicycle"/>
    <trip id="bike473" depart="2709.29" departLane="best" from="70133621#0" to="-149611511#1" type="bicycle"/>
    <trip id="bike474" depart="2715.02" departLane="best" from="70910049" to="38568640#0" type="bicycle"/>
    <trip id="bike475" depart="2720.75" departLane="best" from="24038509" to="72077924#1" type="bicycle"/>
    <trip id="bike476" depart="2726.48" departLane="best" from="71028774#1" to="318210375#1" type="bicycle"/>
    <trip id="bike477" depart="2732.21" departLane="best" from="-40985810#0" to="313964778#2" type="bicycle"/>
    <trip id="bike478" depart="2737.93" departLane="best" from="-125399002#1" to="143308546#1" type="bicycle"/>
    <trip id="bike479" depart="2743.66" departLane="best" from="138624421#4" to="212453791#3" type="bicycle"/>
    <trip id="bike480" depart="2749.39" departLane="best" from="204721579#6" to="149611514#0" type="bicycle"/>
    <trip id="bike481" depart="2755.12" departLane="best" from="318210390#2" to="53529416#1" type="bicycle"/>
    <trip id="bike482" depart="2760.84" departLane="best" from="-143308521#12" to="-24038682" type="bicycle"/>
    <trip id="bike483" depart="2766.57" departLane="best" from="-137483074#1" to="398770008" type="bicycle"/>
    <trip id="bike484" depart="2772.30" departLane="best" from="143308527#1" to="48923038#0" type="bicycle"/>
    <trip id="bike485" depart="2778.03" departLane="best" from="-212456637#1" to="-142575674#4" type="bicycle"/>
    <trip id="bike486" depart="2783.76" departLane="best" from="320153863#0" to="46039051#0" type="bicycle"/>
    <trip id="bike487" depart="2789.48" departLane="best" from="-312192777" to="122868963#1" type="bicycle"/>
    <trip id="bike488" depart="2795.21" departLane="best" from="-145586617#12" to="53529600#3" type="bicycle"/>
    <trip id="bike489" depart="2800.94" departLane="best" from="-312192781#0" to="142575701#1" type="bicycle"/>
    <trip id="bike490" depart="2806.67" departLane="best" from="-142575734#2" to="40089662#4" type="bicycle"/>
    <trip id="bike491" depart="2812.40" departLane="best" from="-143482770#0" to="142575656#10" type="bicycle"/>
    <trip id="bike492" depart="2818.12" departLane="best" from="204721578#0" to="25944590#0" type="bicycle"/>
    <trip id="bike493" depart="2823.85" departLane="best" from="53529919#0" to="137482783#1" type="bicycle"/>
    <trip id="bike494" depart="2829.58" departLane="best" from="24152660" to="-152471841" type="bicycle"/>
    <trip id="bike495" depart="2835.31" departLane="best" from="-81096611#6" to="-142598710#1" type="bicycle"/>
    <trip id="bike496" depart="2841.04" departLane="best" from="142575656#9" to="122666828#2" type="bicycle"/>
    <trip id="bike497" depart="2846.76" departLane="best" from="54039583#2" to="-138624452#3" type="bicycle"/>
    <trip id="bike498" depart="2852.49" departLane="best" from="-41320354#1" to="140964910#2" type="bicycle"/>
    <trip id="bike499" depart="2858.22" departLane="best" from="54039583#16" to="38568628#1" type="bicycle"/>
    <trip id="bike500" depart="2863.95" departLane="best" from="-142598710#0" to="22762397#2" type="bicycle"/>
    <trip id="bike501" depart="2869.67" departLane="best" from="142575741#1" to="71960762" type="bicycle"/>
    <trip id="bike502" depart="2875.40" departLane="best" from="-397678489" to="114207232" type="bicycle"/>
    <trip id="bike504" depart="2886.86" departLane="best" from="354084467#1" to="142575656#14" type="bicycle"/>
    <trip id="bike505" depart="2892.59" departLane="best" from="190083608#0" to="187123437#1" type="bicycle"/>
    <trip id="bike506" depart="2898.31" departLane="best" from="146511461#4" to="-137483014" type="bicycle"/>
    <trip id="bike507" depart="2904.04" departLane="best" from="26843019#2" to="-24152614#0" type="bicycle"/>
    <trip id="bike508" depart="2909.77" departLane="best" from="-143308669" to="143482759" type="bicycle"/>
    <trip id="bike509" depart="2915.50" departLane="best" from="-142575679#8" to="26816737#0" type="bicycle"/>
    <trip id="bike510" depart="2921.23" departLane="best" from="-206579064#2" to="-222737701#1" type="bicycle"/>
    <trip id="bike511" depart="2926.95" departLane="best" from="38569948#1" to="-40089662#0" type="bicycle"/>
    <trip id="bike512" depart="2932.68" departLane="best" from="-147859763#0" to="412814187#1" type="bicycle"/>
    <trip id="bike513" depart="2938.41" departLane="best" from="-114024904" to="38568633" type="bicycle"/>
    <trip id="bike514" depart="2944.14" departLane="best" from="-146511461#6" to="-145586617#8" type="bicycle"/>
    <trip id="bike515" depart="2949.87" departLane="best" from="-24152593#3" to="-175357041#0" type="bicycle"/>
    <trip id="bike516" depart="2955.59" departLane="best" from="187123033#2" to="-138624421#1" type="bicycle"/>
    <trip id="bike517" depart="2961.32" departLane="best" from="-133858189" to="31344738#0" type="bicycle"/>
    <trip id="bike518" depart="2967.05" departLane="best" from="-23925122" to="-38568628#0" type="bicycle"/>
    <trip id="bike520" depart="2978.50" departLane="best" from="24152656" to="143308521#4" type="bicycle"/>
    <trip id="bike521" depart="2984.23" departLane="best" from="245105013" to="142575688#1" type="bicycle"/>
    <trip id="bike522" depart="2989.96" departLane="best" from="26444469#2" to="142575742#1" type="bicycle"/>
    <trip id="bike523" depart="2995.69" departLane="best" from="-143308521#3" to="142575726#2" type="bicycle"/>
    <trip id="bike524" depart="3001.42" departLane="best" from="53529600#4" to="-140964907#2" type="bicycle"/>
    <trip id="bike525" depart="3007.14" departLane="best" from="26816737#0" to="38574182" type="bicycle"/>
    <trip id="bike526" depart="3012.87" departLane="best" from="142575695#0" to="142575657#3" type="bicycle"/>
    <trip id="bike527" depart="3018.60" departLane="best" from="70139065" to="-142575662#1" type="bicycle"/>
    <trip id="bike528" depart="3024.33" departLane="best" from="141968844#0" to="115227682#2" type="bicycle"/>
    <trip id="bike529" depart="3030.06" departLane="best" from="212446298#3" to="142575699#2" type="bicycle"/>
    <trip id="bike530" depart="3035.78" departLane="best" from="46039050#7" to="-142575688#4" type="bicycle"/>
    <trip id="bike531" depart="3041.51" departLane="best" from="-142575695#1" to="156071615#1" type="bicycle"/>
    <trip id="bike532" depart="3047.24" departLane="best" from="-142575677#5" to="-283317455" type="bicycle"/>
    <trip id="bike533" depart="3052.97" departLane="best" from="169076556#0" to="143308590#0" type="bicycle"/>
    <trip id="bike534" depart="3058.70" departLane="best" from="-320153865" to="81639675#4" type="bicycle"/>
    <trip id="bike535" depart="3064.42" departLane="best" from="142575708#2" to="142575656#10" type="bicycle"/>
    <trip id="bike536" depart="3070.15" departLane="best" from="147859766" to="-142598710#1" type="bicycle"/>
    <trip id="bike537" depart="3075.88" departLane="best" from="212457361#0" to="38507369#1" type="bicycle"/>
    <trip id="bike538" depart="3081.61" departLane="best" from="180239858#0" to="26843133" type="bicycle"/>
    <trip id="bike539" depart="3087.33" departLane="best" from="23925119#1" to="-221111489" type="bicycle"/>
    <trip id="bike540" depart="3093.06" departLane="best" from="137483074#2" to="-24038509" type="bicycle"/>
    <trip id="bike541" depart="3098.79" departLane="best" from="-354084466#1" to="142575656#1" type="bicycle"/>
    <trip id="bike542" depart="3104.52" departLane="best" from="-81096611#9" to="-142575728" type="bicycle"/>
    <trip id="bike543" depart="3110.25" departLane="best" from="114207227" to="212446298#3" type="bicycle"/>
    <trip id="bike544" depart="3115.97" departLane="best" from="-46150481#1" to="-152470901" type="bicycle"/>
    <trip id="bike545" depart="3121.70" departLane="best" from="52080655#0" to="-142575679#2" type="bicycle"/>
    <trip id="bike546" depart="3127.43" departLane="best" from="321096467#1" to="-142575725#0" type="bicycle"/>
    <trip id="bike547" depart="3133.16" departLane="best" from="-142575734#0" to="25771472#2" type="bicycle"/>
    <trip id="bike549" depart="3144.61" departLane="best" from="143308700#0" to="143308700#0" type="bicycle"/>
    <trip id="bike550" depart="3150.34" departLane="best" from="-321096467#1" to="-143482755#0" type="bicycle"/>
    <trip id="bike551" depart="3156.07" departLane="best" from="-38574171" to="212448067" type="bicycle"/>
    <trip id="bike552" depart="3161.80" departLane="best" from="24733698#0" to="38574189#0" type="bicycle"/>
    <trip id="bike553" depart="3167.53" departLane="best" from="23925119#1" to="71596029#1" type="bicycle"/>
    <trip id="bike554" depart="3173.25" departLane="best" from="147053824#2" to="-52081075#10" type="bicycle"/>
    <trip id="bike555" depart="3178.98" departLane="best" from="143308587#0" to="-212457661" type="bicycle"/>
    <trip id="bike556" depart="3184.71" departLane="best" from="180800504#1" to="-23913525#2" type="bicycle"/>
    <trip id="bike557" depart="3190.44" departLane="best" from="-143308521#11" to="360099568#1" type="bicycle"/>
    <trip id="bike558" depart="3196.16" departLane="best" from="-412814181" to="26816162#1" type="bicycle"/>
    <trip id="bike559" depart="3201.89" departLane="best" from="143308552#0" to="318210383#0" type="bicycle"/>
    <trip id="bike560" depart="3207.62" departLane="best" from="33691719#1" to="71960701" type="bicycle"/>
    <trip id="bike561" depart="3213.35" departLane="best" from="318210375#1" to="16942869" type="bicycle"/>
    <trip id="bike562" depart="3219.08" departLane="best" from="175355422#0" to="-138624421#3" type="bicycle"/>
    <trip id="bike563" depart="3224.80" departLane="best" from="52460499#1" to="334308447#1" type="bicycle"/>
    <trip id="bike564" depart="3230.53" departLane="best" from="-25771472#1" to="-187122892#4" type="bicycle"/>
    <trip id="bike565" depart="3236.26" departLane="best" from="212457509" to="-334170244" type="bicycle"/>
    <trip id="bike566" depart="3241.99" departLane="best" from="-35541136" to="-114952399#0" type="bicycle"/>
    <trip id="bike567" depart="3247.72" departLane="best" from="38574183#1" to="143482765#1" type="bicycle"/>
    <trip id="bike568" depart="3253.44" departLane="best" from="-5357888#1" to="-149611514#2" type="bicycle"/>
    <trip id="bike569" depart="3259.17" departLane="best" from="169076556#0" to="-138624445#1" type="bicycle"/>
    <trip id="bike570" depart="3264.90" departLane="best" from="246099080" to="-222737701#0" type="bicycle"/>
    <trip id="bike571" depart="3270.63" departLane="best" from="-98256382#2" to="-414563788#1" type="bicycle"/>
    <trip id="bike572" depart="3276.36" departLane="best" from="-41319976" to="246099079" type="bicycle"/>
    <trip id="bike573" depart="3282.08" departLane="best" from="26444468#2" to="143482766#2" type="bicycle"/>
    <trip id="bike574" depart="3287.81" departLane="best" from="-142575701#2" to="-142575656#12" type="bicycle"/>
    <trip id="bike575" depart="3293.54" departLane="best" from="-149611534#1" to="172288750" type="bicycle"/>
    <trip id="bike576" depart="3299.27" departLane="best" from="20551912#0" to="-26843019#3" type="bicycle"/>
    <trip id="bike577" depart="3304.99" departLane="best" from="187123053#2" to="142575692#6" type="bicycle"/>
    <trip id="bike578" depart="3310.72" departLane="best" from="127080608" to="-26991766#2" type="bicycle"/>
    <trip id="bike579" depart="3316.45" departLane="best" from="257005614#1" to="-143308566#2" type="bicycle"/>
    <trip id="bike580" depart="3322.18" departLane="best" from="114693738" to="-312192781#0" type="bicycle"/>
    <trip id="bike581" depart="3327.91" departLane="best" from="206579061" to="142575693#2" type="bicycle"/>
    <trip id="bike582" depart="3333.63" departLane="best" from="190083625#0" to="-140964910#3" type="bicycle"/>
    <trip id="bike583" depart="3339.36" departLane="best" from="-53529457#1" to="152709073" type="bicycle"/>
    <trip id="bike585" depart="3350.82" departLane="best" from="-212451899#1" to="-147859763#4" type="bicycle"/>
    <trip id="bike586" depart="3356.55" departLane="best" from="-241780661" to="-397678483" type="bicycle"/>
    <trip id="bike588" depart="3368.00" departLane="best" from="-166142951" to="-71028777#4" type="bicycle"/>
    <trip id="bike589" depart="3373.73" departLane="best" from="212457956#1" to="142575720#0" type="bicycle"/>
    <trip id="bike590" depart="3379.46" departLane="best" from="32235088#0" to="318210378#3" type="bicycle"/>
    <trip id="bike591" depart="3385.19" departLane="best" from="-142575688#10" to="38568645" type="bicycle"/>
    <trip id="bike592" depart="3390.91" departLane="best" from="-138624477#6" to="-135777010#21" type="bicycle"/>
    <trip id="bike593" depart="3396.64" departLane="best" from="52036180#6" to="38568646" type="bicycle"/>
    <trip id="bike594" depart="3402.37" departLane="best" from="143308562#0" to="145586617#5" type="bicycle"/>
    <trip id="bike595" depart="3408.10" departLane="best" from="22762397#3" to="135777010#6" type="bicycle"/>
    <trip id="bike596" depart="3413.82" departLane="best" from="-143308562#2" to="-137482783#0" type="bicycle"/>
    <trip id="bike597" depart="3419.55" departLane="best" from="-320153863#4" to="318210366" type="bicycle"/>
    <trip id="bike598" depart="3425.28" departLane="best" from="152466402#1" to="33690599" type="bicycle"/>
    <trip id="bike599" depart="3431.01" departLane="best" from="52036180#1" to="-142575704#7" type="bicycle"/>
    <trip id="bike600" depart="3436.74" departLane="best" from="33690600" to="-24152612" type="bicycle"/>
    <trip id="bike601" depart="3442.46" departLane="best" from="143482763" to="143308521#0" type="bicycle"/>
    <trip id="bike602" depart="3448.19" departLane="best" from="-53529476#1" to="-334308447#2" type="bicycle"/>
    <trip id="bike603" depart="3453.92" departLane="best" from="-354084467#1" to="-40985810#0" type="bicycle"/>
    <trip id="bike604" depart="3459.65" departLane="best" from="-152709214#0" to="142575739#2" type="bicycle"/>
    <trip id="bike605" depart="3465.38" departLane="best" from="-143308527#1" to="142575739#1" type="bicycle"/>
    <trip id="bike606" depart="3471.10" departLane="best" from="45642416#0" to="-48923304#0" type="bicycle"/>
    <trip id="bike607" depart="3476.83" departLane="best" from="24038612#0" to="321768294#1" type="bicycle"/>
    <trip id="bike608" depart="3482.56" departLane="best" from="318210366" to="-24038698" type="bicycle"/>
    <trip id="bike609" depart="3488.29" departLane="best" from="-147053824#2" to="-212448067" type="bicycle"/>
    <trip id="bike610" depart="3494.02" departLane="best" from="147859763#4" to="26815978#1" type="bicycle"/>
    <trip id="bike611" depart="3499.74" departLane="best" from="180789857#7" to="-175357597#1" type="bicycle"/>
    <trip id="bike612" depart="3505.47" departLane="best" from="26444467#0" to="142575704#10" type="bicycle"/>
    <trip id="bike614" depart="3516.93" departLane="best" from="135777011#0" to="52081075#0" type="bicycle"/>
    <trip id="bike615" depart="3522.65" departLane="best" from="143308542#14" to="180789857#7" type="bicycle"/>
    <trip id="bike616" depart="3528.38" departLane="best" from="153021542#1" to="38569946#3" type="bicycle"/>
    <trip id="bike617" depart="3534.11" departLane="best" from="155846073" to="-152447126#0" type="bicycle"/>
    <trip id="bike618" depart="3539.84" departLane="best" from="-142575679#7" to="140964907#2" type="bicycle"/>
    <trip id="bike619" depart="3545.57" departLane="best" from="-312192779" to="-26991766#6" type="bicycle"/>
    <trip id="bike620" depart="3551.29" departLane="best" from="-142575657#1" to="142575737#0" type="bicycle"/>
    <trip id="bike621" depart="3557.02" departLane="best" from="-314415495#15" to="142575655#6" type="bicycle"/>
    <trip id="bike622" depart="3562.75" departLane="best" from="-142575657#4" to="33690599" type="bicycle"/>
    <trip id="bike623" depart="3568.48" departLane="best" from="-142575690#3" to="38569946#3" type="bicycle"/>
    <trip id="bike624" depart="3574.21" departLane="best" from="361138488" to="172013798#0" type="bicycle"/>
    <trip id="bike625" depart="3579.93" departLane="best" from="142575686#1" to="142575662#1" type="bicycle"/>
    <trip id="bike626" depart="3585.66" departLane="best" from="143308521#0" to="314415495#11" type="bicycle"/>
    <trip id="bike627" depart="3591.39" departLane="best" from="411478097" to="141968853#2" type="bicycle"/>
    <trip id="bike628" depart="3597.12" departLane="best" from="314415495#8" to="204721579#6" type="bicycle"/>
</trips>
