<?xml version="1.0"?>
<!-- generated on 2016-05-17 14:26:02.169000 by $Id: route2trips.py 20433 2016-04-13 08:00:14Z behrisch $ -->
<trips>
    <vType id="motorcycle" vClass="motorcycle"/>
    <trip id="moto0" depart="0.00" departLane="best" from="143308562#0" to="-138624426" type="motorcycle"/>
    <trip id="moto1" depart="13.87" departLane="best" from="334308450#0" to="-142575661#4" type="motorcycle"/>
    <trip id="moto2" depart="27.73" departLane="best" from="-152839428" to="142575674#6" type="motorcycle"/>
    <trip id="moto3" depart="41.60" departLane="best" from="-156066226#0" to="143308532#2" type="motorcycle"/>
    <trip id="moto4" depart="55.47" departLane="best" from="24214694#5" to="-135777010#20" type="motorcycle"/>
    <trip id="moto5" depart="69.33" departLane="best" from="24152326#1" to="178028206#2" type="motorcycle"/>
    <trip id="moto6" depart="83.20" departLane="best" from="52081116#8" to="-334308447#2" type="motorcycle"/>
    <trip id="moto7" depart="97.06" departLane="best" from="-142575677#4" to="-142575677#2" type="motorcycle"/>
    <trip id="moto8" depart="110.93" departLane="best" from="314415495#11" to="143308546#16" type="motorcycle"/>
    <trip id="moto9" depart="124.80" departLane="best" from="142575679#1" to="71960633#2" type="motorcycle"/>
    <trip id="moto10" depart="138.66" departLane="best" from="-38915289#1" to="142575700#0" type="motorcycle"/>
    <trip id="moto11" depart="152.53" departLane="best" from="259466417#2" to="143308562#5" type="motorcycle"/>
    <trip id="moto12" depart="166.40" departLane="best" from="-170543741#0" to="-24733698#0" type="motorcycle"/>
    <trip id="moto13" depart="180.26" departLane="best" from="143308700#2" to="143308546#6" type="motorcycle"/>
    <trip id="moto14" depart="194.13" departLane="best" from="-143308562#1" to="-52460499#7" type="motorcycle"/>
    <trip id="moto15" depart="208.00" departLane="best" from="81639675#1" to="146511461#0" type="motorcycle"/>
    <trip id="moto16" depart="221.86" departLane="best" from="31050366#0" to="24038573#1" type="motorcycle"/>
    <trip id="moto17" depart="235.73" departLane="best" from="-314415495#15" to="-23913524#3" type="motorcycle"/>
    <trip id="moto18" depart="249.60" departLane="best" from="318210378#4" to="-314415495#8" type="motorcycle"/>
    <trip id="moto19" depart="263.46" departLane="best" from="-230625607#1" to="-20553007" type="motorcycle"/>
    <trip id="moto20" depart="277.33" departLane="best" from="142575690#7" to="-230625607#0" type="motorcycle"/>
    <trip id="moto21" depart="291.19" departLane="best" from="142575704#3" to="38507369#1" type="motorcycle"/>
    <trip id="moto22" depart="305.06" departLane="best" from="-142575688#6" to="143308644" type="motorcycle"/>
    <trip id="moto23" depart="318.93" departLane="best" from="23925124#0" to="137534616#1" type="motorcycle"/>
    <trip id="moto24" depart="332.79" departLane="best" from="-142575655#5" to="-71028774#1" type="motorcycle"/>
    <trip id="moto25" depart="346.66" departLane="best" from="97206935#4" to="142575688#7" type="motorcycle"/>
    <trip id="moto26" depart="360.53" departLane="best" from="71960633#1" to="318210378#3" type="motorcycle"/>
    <trip id="moto27" depart="374.39" departLane="best" from="-135777011#5" to="190083616#0" type="motorcycle"/>
    <trip id="moto28" depart="388.26" departLane="best" from="-23788323" to="146511461#2" type="motorcycle"/>
    <trip id="moto29" depart="402.13" departLane="best" from="318210378#3" to="-230625607#1" type="motorcycle"/>
    <trip id="moto30" depart="415.99" departLane="best" from="38568628#0" to="320741895#0" type="motorcycle"/>
    <trip id="moto31" depart="429.86" departLane="best" from="143308523#6" to="-143308521#10" type="motorcycle"/>
    <trip id="moto32" depart="443.73" departLane="best" from="206889078" to="142575692#0" type="motorcycle"/>
    <trip id="moto33" depart="457.59" departLane="best" from="-117951616" to="-318210373#1" type="motorcycle"/>
    <trip id="moto34" depart="471.46" departLane="best" from="-137534616#4" to="40191608" type="motorcycle"/>
    <trip id="moto35" depart="485.32" departLane="best" from="318210388#0" to="314415495#1" type="motorcycle"/>
    <trip id="moto36" depart="499.19" departLane="best" from="318210386#0" to="52036180#0" type="motorcycle"/>
    <trip id="moto37" depart="513.06" departLane="best" from="-142575662#2" to="142575656#7" type="motorcycle"/>
    <trip id="moto38" depart="526.92" departLane="best" from="-142575656#14" to="230625607#3" type="motorcycle"/>
    <trip id="moto39" depart="540.79" departLane="best" from="138628388" to="142575699#0" type="motorcycle"/>
    <trip id="moto40" depart="554.66" departLane="best" from="-149611511#1" to="-314415495#4" type="motorcycle"/>
    <trip id="moto41" depart="568.52" departLane="best" from="-142575694#1" to="-170543741#1" type="motorcycle"/>
    <trip id="moto42" depart="582.39" departLane="best" from="-318210396#1" to="143308532#0" type="motorcycle"/>
    <trip id="moto43" depart="596.26" departLane="best" from="-172013798#1" to="-166142951" type="motorcycle"/>
    <trip id="moto44" depart="610.12" departLane="best" from="-142575656#5" to="144909690#2" type="motorcycle"/>
    <trip id="moto45" depart="623.99" departLane="best" from="318210353" to="-142575656#10" type="motorcycle"/>
    <trip id="moto46" depart="637.86" departLane="best" from="46150481#1" to="143308503#2" type="motorcycle"/>
    <trip id="moto47" depart="651.72" departLane="best" from="-142575679#4" to="138624432" type="motorcycle"/>
    <trip id="moto48" depart="665.59" departLane="best" from="81096611#6" to="-142575677#6" type="motorcycle"/>
    <trip id="moto49" depart="679.45" departLane="best" from="-71028777#2" to="-334308450#1" type="motorcycle"/>
    <trip id="moto50" depart="693.32" departLane="best" from="-99157761#1" to="-24038584#3" type="motorcycle"/>
    <trip id="moto51" depart="707.19" departLane="best" from="-20553015" to="40191607#0" type="motorcycle"/>
    <trip id="moto52" depart="721.05" departLane="best" from="137534616#3" to="318210378#4" type="motorcycle"/>
    <trip id="moto53" depart="734.92" departLane="best" from="142575688#11" to="-138628388" type="motorcycle"/>
    <trip id="moto54" depart="748.79" departLane="best" from="99157761#0" to="314415495#17" type="motorcycle"/>
    <trip id="moto55" depart="762.65" departLane="best" from="71028777#2" to="40191607#5" type="motorcycle"/>
    <trip id="moto56" depart="776.52" departLane="best" from="314415495#13" to="-143308562#1" type="motorcycle"/>
    <trip id="moto57" depart="790.39" departLane="best" from="-230625607#2" to="24038694#2" type="motorcycle"/>
    <trip id="moto59" depart="818.12" departLane="best" from="142575689" to="190083608#3" type="motorcycle"/>
    <trip id="moto60" depart="831.99" departLane="best" from="-143308521#9" to="-26991766#3" type="motorcycle"/>
    <trip id="moto61" depart="845.85" departLane="best" from="71028777#1" to="143308521#4" type="motorcycle"/>
    <trip id="moto63" depart="873.58" departLane="best" from="142575656#0" to="318210371#1" type="motorcycle"/>
    <trip id="moto64" depart="887.45" departLane="best" from="143308503#2" to="152839434#1" type="motorcycle"/>
    <trip id="moto65" depart="901.32" departLane="best" from="143308503#1" to="143308566#2" type="motorcycle"/>
    <trip id="moto66" depart="915.18" departLane="best" from="-149611514#4" to="187123437#1" type="motorcycle"/>
    <trip id="moto67" depart="929.05" departLane="best" from="147859763#5" to="-30978409#0" type="motorcycle"/>
    <trip id="moto68" depart="942.92" departLane="best" from="98256382#2" to="98256382#0" type="motorcycle"/>
    <trip id="moto69" depart="956.78" departLane="best" from="318210394#0" to="334308450#1" type="motorcycle"/>
    <trip id="moto70" depart="970.65" departLane="best" from="-38568630" to="-143308521#9" type="motorcycle"/>
    <trip id="moto71" depart="984.52" departLane="best" from="26991766#5" to="180789857#3" type="motorcycle"/>
    <trip id="moto72" depart="998.38" departLane="best" from="143308527#1" to="81639675#0" type="motorcycle"/>
    <trip id="moto73" depart="1012.25" departLane="best" from="257072321#5" to="-283317455" type="motorcycle"/>
    <trip id="moto74" depart="1026.12" departLane="best" from="146511461#7" to="48858191#3" type="motorcycle"/>
    <trip id="moto75" depart="1039.98" departLane="best" from="-142575704#2" to="-142575688#8" type="motorcycle"/>
    <trip id="moto76" depart="1053.85" departLane="best" from="-142575688#12" to="142575700#1" type="motorcycle"/>
    <trip id="moto77" depart="1067.71" departLane="best" from="143308549#0" to="-230625607#2" type="motorcycle"/>
    <trip id="moto78" depart="1081.58" departLane="best" from="141968814" to="38568631" type="motorcycle"/>
    <trip id="moto79" depart="1095.45" departLane="best" from="314415495#1" to="-142575674#3" type="motorcycle"/>
    <trip id="moto80" depart="1109.31" departLane="best" from="-99157761#2" to="-24038584#0" type="motorcycle"/>
    <trip id="moto81" depart="1123.18" departLane="best" from="135777010#11" to="-135777010#6" type="motorcycle"/>
    <trip id="moto82" depart="1137.05" departLane="best" from="38159999#2" to="142575693#5" type="motorcycle"/>
    <trip id="moto83" depart="1150.91" departLane="best" from="26991766#6" to="143308523#2" type="motorcycle"/>
    <trip id="moto84" depart="1164.78" departLane="best" from="-143308505#2" to="-142575699#1" type="motorcycle"/>
    <trip id="moto85" depart="1178.65" departLane="best" from="-31050360#1" to="38507369#3" type="motorcycle"/>
    <trip id="moto86" depart="1192.51" departLane="best" from="230625607#1" to="35554225#0" type="motorcycle"/>
    <trip id="moto87" depart="1206.38" departLane="best" from="-73058506#0" to="143308587#0" type="motorcycle"/>
    <trip id="moto88" depart="1220.25" departLane="best" from="-143308521#7" to="414563781" type="motorcycle"/>
    <trip id="moto89" depart="1234.11" departLane="best" from="318210363#0" to="73058506#1" type="motorcycle"/>
    <trip id="moto90" depart="1247.98" departLane="best" from="-318210377#0" to="43660343#0" type="motorcycle"/>
    <trip id="moto91" depart="1261.84" departLane="best" from="24038694#0" to="318210388#0" type="motorcycle"/>
    <trip id="moto92" depart="1275.71" departLane="best" from="23913525#0" to="-142575687#1" type="motorcycle"/>
    <trip id="moto93" depart="1289.58" departLane="best" from="24038573#1" to="-172014854#0" type="motorcycle"/>
    <trip id="moto94" depart="1303.44" departLane="best" from="-138624421#6" to="-147859763#1" type="motorcycle"/>
    <trip id="moto95" depart="1317.31" departLane="best" from="-318210371#1" to="318210389" type="motorcycle"/>
    <trip id="moto96" depart="1331.18" departLane="best" from="81096611#10" to="142575690#7" type="motorcycle"/>
    <trip id="moto97" depart="1345.04" departLane="best" from="48858192#1" to="-142575688#8" type="motorcycle"/>
    <trip id="moto98" depart="1358.91" departLane="best" from="187122892#7" to="-314415495#7" type="motorcycle"/>
    <trip id="moto99" depart="1372.78" departLane="best" from="142575679#5" to="190083610#0" type="motorcycle"/>
    <trip id="moto100" depart="1386.64" departLane="best" from="192204854#0" to="152466402#1" type="motorcycle"/>
    <trip id="moto101" depart="1400.51" departLane="best" from="-314415495#13" to="318210359" type="motorcycle"/>
    <trip id="moto102" depart="1414.38" departLane="best" from="-31050366#0" to="135777010#10" type="motorcycle"/>
    <trip id="moto103" depart="1428.24" departLane="best" from="-71028777#2" to="-26991766#1" type="motorcycle"/>
    <trip id="moto104" depart="1442.11" departLane="best" from="-142575700#1" to="137483074#1" type="motorcycle"/>
    <trip id="moto105" depart="1455.97" departLane="best" from="-26991766#1" to="142575695#0" type="motorcycle"/>
    <trip id="moto106" depart="1469.84" departLane="best" from="-117951616" to="-24214694#1" type="motorcycle"/>
    <trip id="moto107" depart="1483.71" departLane="best" from="135777010#18" to="143308521#7" type="motorcycle"/>
    <trip id="moto109" depart="1511.44" departLane="best" from="138624477#7" to="38568628#0" type="motorcycle"/>
    <trip id="moto110" depart="1525.31" departLane="best" from="-142575662#1" to="142575684#0" type="motorcycle"/>
    <trip id="moto111" depart="1539.17" departLane="best" from="143308546#6" to="-334308447#0" type="motorcycle"/>
    <trip id="moto112" depart="1553.04" departLane="best" from="-190083610#0" to="142575655#3" type="motorcycle"/>
    <trip id="moto113" depart="1566.91" departLane="best" from="314415495#14" to="-142575656#14" type="motorcycle"/>
    <trip id="moto114" depart="1580.77" departLane="best" from="-81096611#8" to="143308700#3" type="motorcycle"/>
    <trip id="moto115" depart="1594.64" departLane="best" from="-147859763#4" to="176039655" type="motorcycle"/>
    <trip id="moto116" depart="1608.51" departLane="best" from="141968844#5" to="-190083616#1" type="motorcycle"/>
    <trip id="moto117" depart="1622.37" departLane="best" from="20553007" to="23925119#0" type="motorcycle"/>
    <trip id="moto118" depart="1636.24" departLane="best" from="142575661#1" to="-138628388" type="motorcycle"/>
    <trip id="moto119" depart="1650.10" departLane="best" from="-20553007" to="318210360#0" type="motorcycle"/>
    <trip id="moto120" depart="1663.97" departLane="best" from="147053824#3" to="81639675#1" type="motorcycle"/>
    <trip id="moto121" depart="1677.84" departLane="best" from="143308505#0" to="52036180#6" type="motorcycle"/>
    <trip id="moto122" depart="1691.70" departLane="best" from="334308448#0" to="143308552#0" type="motorcycle"/>
    <trip id="moto123" depart="1705.57" departLane="best" from="180789857#1" to="142575674#5" type="motorcycle"/>
    <trip id="moto124" depart="1719.44" departLane="best" from="26991766#0" to="142575695#0" type="motorcycle"/>
    <trip id="moto125" depart="1733.30" departLane="best" from="138628388" to="-22729318#0" type="motorcycle"/>
    <trip id="moto126" depart="1747.17" departLane="best" from="143308546#15" to="-23925124#2" type="motorcycle"/>
    <trip id="moto127" depart="1761.04" departLane="best" from="-142575658#1" to="-24214694#0" type="motorcycle"/>
    <trip id="moto128" depart="1774.90" departLane="best" from="142575684#0" to="-142575704#4" type="motorcycle"/>
    <trip id="moto129" depart="1788.77" departLane="best" from="-172013798#2" to="172013798#2" type="motorcycle"/>
    <trip id="moto130" depart="1802.64" departLane="best" from="-73058506#2" to="142575693#0" type="motorcycle"/>
    <trip id="moto131" depart="1816.50" departLane="best" from="142575704#2" to="172014854#1" type="motorcycle"/>
    <trip id="moto132" depart="1830.37" departLane="best" from="314415495#9" to="23913524#4" type="motorcycle"/>
    <trip id="moto133" depart="1844.23" departLane="best" from="314415495#4" to="52081075#3" type="motorcycle"/>
    <trip id="moto134" depart="1858.10" departLane="best" from="-98256382#0" to="207086005" type="motorcycle"/>
    <trip id="moto135" depart="1871.97" departLane="best" from="142575686#3" to="143308546#16" type="motorcycle"/>
    <trip id="moto136" depart="1885.83" departLane="best" from="135777011#0" to="-138624438#3" type="motorcycle"/>
    <trip id="moto137" depart="1899.70" departLane="best" from="-71960633#1" to="-143308527#1" type="motorcycle"/>
    <trip id="moto138" depart="1913.57" departLane="best" from="138624469#4" to="-142575699#1" type="motorcycle"/>
    <trip id="moto139" depart="1927.43" departLane="best" from="-52081075#6" to="142575704#9" type="motorcycle"/>
    <trip id="moto140" depart="1941.30" departLane="best" from="-142575704#4" to="140964915" type="motorcycle"/>
    <trip id="moto142" depart="1969.03" departLane="best" from="20553068#0" to="314415495#1" type="motorcycle"/>
    <trip id="moto143" depart="1982.90" departLane="best" from="-206579062#0" to="-142575658#2" type="motorcycle"/>
    <trip id="moto144" depart="1996.77" departLane="best" from="99157761#2" to="-38159999#2" type="motorcycle"/>
    <trip id="moto145" depart="2010.63" departLane="best" from="144909690#0" to="24038608#1" type="motorcycle"/>
    <trip id="moto147" depart="2038.36" departLane="best" from="52080655#0" to="-147859765#2" type="motorcycle"/>
    <trip id="moto148" depart="2052.23" departLane="best" from="-138624421#1" to="-143308521#1" type="motorcycle"/>
    <trip id="moto149" depart="2066.10" departLane="best" from="142575691#4" to="-156066226#0" type="motorcycle"/>
    <trip id="moto150" depart="2079.96" departLane="best" from="153021553#1" to="23913525#1" type="motorcycle"/>
    <trip id="moto151" depart="2093.83" departLane="best" from="-143308601#1" to="143308546#22" type="motorcycle"/>
    <trip id="moto152" depart="2107.70" departLane="best" from="-314415495#10" to="153021549#0" type="motorcycle"/>
    <trip id="moto153" depart="2121.56" departLane="best" from="52243916#1" to="-81096611#6" type="motorcycle"/>
    <trip id="moto154" depart="2135.43" departLane="best" from="178028206#2" to="-142575656#7" type="motorcycle"/>
    <trip id="moto155" depart="2149.30" departLane="best" from="314415495#15" to="143308546#11" type="motorcycle"/>
    <trip id="moto156" depart="2163.16" departLane="best" from="-142575694#1" to="81096611#8" type="motorcycle"/>
    <trip id="moto157" depart="2177.03" departLane="best" from="135777010#14" to="-52080655#2" type="motorcycle"/>
    <trip id="moto158" depart="2190.90" departLane="best" from="143308549#3" to="31050366#1" type="motorcycle"/>
    <trip id="moto159" depart="2204.76" departLane="best" from="142575679#5" to="142575656#15" type="motorcycle"/>
    <trip id="moto160" depart="2218.63" departLane="best" from="26991766#0" to="-142575661#4" type="motorcycle"/>
    <trip id="moto161" depart="2232.49" departLane="best" from="318210395" to="-190083616#1" type="motorcycle"/>
    <trip id="moto162" depart="2246.36" departLane="best" from="-38915290" to="-138624438#3" type="motorcycle"/>
    <trip id="moto163" depart="2260.23" departLane="best" from="-321096467#0" to="334308450#2" type="motorcycle"/>
    <trip id="moto164" depart="2274.09" departLane="best" from="-142575662#2" to="190083610#1" type="motorcycle"/>
    <trip id="moto165" depart="2287.96" departLane="best" from="141968814" to="22956997#2" type="motorcycle"/>
    <trip id="moto166" depart="2301.83" departLane="best" from="141968844#0" to="255433734#0" type="motorcycle"/>
    <trip id="moto167" depart="2315.69" departLane="best" from="-142575677#5" to="-169076556#0" type="motorcycle"/>
    <trip id="moto168" depart="2329.56" departLane="best" from="152466402#2" to="-314415495#11" type="motorcycle"/>
    <trip id="moto169" depart="2343.43" departLane="best" from="204721579#5" to="-318210394#0" type="motorcycle"/>
    <trip id="moto170" depart="2357.29" departLane="best" from="166142951" to="-23913526" type="motorcycle"/>
    <trip id="moto171" depart="2371.16" departLane="best" from="-206579060#1" to="-142575690#5" type="motorcycle"/>
    <trip id="moto172" depart="2385.03" departLane="best" from="-147859763#1" to="-142575690#3" type="motorcycle"/>
    <trip id="moto174" depart="2412.76" departLane="best" from="140964924" to="204721578#0" type="motorcycle"/>
    <trip id="moto175" depart="2426.62" departLane="best" from="73058506#1" to="142575688#10" type="motorcycle"/>
    <trip id="moto176" depart="2440.49" departLane="best" from="-147859763#3" to="-172013798#2" type="motorcycle"/>
    <trip id="moto177" depart="2454.36" departLane="best" from="142575678#0" to="-23925124#2" type="motorcycle"/>
    <trip id="moto178" depart="2468.22" departLane="best" from="72230304#0" to="142575700#2" type="motorcycle"/>
    <trip id="moto179" depart="2482.09" departLane="best" from="153021549#2" to="-142575695#0" type="motorcycle"/>
    <trip id="moto180" depart="2495.96" departLane="best" from="318210371#2" to="142575658#1" type="motorcycle"/>
    <trip id="moto181" depart="2509.82" departLane="best" from="138624477#1" to="138624452#4" type="motorcycle"/>
    <trip id="moto182" depart="2523.69" departLane="best" from="-142575657#0" to="143308700#2" type="motorcycle"/>
    <trip id="moto183" depart="2537.56" departLane="best" from="142575691#2" to="-314415495#0" type="motorcycle"/>
    <trip id="moto184" depart="2551.42" departLane="best" from="91218505" to="-142575690#2" type="motorcycle"/>
    <trip id="moto185" depart="2565.29" departLane="best" from="206889086#2" to="143308546#2" type="motorcycle"/>
    <trip id="moto186" depart="2579.16" departLane="best" from="23925119#1" to="-172013798#0" type="motorcycle"/>
    <trip id="moto187" depart="2593.02" departLane="best" from="137534616#3" to="318210378#2" type="motorcycle"/>
    <trip id="moto188" depart="2606.89" departLane="best" from="81639675#2" to="-314415495#10" type="motorcycle"/>
    <trip id="moto189" depart="2620.75" departLane="best" from="143308542#7" to="143308546#8" type="motorcycle"/>
    <trip id="moto190" depart="2634.62" departLane="best" from="-149611524#0" to="-149611534#1" type="motorcycle"/>
    <trip id="moto191" depart="2648.49" departLane="best" from="-143308700#0" to="-142575656#6" type="motorcycle"/>
    <trip id="moto192" depart="2662.35" departLane="best" from="-135777010#11" to="138624477#1" type="motorcycle"/>
    <trip id="moto193" depart="2676.22" departLane="best" from="-172014854#0" to="180789857#8" type="motorcycle"/>
    <trip id="moto194" depart="2690.09" departLane="best" from="149611534#0" to="40191607#1" type="motorcycle"/>
    <trip id="moto195" depart="2703.95" departLane="best" from="118262353#2" to="142575693#3" type="motorcycle"/>
    <trip id="moto196" depart="2717.82" departLane="best" from="259433184#0" to="-142575656#11" type="motorcycle"/>
    <trip id="moto197" depart="2731.69" departLane="best" from="-24038694#3" to="-142575691#4" type="motorcycle"/>
    <trip id="moto198" depart="2745.55" departLane="best" from="141968844#4" to="-142575658#0" type="motorcycle"/>
    <trip id="moto199" depart="2759.42" departLane="best" from="-138624465#5" to="138624438#0" type="motorcycle"/>
    <trip id="moto202" depart="2801.02" departLane="best" from="-334308450#2" to="-321096467#2" type="motorcycle"/>
    <trip id="moto203" depart="2814.88" departLane="best" from="-318210371#3" to="172013798#2" type="motorcycle"/>
    <trip id="moto204" depart="2828.75" departLane="best" from="-71960633#1" to="142575679#8" type="motorcycle"/>
    <trip id="moto205" depart="2842.62" departLane="best" from="142575684#4" to="135777010#21" type="motorcycle"/>
    <trip id="moto206" depart="2856.48" departLane="best" from="206579062#0" to="143308626" type="motorcycle"/>
    <trip id="moto207" depart="2870.35" departLane="best" from="137483015#5" to="178028206#2" type="motorcycle"/>
    <trip id="moto208" depart="2884.22" departLane="best" from="-142575694#1" to="71960633#2" type="motorcycle"/>
    <trip id="moto209" depart="2898.08" departLane="best" from="-143308523#4" to="142575699#2" type="motorcycle"/>
    <trip id="moto210" depart="2911.95" departLane="best" from="142575688#4" to="-142575674#5" type="motorcycle"/>
    <trip id="moto211" depart="2925.82" departLane="best" from="26991766#2" to="142575662#1" type="motorcycle"/>
    <trip id="moto212" depart="2939.68" departLane="best" from="180239843" to="142575677#7" type="motorcycle"/>
    <trip id="moto213" depart="2953.55" departLane="best" from="-23913525#3" to="314415495#14" type="motorcycle"/>
    <trip id="moto214" depart="2967.42" departLane="best" from="81096611#1" to="-190083616#1" type="motorcycle"/>
    <trip id="moto215" depart="2981.28" departLane="best" from="142575688#3" to="-71028777#2" type="motorcycle"/>
    <trip id="moto216" depart="2995.15" departLane="best" from="40191606#0" to="142575677#6" type="motorcycle"/>
    <trip id="moto217" depart="3009.01" departLane="best" from="318210389" to="318210388#0" type="motorcycle"/>
    <trip id="moto218" depart="3022.88" departLane="best" from="-81096611#9" to="46039051#0" type="motorcycle"/>
    <trip id="moto219" depart="3036.75" departLane="best" from="142575656#5" to="28888490" type="motorcycle"/>
    <trip id="moto220" depart="3050.61" departLane="best" from="-24038584#4" to="-26991766#5" type="motorcycle"/>
    <trip id="moto221" depart="3064.48" departLane="best" from="142575704#7" to="99157761#0" type="motorcycle"/>
    <trip id="moto222" depart="3078.35" departLane="best" from="142575688#4" to="142575693#1" type="motorcycle"/>
    <trip id="moto223" depart="3092.21" departLane="best" from="-146511461#7" to="178028204#1" type="motorcycle"/>
    <trip id="moto224" depart="3106.08" departLane="best" from="142575694#0" to="-187122892#5" type="motorcycle"/>
    <trip id="moto225" depart="3119.95" departLane="best" from="24733698#0" to="-71960633#2" type="motorcycle"/>
    <trip id="moto226" depart="3133.81" departLane="best" from="142575710#3" to="320741894#0" type="motorcycle"/>
    <trip id="moto227" depart="3147.68" departLane="best" from="142575674#1" to="140964905#2" type="motorcycle"/>
    <trip id="moto228" depart="3161.55" departLane="best" from="180789857#6" to="135777010#17" type="motorcycle"/>
    <trip id="moto229" depart="3175.41" departLane="best" from="-318210396#1" to="172013798#0" type="motorcycle"/>
    <trip id="moto230" depart="3189.28" departLane="best" from="144909690#0" to="318210367#1" type="motorcycle"/>
    <trip id="moto231" depart="3203.14" departLane="best" from="314415495#19" to="318210377#1" type="motorcycle"/>
    <trip id="moto232" depart="3217.01" departLane="best" from="180789857#1" to="230625607#1" type="motorcycle"/>
    <trip id="moto233" depart="3230.88" departLane="best" from="-142575656#12" to="144909690#2" type="motorcycle"/>
    <trip id="moto234" depart="3244.74" departLane="best" from="40191605#4" to="98256382#3" type="motorcycle"/>
    <trip id="moto235" depart="3258.61" departLane="best" from="-24214694#3" to="-52081075#5" type="motorcycle"/>
    <trip id="moto236" depart="3272.48" departLane="best" from="-143308503#2" to="142575689" type="motorcycle"/>
    <trip id="moto237" depart="3286.34" departLane="best" from="142575692#3" to="255433734#0" type="motorcycle"/>
    <trip id="moto238" depart="3300.21" departLane="best" from="-143308619" to="-142575657#3" type="motorcycle"/>
    <trip id="moto240" depart="3327.94" departLane="best" from="-135777010#6" to="259433182#2" type="motorcycle"/>
    <trip id="moto241" depart="3341.81" departLane="best" from="375685717#1" to="153021549#1" type="motorcycle"/>
    <trip id="moto242" depart="3355.68" departLane="best" from="-334308448#0" to="143308527#0" type="motorcycle"/>
    <trip id="moto243" depart="3369.54" departLane="best" from="143308555#3" to="137534616#4" type="motorcycle"/>
    <trip id="moto244" depart="3383.41" departLane="best" from="-20553015" to="318210354#2" type="motorcycle"/>
    <trip id="moto245" depart="3397.27" departLane="best" from="-147859765#2" to="-71028777#4" type="motorcycle"/>
    <trip id="moto246" depart="3411.14" departLane="best" from="140964910#3" to="-187123033#1" type="motorcycle"/>
    <trip id="moto247" depart="3425.01" departLane="best" from="142575694#1" to="143308521#1" type="motorcycle"/>
    <trip id="moto248" depart="3438.87" departLane="best" from="81639678#1" to="-26991766#0" type="motorcycle"/>
    <trip id="moto249" depart="3452.74" departLane="best" from="-23925119#0" to="142575710#2" type="motorcycle"/>
    <trip id="moto250" depart="3466.61" departLane="best" from="149611524#2" to="206889086#0" type="motorcycle"/>
    <trip id="moto251" depart="3480.47" departLane="best" from="141968913" to="38568630" type="motorcycle"/>
    <trip id="moto252" depart="3494.34" departLane="best" from="143308523#3" to="-383474991" type="motorcycle"/>
    <trip id="moto253" depart="3508.21" departLane="best" from="143308552#0" to="143308587#0" type="motorcycle"/>
    <trip id="moto254" depart="3522.07" departLane="best" from="146511461#0" to="314415495#3" type="motorcycle"/>
    <trip id="moto255" depart="3535.94" departLane="best" from="143308601#1" to="-314415495#15" type="motorcycle"/>
    <trip id="moto256" depart="3549.81" departLane="best" from="142575679#8" to="71028777#3" type="motorcycle"/>
    <trip id="moto257" depart="3563.67" departLane="best" from="142575677#1" to="38915289#0" type="motorcycle"/>
    <trip id="moto258" depart="3577.54" departLane="best" from="26991766#0" to="-221111489" type="motorcycle"/>
    <trip id="moto259" depart="3591.40" departLane="best" from="259433182#4" to="142575656#12" type="motorcycle"/>
</trips>
