<?xml version="1.0"?>
<!-- generated on 2016-05-17 14:25:59.920000 by $Id: route2trips.py 20433 2016-04-13 08:00:14Z behrisch $ -->
<trips>
    <vType id="truck" vClass="truck"/>
    <trip id="truck0" depart="0.00" departLane="best" from="143308552#0" to="-138624438#2" type="truck"/>
    <trip id="truck1" depart="6.93" departLane="best" from="187123053#2" to="172013798#0" type="truck"/>
    <trip id="truck2" depart="13.87" departLane="best" from="-81096611#11" to="-138624452#2" type="truck"/>
    <trip id="truck3" depart="20.80" departLane="best" from="-156066226#1" to="142575688#10" type="truck"/>
    <trip id="truck4" depart="27.73" departLane="best" from="-138624445#0" to="-149611514#7" type="truck"/>
    <trip id="truck5" depart="34.67" departLane="best" from="143308601#1" to="142575710#3" type="truck"/>
    <trip id="truck7" depart="48.53" departLane="best" from="24038694#3" to="-135777010#21" type="truck"/>
    <trip id="truck8" depart="55.47" departLane="best" from="-318210396#1" to="-143308523#8" type="truck"/>
    <trip id="truck9" depart="62.40" departLane="best" from="52460499#2" to="-375685662" type="truck"/>
    <trip id="truck11" depart="76.27" departLane="best" from="-38568631" to="143308521#1" type="truck"/>
    <trip id="truck13" depart="90.13" departLane="best" from="314415495#8" to="143308546#15" type="truck"/>
    <trip id="truck14" depart="97.06" departLane="best" from="153021549#4" to="-138624477#8" type="truck"/>
    <trip id="truck15" depart="104.00" departLane="best" from="-172013798#0" to="-26613776#0" type="truck"/>
    <trip id="truck16" depart="110.93" departLane="best" from="-142575673#0" to="-187123053#2" type="truck"/>
    <trip id="truck17" depart="117.86" departLane="best" from="-142575688#7" to="-24038694#1" type="truck"/>
    <trip id="truck19" depart="131.73" departLane="best" from="-23913525#1" to="46150483" type="truck"/>
    <trip id="truck20" depart="138.66" departLane="best" from="81639675#3" to="149611514#5" type="truck"/>
    <trip id="truck21" depart="145.60" departLane="best" from="142575686#1" to="180239858#1" type="truck"/>
    <trip id="truck22" depart="152.53" departLane="best" from="292525972" to="257072321#1" type="truck"/>
    <trip id="truck23" depart="159.46" departLane="best" from="-172013798#2" to="-138624458#0" type="truck"/>
    <trip id="truck25" depart="173.33" departLane="best" from="318210375#1" to="-318210371#3" type="truck"/>
    <trip id="truck26" depart="180.26" departLane="best" from="144909690#0" to="-98256382#2" type="truck"/>
    <trip id="truck28" depart="194.13" departLane="best" from="142575688#10" to="-23913524#4" type="truck"/>
    <trip id="truck29" depart="201.06" departLane="best" from="142575699#3" to="38568632" type="truck"/>
    <trip id="truck31" depart="214.93" departLane="best" from="98256382#0" to="142575688#7" type="truck"/>
    <trip id="truck32" depart="221.86" departLane="best" from="-142575679#8" to="-138628388" type="truck"/>
    <trip id="truck33" depart="228.80" departLane="best" from="-142575691#4" to="147053824#3" type="truck"/>
    <trip id="truck34" depart="235.73" departLane="best" from="23913524#4" to="138624438#2" type="truck"/>
    <trip id="truck35" depart="242.66" departLane="best" from="-142575656#12" to="-81096611#0" type="truck"/>
    <trip id="truck36" depart="249.60" departLane="best" from="97206935#0" to="142575695#1" type="truck"/>
    <trip id="truck37" depart="256.53" departLane="best" from="72077912#1" to="334308447#0" type="truck"/>
    <trip id="truck38" depart="263.46" departLane="best" from="-137483015#0" to="206579063#0" type="truck"/>
    <trip id="truck39" depart="270.40" departLane="best" from="149611511#0" to="142575704#1" type="truck"/>
    <trip id="truck40" depart="277.33" departLane="best" from="-23913525#1" to="149611514#6" type="truck"/>
    <trip id="truck41" depart="284.26" departLane="best" from="-142575695#0" to="138624469#0" type="truck"/>
    <trip id="truck42" depart="291.19" departLane="best" from="137483074#1" to="52081075#5" type="truck"/>
    <trip id="truck43" depart="298.13" departLane="best" from="318210374" to="-23913525#0" type="truck"/>
    <trip id="truck44" depart="305.06" departLane="best" from="141968799" to="-146511461#5" type="truck"/>
    <trip id="truck45" depart="311.99" departLane="best" from="38507369#2" to="35554225#1" type="truck"/>
    <trip id="truck46" depart="318.93" departLane="best" from="143308521#4" to="-143308523#4" type="truck"/>
    <trip id="truck47" depart="325.86" departLane="best" from="206579064#0" to="142575704#3" type="truck"/>
    <trip id="truck48" depart="332.79" departLane="best" from="22762397#0" to="142575699#1" type="truck"/>
    <trip id="truck49" depart="339.73" departLane="best" from="-117951616" to="-321096467#2" type="truck"/>
    <trip id="truck50" depart="346.66" departLane="best" from="-138624421#3" to="40191607#7" type="truck"/>
    <trip id="truck51" depart="353.59" departLane="best" from="318210378#2" to="318210353" type="truck"/>
    <trip id="truck52" depart="360.53" departLane="best" from="-28888490" to="-140964924" type="truck"/>
    <trip id="truck53" depart="367.46" departLane="best" from="-142575657#1" to="24038584#4" type="truck"/>
    <trip id="truck54" depart="374.39" departLane="best" from="206889086#0" to="-142575704#0" type="truck"/>
    <trip id="truck55" depart="381.33" departLane="best" from="138624465#1" to="143308505#1" type="truck"/>
    <trip id="truck56" depart="388.26" departLane="best" from="-81096611#4" to="-152839428" type="truck"/>
    <trip id="truck58" depart="402.13" departLane="best" from="-149611526" to="-318210369#0" type="truck"/>
    <trip id="truck59" depart="409.06" departLane="best" from="97206935#0" to="152466402#1" type="truck"/>
    <trip id="truck60" depart="415.99" departLane="best" from="-99157761#2" to="142575691#2" type="truck"/>
    <trip id="truck61" depart="422.93" departLane="best" from="-142575701#2" to="-187122892#2" type="truck"/>
    <trip id="truck62" depart="429.86" departLane="best" from="-318210396#1" to="143308555#3" type="truck"/>
    <trip id="truck63" depart="436.79" departLane="best" from="-172013798#2" to="38574182" type="truck"/>
    <trip id="truck64" depart="443.73" departLane="best" from="314415495#4" to="-142575656#11" type="truck"/>
    <trip id="truck65" depart="450.66" departLane="best" from="-152839428" to="-142575704#3" type="truck"/>
    <trip id="truck66" depart="457.59" departLane="best" from="46150482" to="143308542#4" type="truck"/>
    <trip id="truck67" depart="464.53" departLane="best" from="138624458#0" to="25771472#1" type="truck"/>
    <trip id="truck68" depart="471.46" departLane="best" from="-142575688#10" to="138624458#1" type="truck"/>
    <trip id="truck69" depart="478.39" departLane="best" from="-81096611#5" to="142575656#11" type="truck"/>
    <trip id="truck70" depart="485.32" departLane="best" from="187122892#3" to="169076556#3" type="truck"/>
    <trip id="truck71" depart="492.26" departLane="best" from="81096611#9" to="-142575679#2" type="truck"/>
    <trip id="truck73" depart="506.12" departLane="best" from="314415495#8" to="-221111489" type="truck"/>
    <trip id="truck74" depart="513.06" departLane="best" from="-147859765#0" to="140964910#3" type="truck"/>
    <trip id="truck75" depart="519.99" departLane="best" from="-81096611#11" to="-24038694#2" type="truck"/>
    <trip id="truck76" depart="526.92" departLane="best" from="-206579064#1" to="40191607#1" type="truck"/>
    <trip id="truck77" depart="533.86" departLane="best" from="135777010#11" to="334308447#1" type="truck"/>
    <trip id="truck78" depart="540.79" departLane="best" from="142575679#4" to="-140964905#2" type="truck"/>
    <trip id="truck79" depart="547.72" departLane="best" from="99157761#0" to="318210363#0" type="truck"/>
    <trip id="truck80" depart="554.66" departLane="best" from="72077912#0" to="40191607#6" type="truck"/>
    <trip id="truck81" depart="561.59" departLane="best" from="30978409#1" to="-143308700#2" type="truck"/>
    <trip id="truck82" depart="568.52" departLane="best" from="138624477#7" to="-166142948" type="truck"/>
    <trip id="truck84" depart="582.39" departLane="best" from="-38568631" to="81639675#0" type="truck"/>
    <trip id="truck85" depart="589.32" departLane="best" from="137534616#1" to="138624438#3" type="truck"/>
    <trip id="truck86" depart="596.26" departLane="best" from="52460499#3" to="98256382#2" type="truck"/>
    <trip id="truck87" depart="603.19" departLane="best" from="142575685" to="206579057" type="truck"/>
    <trip id="truck88" depart="610.12" departLane="best" from="-143308601#1" to="-31050366#1" type="truck"/>
    <trip id="truck89" depart="617.06" departLane="best" from="72077912#0" to="143308546#18" type="truck"/>
    <trip id="truck90" depart="623.99" departLane="best" from="-142575655#10" to="143308549#0" type="truck"/>
    <trip id="truck91" depart="630.92" departLane="best" from="141968799" to="318210396#0" type="truck"/>
    <trip id="truck92" depart="637.86" departLane="best" from="-143308601#2" to="52460499#3" type="truck"/>
    <trip id="truck93" depart="644.79" departLane="best" from="-142575673#0" to="-147859763#0" type="truck"/>
    <trip id="truck94" depart="651.72" departLane="best" from="142575704#7" to="170543741#1" type="truck"/>
    <trip id="truck95" depart="658.66" departLane="best" from="-187122892#6" to="-142575691#4" type="truck"/>
    <trip id="truck98" depart="679.45" departLane="best" from="-73058506#1" to="143308546#8" type="truck"/>
    <trip id="truck99" depart="686.39" departLane="best" from="142575656#6" to="46150481#0" type="truck"/>
    <trip id="truck101" depart="700.25" departLane="best" from="147053824#0" to="-314415495#11" type="truck"/>
    <trip id="truck102" depart="707.19" departLane="best" from="-142575659#0" to="141968853#0" type="truck"/>
    <trip id="truck103" depart="714.12" departLane="best" from="-142575659#1" to="-156066226#1" type="truck"/>
    <trip id="truck104" depart="721.05" departLane="best" from="-23913524#3" to="46039050#4" type="truck"/>
    <trip id="truck105" depart="727.99" departLane="best" from="-38568627#1" to="-143308562#1" type="truck"/>
    <trip id="truck106" depart="734.92" departLane="best" from="259433184#0" to="190928926#0" type="truck"/>
    <trip id="truck107" depart="741.85" departLane="best" from="143308523#0" to="81639675#3" type="truck"/>
    <trip id="truck108" depart="748.79" departLane="best" from="144909690#0" to="-135777010#5" type="truck"/>
    <trip id="truck109" depart="755.72" departLane="best" from="24544152" to="-314415495#10" type="truck"/>
    <trip id="truck110" depart="762.65" departLane="best" from="-143308503#1" to="-142575690#3" type="truck"/>
    <trip id="truck111" depart="769.59" departLane="best" from="-23925119#1" to="143308626" type="truck"/>
    <trip id="truck112" depart="776.52" departLane="best" from="178028203#1" to="-152447118#0" type="truck"/>
    <trip id="truck113" depart="783.45" departLane="best" from="143308546#21" to="-23913525#1" type="truck"/>
    <trip id="truck114" depart="790.39" departLane="best" from="138628388" to="38574182" type="truck"/>
    <trip id="truck115" depart="797.32" departLane="best" from="292525972-AddedOffRampEdge" to="-142575677#0" type="truck"/>
    <trip id="truck116" depart="804.25" departLane="best" from="-135777010#17" to="24214694#1" type="truck"/>
    <trip id="truck117" depart="811.19" departLane="best" from="143308546#8" to="-23913524#3" type="truck"/>
    <trip id="truck119" depart="825.05" departLane="best" from="-142575661#1" to="383474991" type="truck"/>
    <trip id="truck120" depart="831.99" departLane="best" from="375685717#1" to="143308484" type="truck"/>
    <trip id="truck121" depart="838.92" departLane="best" from="-143308523#8" to="-142575701#1" type="truck"/>
    <trip id="truck122" depart="845.85" departLane="best" from="-28888490" to="38568632" type="truck"/>
    <trip id="truck124" depart="859.72" departLane="best" from="-206579063#0" to="-142575684#1" type="truck"/>
    <trip id="truck125" depart="866.65" departLane="best" from="22762397#0" to="38507369#1" type="truck"/>
    <trip id="truck127" depart="880.52" departLane="best" from="-143308601#1" to="40191608" type="truck"/>
    <trip id="truck128" depart="887.45" departLane="best" from="318210353" to="81096611#1" type="truck"/>
    <trip id="truck129" depart="894.38" departLane="best" from="24152326#0" to="38160001#0" type="truck"/>
    <trip id="truck131" depart="908.25" departLane="best" from="-318210377#0" to="43660343#0" type="truck"/>
    <trip id="truck132" depart="915.18" departLane="best" from="24038584#3" to="334308450#0" type="truck"/>
    <trip id="truck133" depart="922.12" departLane="best" from="230625607#3" to="-142575688#12" type="truck"/>
    <trip id="truck134" depart="929.05" departLane="best" from="318210371#1" to="321096467#1" type="truck"/>
    <trip id="truck135" depart="935.98" departLane="best" from="-166142951" to="31050360#0" type="truck"/>
    <trip id="truck136" depart="942.92" departLane="best" from="138624421#5" to="-314415495#4" type="truck"/>
    <trip id="truck137" depart="949.85" departLane="best" from="23925119#1" to="-187122892#7" type="truck"/>
    <trip id="truck138" depart="956.78" departLane="best" from="-138624434" to="-149611511#0" type="truck"/>
    <trip id="truck139" depart="963.72" departLane="best" from="-318210371#0" to="334308450#1" type="truck"/>
    <trip id="truck140" depart="970.65" departLane="best" from="71960633#1" to="-24038694#3" type="truck"/>
    <trip id="truck141" depart="977.58" departLane="best" from="143308555#2" to="135777010#10" type="truck"/>
    <trip id="truck142" depart="984.52" departLane="best" from="81096611#4" to="142575704#0" type="truck"/>
    <trip id="truck144" depart="998.38" departLane="best" from="72077912#0" to="-146511461#4" type="truck"/>
    <trip id="truck145" depart="1005.32" departLane="best" from="70130339#4" to="-23925119#0" type="truck"/>
    <trip id="truck146" depart="1012.25" departLane="best" from="-142575691#1" to="138624465#5" type="truck"/>
    <trip id="truck147" depart="1019.18" departLane="best" from="187122892#2" to="-318210371#1" type="truck"/>
    <trip id="truck148" depart="1026.12" departLane="best" from="-38574182" to="143308546#14" type="truck"/>
    <trip id="truck149" depart="1033.05" departLane="best" from="-221111489" to="20551905#0" type="truck"/>
    <trip id="truck150" depart="1039.98" departLane="best" from="-135777010#1" to="40191607#5" type="truck"/>
    <trip id="truck151" depart="1046.92" departLane="best" from="142575674#1" to="206579062#0" type="truck"/>
    <trip id="truck152" depart="1053.85" departLane="best" from="190083616#0" to="166142951" type="truck"/>
    <trip id="truck153" depart="1060.78" departLane="best" from="180239842" to="-314415495#12" type="truck"/>
    <trip id="truck154" depart="1067.71" departLane="best" from="-28888490" to="137483015#2" type="truck"/>
    <trip id="truck156" depart="1081.58" departLane="best" from="-142575704#7" to="138624434" type="truck"/>
    <trip id="truck159" depart="1102.38" departLane="best" from="-26613776#1" to="143308503#0" type="truck"/>
    <trip id="truck161" depart="1116.25" departLane="best" from="-81639678#0" to="143308546#2" type="truck"/>
    <trip id="truck162" depart="1123.18" departLane="best" from="144909690#0" to="142575656#0" type="truck"/>
    <trip id="truck163" depart="1130.11" departLane="best" from="135777010#10" to="-166142948" type="truck"/>
    <trip id="truck164" depart="1137.05" departLane="best" from="23925122" to="-144909690#0" type="truck"/>
    <trip id="truck165" depart="1143.98" departLane="best" from="-142575677#4" to="142575690#6" type="truck"/>
    <trip id="truck166" depart="1150.91" departLane="best" from="143308546#19" to="-35554225#0" type="truck"/>
    <trip id="truck167" depart="1157.85" departLane="best" from="24733698#1" to="23925119#0" type="truck"/>
    <trip id="truck168" depart="1164.78" departLane="best" from="147053824#3" to="-187122892#2" type="truck"/>
    <trip id="truck169" depart="1171.71" departLane="best" from="-149611524#0" to="-138624438#1" type="truck"/>
    <trip id="truck170" depart="1178.65" departLane="best" from="-20551912#0" to="142575658#0" type="truck"/>
    <trip id="truck171" depart="1185.58" departLane="best" from="140964910#0" to="-206579064#1" type="truck"/>
    <trip id="truck172" depart="1192.51" departLane="best" from="144909690#1" to="-135777010#2" type="truck"/>
    <trip id="truck173" depart="1199.45" departLane="best" from="20551905#4" to="24152326#1" type="truck"/>
    <trip id="truck174" depart="1206.38" departLane="best" from="-142575690#6" to="138624445#3" type="truck"/>
    <trip id="truck176" depart="1220.25" departLane="best" from="142575656#1" to="-140964905#1" type="truck"/>
    <trip id="truck177" depart="1227.18" departLane="best" from="-206579063#0" to="318210386#0" type="truck"/>
    <trip id="truck178" depart="1234.11" departLane="best" from="137534616#3" to="283006416#0" type="truck"/>
    <trip id="truck179" depart="1241.05" departLane="best" from="146511461#8" to="81639675#5" type="truck"/>
    <trip id="truck180" depart="1247.98" departLane="best" from="142575704#8" to="52036180#6" type="truck"/>
    <trip id="truck182" depart="1261.84" departLane="best" from="178028206#2" to="142575688#1" type="truck"/>
    <trip id="truck183" depart="1268.78" departLane="best" from="259433182#1" to="143308503#0" type="truck"/>
    <trip id="truck184" depart="1275.71" departLane="best" from="347935096#1" to="23913524#1" type="truck"/>
    <trip id="truck185" depart="1282.64" departLane="best" from="138624465#0" to="-230625607#3" type="truck"/>
    <trip id="truck186" depart="1289.58" departLane="best" from="-206579060#1" to="149611514#1" type="truck"/>
    <trip id="truck187" depart="1296.51" departLane="best" from="206889086#0" to="142575692#6" type="truck"/>
    <trip id="truck188" depart="1303.44" departLane="best" from="143308546#0" to="-24038694#0" type="truck"/>
    <trip id="truck190" depart="1317.31" departLane="best" from="-23925119#0" to="-318210379" type="truck"/>
    <trip id="truck191" depart="1324.24" departLane="best" from="142575674#5" to="-143308485" type="truck"/>
    <trip id="truck192" depart="1331.18" departLane="best" from="-178028203#2" to="187122892#7" type="truck"/>
    <trip id="truck193" depart="1338.11" departLane="best" from="156066226#0" to="-142575655#0" type="truck"/>
    <trip id="truck194" depart="1345.04" departLane="best" from="-52081075#6" to="142575704#8" type="truck"/>
    <trip id="truck195" depart="1351.98" departLane="best" from="-71028777#3" to="-152466402#0" type="truck"/>
    <trip id="truck196" depart="1358.91" departLane="best" from="-81096583" to="38574171" type="truck"/>
    <trip id="truck197" depart="1365.84" departLane="best" from="142575699#2" to="187123053#1" type="truck"/>
    <trip id="truck198" depart="1372.78" departLane="best" from="314415495#17" to="24038694#3" type="truck"/>
    <trip id="truck199" depart="1379.71" departLane="best" from="-38568633" to="-135777010#20" type="truck"/>
    <trip id="truck200" depart="1386.64" departLane="best" from="-35554225#1" to="23925124#0" type="truck"/>
    <trip id="truck201" depart="1393.58" departLane="best" from="314415495#10" to="52081075#4" type="truck"/>
    <trip id="truck202" depart="1400.51" departLane="best" from="-73058506#1" to="23913525#3" type="truck"/>
    <trip id="truck203" depart="1407.44" departLane="best" from="142575677#5" to="143308626" type="truck"/>
    <trip id="truck205" depart="1421.31" departLane="best" from="-99157761#1" to="-138624452#1" type="truck"/>
    <trip id="truck206" depart="1428.24" departLane="best" from="-318210380#1" to="172014854#1" type="truck"/>
    <trip id="truck207" depart="1435.18" departLane="best" from="-52081075#10" to="-143308700#0" type="truck"/>
    <trip id="truck208" depart="1442.11" departLane="best" from="138624445#2" to="-142575701#1" type="truck"/>
    <trip id="truck209" depart="1449.04" departLane="best" from="143308542#14" to="-138624445#1" type="truck"/>
    <trip id="truck210" depart="1455.97" departLane="best" from="-45875465#2" to="143308532#0" type="truck"/>
    <trip id="truck211" depart="1462.91" departLane="best" from="-138624445#1" to="149611524#0" type="truck"/>
    <trip id="truck212" depart="1469.84" departLane="best" from="-143308505#1" to="142575655#3" type="truck"/>
    <trip id="truck213" depart="1476.77" departLane="best" from="-140964907#2" to="-73058506#0" type="truck"/>
    <trip id="truck214" depart="1483.71" departLane="best" from="-152709073" to="-334308447#2" type="truck"/>
    <trip id="truck215" depart="1490.64" departLane="best" from="206579063#0" to="-73058506#0" type="truck"/>
    <trip id="truck216" depart="1497.57" departLane="best" from="20551912#0" to="318210354#2" type="truck"/>
    <trip id="truck218" depart="1511.44" departLane="best" from="-138624421#3" to="142575704#3" type="truck"/>
    <trip id="truck219" depart="1518.37" departLane="best" from="99157761#2" to="-38568633" type="truck"/>
    <trip id="truck220" depart="1525.31" departLane="best" from="143308601#1" to="257072322#2" type="truck"/>
    <trip id="truck221" depart="1532.24" departLane="best" from="143308700#2" to="23925124#1" type="truck"/>
    <trip id="truck222" depart="1539.17" departLane="best" from="52081075#3" to="-149611514#8" type="truck"/>
    <trip id="truck223" depart="1546.11" departLane="best" from="-138624421#4" to="-143308523#3" type="truck"/>
    <trip id="truck224" depart="1553.04" departLane="best" from="-142575704#5" to="15803814" type="truck"/>
    <trip id="truck225" depart="1559.97" departLane="best" from="142575688#5" to="-170543741#1" type="truck"/>
    <trip id="truck226" depart="1566.91" departLane="best" from="153021542#0" to="24038697" type="truck"/>
    <trip id="truck227" depart="1573.84" departLane="best" from="204721579#4" to="-142575690#2" type="truck"/>
    <trip id="truck229" depart="1587.71" departLane="best" from="-142575691#0" to="-138624438#3" type="truck"/>
    <trip id="truck230" depart="1594.64" departLane="best" from="-31050366#1" to="172013798#1" type="truck"/>
    <trip id="truck231" depart="1601.57" departLane="best" from="52460499#4" to="10735918#0" type="truck"/>
    <trip id="truck232" depart="1608.51" departLane="best" from="31050366#1" to="143308619" type="truck"/>
    <trip id="truck234" depart="1622.37" departLane="best" from="22956997#0" to="-38507369#3" type="truck"/>
    <trip id="truck236" depart="1636.24" departLane="best" from="141968830#1" to="-38159999#0" type="truck"/>
    <trip id="truck237" depart="1643.17" departLane="best" from="-142575690#4" to="52460499#3" type="truck"/>
    <trip id="truck238" depart="1650.10" departLane="best" from="166142947" to="138624469#1" type="truck"/>
    <trip id="truck239" depart="1657.04" departLane="best" from="187123033#0" to="70130339#4" type="truck"/>
    <trip id="truck240" depart="1663.97" departLane="best" from="-23913525#3" to="292525973" type="truck"/>
    <trip id="truck241" depart="1670.90" departLane="best" from="142575674#1" to="142575669" type="truck"/>
    <trip id="truck243" depart="1684.77" departLane="best" from="-23913525#3" to="318210396#0" type="truck"/>
    <trip id="truck244" depart="1691.70" departLane="best" from="318210386#0" to="-206579063#0" type="truck"/>
    <trip id="truck245" depart="1698.64" departLane="best" from="138624438#1" to="143308700#3" type="truck"/>
    <trip id="truck246" depart="1705.57" departLane="best" from="31050366#2" to="-147053824#1" type="truck"/>
    <trip id="truck247" depart="1712.50" departLane="best" from="-152709073" to="26991766#4" type="truck"/>
    <trip id="truck248" depart="1719.44" departLane="best" from="-318210396#1" to="38159999#5" type="truck"/>
    <trip id="truck249" depart="1726.37" departLane="best" from="153021542#1" to="-24038694#0" type="truck"/>
    <trip id="truck250" depart="1733.30" departLane="best" from="-135777011#5" to="52036180#2" type="truck"/>
    <trip id="truck251" depart="1740.24" departLane="best" from="-142575677#5" to="206579062#1" type="truck"/>
    <trip id="truck252" depart="1747.17" departLane="best" from="138628388" to="24038584#3" type="truck"/>
    <trip id="truck254" depart="1761.04" departLane="best" from="140964905#2" to="26613776#1" type="truck"/>
    <trip id="truck255" depart="1767.97" departLane="best" from="-142575684#3" to="-172014854#1" type="truck"/>
    <trip id="truck256" depart="1774.90" departLane="best" from="152447118#0" to="-314415495#6" type="truck"/>
    <trip id="truck257" depart="1781.84" departLane="best" from="142575694#1" to="142575657#1" type="truck"/>
    <trip id="truck258" depart="1788.77" departLane="best" from="142575661#0" to="138624452#0" type="truck"/>
    <trip id="truck259" depart="1795.70" departLane="best" from="204721578#1" to="-347935096#0" type="truck"/>
    <trip id="truck260" depart="1802.64" departLane="best" from="153021549#1" to="-24038584#1" type="truck"/>
    <trip id="truck262" depart="1816.50" departLane="best" from="-149611511#0" to="-142575691#2" type="truck"/>
    <trip id="truck263" depart="1823.44" departLane="best" from="142575669" to="24038608#0" type="truck"/>
    <trip id="truck264" depart="1830.37" departLane="best" from="138624477#4" to="206889078" type="truck"/>
    <trip id="truck265" depart="1837.30" departLane="best" from="81096611#0" to="142575693#5" type="truck"/>
    <trip id="truck266" depart="1844.23" departLane="best" from="-24038584#4" to="-142575679#5" type="truck"/>
    <trip id="truck267" depart="1851.17" departLane="best" from="-146511461#2" to="-137483074#2" type="truck"/>
    <trip id="truck268" depart="1858.10" departLane="best" from="142575662#1" to="-24038612#1" type="truck"/>
    <trip id="truck269" depart="1865.03" departLane="best" from="152839434#1" to="-142575700#3" type="truck"/>
    <trip id="truck270" depart="1871.97" departLane="best" from="318210371#2" to="143308546#10" type="truck"/>
    <trip id="truck273" depart="1892.77" departLane="best" from="-141968830#0" to="-143308521#7" type="truck"/>
    <trip id="truck274" depart="1899.70" departLane="best" from="97206935#0" to="-142575691#0" type="truck"/>
    <trip id="truck275" depart="1906.63" departLane="best" from="206579090#0" to="143308644" type="truck"/>
    <trip id="truck276" depart="1913.57" departLane="best" from="142575656#6" to="141873658" type="truck"/>
    <trip id="truck277" depart="1920.50" departLane="best" from="135777010#11" to="326994261#0" type="truck"/>
    <trip id="truck278" depart="1927.43" departLane="best" from="81639675#3" to="-314415495#5" type="truck"/>
    <trip id="truck279" depart="1934.37" departLane="best" from="143308542#11" to="143308700#2" type="truck"/>
    <trip id="truck280" depart="1941.30" departLane="best" from="190083608#3" to="52036180#1" type="truck"/>
    <trip id="truck281" depart="1948.23" departLane="best" from="-152471839" to="-152839426" type="truck"/>
    <trip id="truck284" depart="1969.03" departLane="best" from="-135777010#11" to="141873658" type="truck"/>
    <trip id="truck285" depart="1975.97" departLane="best" from="-178028203#2" to="204721579#4" type="truck"/>
    <trip id="truck286" depart="1982.90" departLane="best" from="153021549#2" to="141968830#1" type="truck"/>
    <trip id="truck287" depart="1989.83" departLane="best" from="149611514#8" to="40191607#2" type="truck"/>
    <trip id="truck288" depart="1996.77" departLane="best" from="231626692#0" to="146511461#8" type="truck"/>
    <trip id="truck290" depart="2010.63" departLane="best" from="-81096611#7" to="142575710#3" type="truck"/>
    <trip id="truck291" depart="2017.57" departLane="best" from="143308601#0" to="38574183#1" type="truck"/>
    <trip id="truck292" depart="2024.50" departLane="best" from="-143308644" to="-314415495#9" type="truck"/>
    <trip id="truck293" depart="2031.43" departLane="best" from="204721579#6" to="143308542#14" type="truck"/>
    <trip id="truck294" depart="2038.36" departLane="best" from="-24038697" to="-142575700#0" type="truck"/>
    <trip id="truck295" depart="2045.30" departLane="best" from="149611524#1" to="190083608#3" type="truck"/>
    <trip id="truck297" depart="2059.16" departLane="best" from="140964910#0" to="-142575659#0" type="truck"/>
    <trip id="truck298" depart="2066.10" departLane="best" from="-314415495#8" to="-22729317" type="truck"/>
    <trip id="truck299" depart="2073.03" departLane="best" from="-142575684#0" to="52460499#5" type="truck"/>
    <trip id="truck300" depart="2079.96" departLane="best" from="259466417#2" to="143308546#12" type="truck"/>
    <trip id="truck301" depart="2086.90" departLane="best" from="52081075#5" to="99157761#2" type="truck"/>
    <trip id="truck302" depart="2093.83" departLane="best" from="147053824#2" to="-24038573#1" type="truck"/>
    <trip id="truck303" depart="2100.76" departLane="best" from="-138624469#3" to="24038573#1" type="truck"/>
    <trip id="truck304" depart="2107.70" departLane="best" from="138624452#3" to="152471839" type="truck"/>
    <trip id="truck305" depart="2114.63" departLane="best" from="38574183#1" to="-147053824#1" type="truck"/>
    <trip id="truck306" depart="2121.56" departLane="best" from="142575700#0" to="147859765#3" type="truck"/>
    <trip id="truck307" depart="2128.50" departLane="best" from="140964907#0" to="-142575674#6" type="truck"/>
    <trip id="truck308" depart="2135.43" departLane="best" from="-334308450#2" to="-347935096#0" type="truck"/>
    <trip id="truck309" depart="2142.36" departLane="best" from="147053824#0" to="320744687" type="truck"/>
    <trip id="truck310" depart="2149.30" departLane="best" from="-318210371#2" to="187122892#7" type="truck"/>
    <trip id="truck312" depart="2163.16" departLane="best" from="137534616#0" to="-318210371#3" type="truck"/>
    <trip id="truck313" depart="2170.10" departLane="best" from="-314415495#9" to="71960633#1" type="truck"/>
    <trip id="truck314" depart="2177.03" departLane="best" from="81639675#0" to="152839434#1" type="truck"/>
    <trip id="truck315" depart="2183.96" departLane="best" from="142575677#0" to="137534616#2" type="truck"/>
    <trip id="truck316" depart="2190.90" departLane="best" from="20554204" to="146511461#8" type="truck"/>
    <trip id="truck317" depart="2197.83" departLane="best" from="206579062#0" to="-152447118#0" type="truck"/>
    <trip id="truck318" depart="2204.76" departLane="best" from="142575679#1" to="40191607#7" type="truck"/>
    <trip id="truck319" depart="2211.70" departLane="best" from="-99157761#2" to="190083608#0" type="truck"/>
    <trip id="truck320" depart="2218.63" departLane="best" from="-142575704#0" to="73058506#0" type="truck"/>
    <trip id="truck321" depart="2225.56" departLane="best" from="143308521#4" to="-20551912#0" type="truck"/>
    <trip id="truck322" depart="2232.49" departLane="best" from="-143308619" to="143308505#2" type="truck"/>
    <trip id="truck323" depart="2239.43" departLane="best" from="142575679#8" to="-142575677#0" type="truck"/>
    <trip id="truck324" depart="2246.36" departLane="best" from="81639685#0" to="38915289#1" type="truck"/>
    <trip id="truck325" depart="2253.29" departLane="best" from="138624421#7" to="-142575690#7" type="truck"/>
    <trip id="truck326" depart="2260.23" departLane="best" from="-23925122" to="318210360#0" type="truck"/>
    <trip id="truck327" depart="2267.16" departLane="best" from="81096611#2" to="-206579063#0" type="truck"/>
    <trip id="truck328" depart="2274.09" departLane="best" from="142575679#5" to="-81096611#0" type="truck"/>
    <trip id="truck329" depart="2281.03" departLane="best" from="40191605#4" to="142575688#5" type="truck"/>
    <trip id="truck331" depart="2294.89" departLane="best" from="-71028777#2" to="46039051#0" type="truck"/>
    <trip id="truck332" depart="2301.83" departLane="best" from="141968844#2" to="314415495#10" type="truck"/>
    <trip id="truck333" depart="2308.76" departLane="best" from="-24038584#4" to="-314415495#1" type="truck"/>
    <trip id="truck334" depart="2315.69" departLane="best" from="142575700#3" to="99157761#0" type="truck"/>
    <trip id="truck335" depart="2322.63" departLane="best" from="140964905#0" to="-143308521#5" type="truck"/>
    <trip id="truck336" depart="2329.56" departLane="best" from="142575679#7" to="142575710#0" type="truck"/>
    <trip id="truck337" depart="2336.49" departLane="best" from="137534616#1" to="-318210394#0" type="truck"/>
    <trip id="truck338" depart="2343.43" departLane="best" from="-147859763#7" to="187123437#1" type="truck"/>
    <trip id="truck339" depart="2350.36" departLane="best" from="22729318#0" to="-138624477#4" type="truck"/>
    <trip id="truck340" depart="2357.29" departLane="best" from="24152326#1" to="-81096611#2" type="truck"/>
    <trip id="truck341" depart="2364.23" departLane="best" from="81096611#4" to="142575679#4" type="truck"/>
    <trip id="truck342" depart="2371.16" departLane="best" from="-138624465#4" to="142575686#2" type="truck"/>
    <trip id="truck343" depart="2378.09" departLane="best" from="142575704#10" to="35554225#1" type="truck"/>
    <trip id="truck344" depart="2385.03" departLane="best" from="318210373#0" to="138624477#3" type="truck"/>
    <trip id="truck345" depart="2391.96" departLane="best" from="142575657#3" to="141968844#4" type="truck"/>
    <trip id="truck346" depart="2398.89" departLane="best" from="138624452#1" to="71028777#3" type="truck"/>
    <trip id="truck347" depart="2405.83" departLane="best" from="-318210396#1" to="187122892#5" type="truck"/>
    <trip id="truck348" depart="2412.76" departLane="best" from="313964778#2" to="321096467#2" type="truck"/>
    <trip id="truck349" depart="2419.69" departLane="best" from="-38568632" to="-318210373#2" type="truck"/>
    <trip id="truck350" depart="2426.62" departLane="best" from="178028206#2" to="24038584#4" type="truck"/>
    <trip id="truck351" depart="2433.56" departLane="best" from="318210371#1" to="-138624465#3" type="truck"/>
    <trip id="truck352" depart="2440.49" departLane="best" from="40191605#2" to="98256382#3" type="truck"/>
    <trip id="truck353" depart="2447.42" departLane="best" from="204721579#1" to="138624465#4" type="truck"/>
    <trip id="truck354" depart="2454.36" departLane="best" from="318210371#2" to="140964905#0" type="truck"/>
    <trip id="truck355" depart="2461.29" departLane="best" from="-138624477#7" to="26991766#1" type="truck"/>
    <trip id="truck356" depart="2468.22" departLane="best" from="-143308523#3" to="142575699#2" type="truck"/>
    <trip id="truck357" depart="2475.16" departLane="best" from="142575688#8" to="26613776#1" type="truck"/>
    <trip id="truck358" depart="2482.09" departLane="best" from="-144909690#2" to="-142575658#0" type="truck"/>
    <trip id="truck359" depart="2489.02" departLane="best" from="318210367#1" to="145586634#1" type="truck"/>
    <trip id="truck360" depart="2495.96" departLane="best" from="-190083608#2" to="38915289#1" type="truck"/>
    <trip id="truck362" depart="2509.82" departLane="best" from="-135777011#4" to="28888490" type="truck"/>
    <trip id="truck363" depart="2516.76" departLane="best" from="375685662" to="172013798#2" type="truck"/>
    <trip id="truck364" depart="2523.69" departLane="best" from="-143308619" to="138624477#6" type="truck"/>
    <trip id="truck365" depart="2530.62" departLane="best" from="-334308447#2" to="143308555#2" type="truck"/>
    <trip id="truck366" depart="2537.56" departLane="best" from="143308549#3" to="138624445#2" type="truck"/>
    <trip id="truck367" depart="2544.49" departLane="best" from="-206579064#1" to="318210378#2" type="truck"/>
    <trip id="truck368" depart="2551.42" departLane="best" from="-149611524#0" to="-81096611#10" type="truck"/>
    <trip id="truck369" depart="2558.36" departLane="best" from="138624477#3" to="-190083616#1" type="truck"/>
    <trip id="truck370" depart="2565.29" departLane="best" from="91218505" to="-30978409#1" type="truck"/>
    <trip id="truck371" depart="2572.22" departLane="best" from="81096611#0" to="152839448#1" type="truck"/>
    <trip id="truck372" depart="2579.16" departLane="best" from="-23925122" to="143308532#8" type="truck"/>
    <trip id="truck373" depart="2586.09" departLane="best" from="-140964907#0" to="143308644" type="truck"/>
    <trip id="truck374" depart="2593.02" departLane="best" from="140964910#1" to="38574171" type="truck"/>
    <trip id="truck375" depart="2599.96" departLane="best" from="-24038612#1" to="26991766#6" type="truck"/>
    <trip id="truck376" depart="2606.89" departLane="best" from="143308546#6" to="146511461#0" type="truck"/>
    <trip id="truck377" depart="2613.82" departLane="best" from="147859763#8" to="206579063#1" type="truck"/>
    <trip id="truck379" depart="2627.69" departLane="best" from="143308546#11" to="38574171" type="truck"/>
    <trip id="truck381" depart="2641.55" departLane="best" from="118262353#2" to="143308546#19" type="truck"/>
    <trip id="truck382" depart="2648.49" departLane="best" from="187123033#0" to="-142575674#4" type="truck"/>
    <trip id="truck383" depart="2655.42" departLane="best" from="-24733698#0" to="23913525#3" type="truck"/>
    <trip id="truck385" depart="2669.29" departLane="best" from="142575674#4" to="72077912#1" type="truck"/>
    <trip id="truck386" depart="2676.22" departLane="best" from="142575661#0" to="38915290" type="truck"/>
    <trip id="truck387" depart="2683.15" departLane="best" from="259433182#1" to="-22956997#2" type="truck"/>
    <trip id="truck388" depart="2690.09" departLane="best" from="24038694#0" to="23913525#1" type="truck"/>
    <trip id="truck389" depart="2697.02" departLane="best" from="-318210396#1" to="-142575690#3" type="truck"/>
    <trip id="truck390" depart="2703.95" departLane="best" from="180789857#4" to="81096611#7" type="truck"/>
    <trip id="truck391" depart="2710.89" departLane="best" from="71960633#2" to="28888490" type="truck"/>
    <trip id="truck392" depart="2717.82" departLane="best" from="-38507369#3" to="259466417#0" type="truck"/>
    <trip id="truck393" depart="2724.75" departLane="best" from="137534616#0" to="169076556#2" type="truck"/>
    <trip id="truck394" depart="2731.69" departLane="best" from="147053824#2" to="143308549#1" type="truck"/>
    <trip id="truck396" depart="2745.55" departLane="best" from="-138624438#1" to="38507369#1" type="truck"/>
    <trip id="truck397" depart="2752.49" departLane="best" from="142575688#11" to="39969574#2" type="truck"/>
    <trip id="truck401" depart="2780.22" departLane="best" from="-142575688#11" to="38568627#1" type="truck"/>
    <trip id="truck402" depart="2787.15" departLane="best" from="-143308505#0" to="141968830#0" type="truck"/>
    <trip id="truck403" depart="2794.09" departLane="best" from="52036180#5" to="138624426" type="truck"/>
    <trip id="truck404" depart="2801.02" departLane="best" from="190083616#1" to="-143308523#7" type="truck"/>
    <trip id="truck405" depart="2807.95" departLane="best" from="52081075#7" to="-138624458#0" type="truck"/>
    <trip id="truck406" depart="2814.88" departLane="best" from="-38568628#1" to="140964905#0" type="truck"/>
    <trip id="truck407" depart="2821.82" departLane="best" from="52081075#5" to="320741893" type="truck"/>
    <trip id="truck408" depart="2828.75" departLane="best" from="142575677#2" to="81096611#2" type="truck"/>
    <trip id="truck409" depart="2835.68" departLane="best" from="-375685718#0" to="118262353#2" type="truck"/>
    <trip id="truck410" depart="2842.62" departLane="best" from="30978409#0" to="141968844#0" type="truck"/>
    <trip id="truck411" depart="2849.55" departLane="best" from="145586635" to="149611514#8" type="truck"/>
    <trip id="truck412" depart="2856.48" departLane="best" from="142575710#2" to="-138624421#6" type="truck"/>
    <trip id="truck413" depart="2863.42" departLane="best" from="230625607#2" to="-206579063#0" type="truck"/>
    <trip id="truck414" depart="2870.35" departLane="best" from="-142575704#5" to="143308532#0" type="truck"/>
    <trip id="truck415" depart="2877.28" departLane="best" from="-142575657#0" to="24038694#2" type="truck"/>
    <trip id="truck416" depart="2884.22" departLane="best" from="-152466402#2" to="-169076556#2" type="truck"/>
    <trip id="truck417" depart="2891.15" departLane="best" from="318210364" to="-334308450#0" type="truck"/>
    <trip id="truck418" depart="2898.08" departLane="best" from="-143308523#7" to="38568633" type="truck"/>
    <trip id="truck419" depart="2905.02" departLane="best" from="-135777010#11" to="321096467#1" type="truck"/>
    <trip id="truck424" depart="2939.68" departLane="best" from="190083616#0" to="142575695#0" type="truck"/>
    <trip id="truck425" depart="2946.62" departLane="best" from="204721578#1" to="142575658#2" type="truck"/>
    <trip id="truck426" depart="2953.55" departLane="best" from="22762397#0" to="142575690#2" type="truck"/>
    <trip id="truck427" depart="2960.48" departLane="best" from="52036180#4" to="-138624477#4" type="truck"/>
    <trip id="truck428" depart="2967.42" departLane="best" from="22956997#0" to="347935096#1" type="truck"/>
    <trip id="truck429" depart="2974.35" departLane="best" from="142575656#3" to="141968853#0" type="truck"/>
    <trip id="truck430" depart="2981.28" departLane="best" from="71028777#0" to="-141968799" type="truck"/>
    <trip id="truck431" depart="2988.22" departLane="best" from="138624469#2" to="135777010#17" type="truck"/>
    <trip id="truck432" depart="2995.15" departLane="best" from="149611514#6" to="142575677#5" type="truck"/>
    <trip id="truck433" depart="3002.08" departLane="best" from="-142575674#1" to="143308700#0" type="truck"/>
    <trip id="truck434" depart="3009.01" departLane="best" from="-142575656#5" to="-24038694#0" type="truck"/>
    <trip id="truck435" depart="3015.95" departLane="best" from="-318210361#1" to="98256382#0" type="truck"/>
    <trip id="truck436" depart="3022.88" departLane="best" from="142575661#0" to="141968830#0" type="truck"/>
    <trip id="truck437" depart="3029.81" departLane="best" from="153021549#0" to="318210396#0" type="truck"/>
    <trip id="truck438" depart="3036.75" departLane="best" from="143308700#1" to="24038698" type="truck"/>
    <trip id="truck439" depart="3043.68" departLane="best" from="180239847" to="-169076542" type="truck"/>
    <trip id="truck440" depart="3050.61" departLane="best" from="137483015#3" to="-187123033#0" type="truck"/>
    <trip id="truck441" depart="3057.55" departLane="best" from="-318210396#1" to="141968830#0" type="truck"/>
    <trip id="truck442" depart="3064.48" departLane="best" from="-71028777#4" to="-142575677#2" type="truck"/>
    <trip id="truck443" depart="3071.41" departLane="best" from="-38568630" to="-143308523#4" type="truck"/>
    <trip id="truck444" depart="3078.35" departLane="best" from="40191606#1" to="-142575655#7" type="truck"/>
    <trip id="truck445" depart="3085.28" departLane="best" from="259433182#4" to="-142575677#0" type="truck"/>
    <trip id="truck446" depart="3092.21" departLane="best" from="-142575688#10" to="230625607#0" type="truck"/>
    <trip id="truck447" depart="3099.15" departLane="best" from="142575700#2" to="143308523#6" type="truck"/>
    <trip id="truck448" depart="3106.08" departLane="best" from="-318210371#2" to="-142575699#0" type="truck"/>
    <trip id="truck450" depart="3119.95" departLane="best" from="20551905#1" to="347935096#3" type="truck"/>
    <trip id="truck451" depart="3126.88" departLane="best" from="180239858#0" to="71028777#2" type="truck"/>
    <trip id="truck452" depart="3133.81" departLane="best" from="143308493#2" to="-38915289#0" type="truck"/>
    <trip id="truck453" depart="3140.75" departLane="best" from="142575693#1" to="-156066226#1" type="truck"/>
    <trip id="truck455" depart="3154.61" departLane="best" from="-38568627#1" to="24038608#1" type="truck"/>
    <trip id="truck457" depart="3168.48" departLane="best" from="292525972" to="73058506#2" type="truck"/>
    <trip id="truck459" depart="3182.35" departLane="best" from="143308562#1" to="-138624445#0" type="truck"/>
    <trip id="truck460" depart="3189.28" departLane="best" from="-23913525#2" to="-146511461#8" type="truck"/>
    <trip id="truck462" depart="3203.14" departLane="best" from="-318210396#1" to="-135777010#20" type="truck"/>
    <trip id="truck463" depart="3210.08" departLane="best" from="318210364" to="143308532#8" type="truck"/>
    <trip id="truck465" depart="3223.94" departLane="best" from="143308546#19" to="-138624458#0" type="truck"/>
    <trip id="truck466" depart="3230.88" departLane="best" from="204721578#1" to="-169076556#0" type="truck"/>
    <trip id="truck467" depart="3237.81" departLane="best" from="-73058506#2" to="-375685718#1" type="truck"/>
    <trip id="truck468" depart="3244.74" departLane="best" from="22762377" to="143308542#11" type="truck"/>
    <trip id="truck469" depart="3251.68" departLane="best" from="-142575677#4" to="-140964907#3" type="truck"/>
    <trip id="truck471" depart="3265.54" departLane="best" from="147859763#1" to="-24038605" type="truck"/>
    <trip id="truck473" depart="3279.41" departLane="best" from="135777010#1" to="-24038608#1" type="truck"/>
    <trip id="truck474" depart="3286.34" departLane="best" from="20553068#1" to="-142575690#0" type="truck"/>
    <trip id="truck475" depart="3293.28" departLane="best" from="-81639678#0" to="-24733698#1" type="truck"/>
    <trip id="truck476" depart="3300.21" departLane="best" from="146511461#7" to="-138624477#7" type="truck"/>
    <trip id="truck477" depart="3307.14" departLane="best" from="-135777010#5" to="-314415495#14" type="truck"/>
    <trip id="truck478" depart="3314.08" departLane="best" from="-152709073" to="-142575710#2" type="truck"/>
    <trip id="truck479" depart="3321.01" departLane="best" from="-22729318#0" to="-334308448#2" type="truck"/>
    <trip id="truck480" depart="3327.94" departLane="best" from="-135777010#5" to="23913525#2" type="truck"/>
    <trip id="truck482" depart="3341.81" departLane="best" from="153021549#3" to="142575685" type="truck"/>
    <trip id="truck483" depart="3348.74" departLane="best" from="259433184#0" to="28888490" type="truck"/>
    <trip id="truck484" depart="3355.68" departLane="best" from="-142575658#2" to="334308447#1" type="truck"/>
    <trip id="truck485" depart="3362.61" departLane="best" from="40191605#3" to="334308447#2" type="truck"/>
    <trip id="truck486" depart="3369.54" departLane="best" from="169076556#2" to="138624421#5" type="truck"/>
    <trip id="truck487" depart="3376.47" departLane="best" from="-142575699#0" to="-138624421#6" type="truck"/>
    <trip id="truck489" depart="3390.34" departLane="best" from="143308532#0" to="318210354#2" type="truck"/>
    <trip id="truck490" depart="3397.27" departLane="best" from="40191605#0" to="-142575673#1" type="truck"/>
    <trip id="truck491" depart="3404.21" departLane="best" from="292525972" to="-206579062#2" type="truck"/>
    <trip id="truck492" depart="3411.14" departLane="best" from="-46150482" to="-318210361#1" type="truck"/>
    <trip id="truck493" depart="3418.07" departLane="best" from="-318210396#1" to="-347935096#0" type="truck"/>
    <trip id="truck494" depart="3425.01" departLane="best" from="-143308700#2" to="142575688#9" type="truck"/>
    <trip id="truck495" depart="3431.94" departLane="best" from="-142575695#1" to="142575688#8" type="truck"/>
    <trip id="truck496" depart="3438.87" departLane="best" from="38159999#1" to="-38568632" type="truck"/>
    <trip id="truck497" depart="3445.81" departLane="best" from="187122892#0" to="313964778#1" type="truck"/>
    <trip id="truck498" depart="3452.74" departLane="best" from="24544152" to="-190083610#1" type="truck"/>
    <trip id="truck499" depart="3459.67" departLane="best" from="-143308523#5" to="-149611514#5" type="truck"/>
    <trip id="truck500" depart="3466.61" departLane="best" from="143308505#0" to="24038584#4" type="truck"/>
    <trip id="truck501" depart="3473.54" departLane="best" from="144909690#0" to="-146511461#2" type="truck"/>
    <trip id="truck502" depart="3480.47" departLane="best" from="22729317" to="142575679#1" type="truck"/>
    <trip id="truck503" depart="3487.41" departLane="best" from="20553068#1" to="24038584#4" type="truck"/>
    <trip id="truck504" depart="3494.34" departLane="best" from="135777010#6" to="40191607#2" type="truck"/>
    <trip id="truck505" depart="3501.27" departLane="best" from="143308542#4" to="334308450#1" type="truck"/>
    <trip id="truck506" depart="3508.21" departLane="best" from="143308546#1" to="-143308523#1" type="truck"/>
    <trip id="truck507" depart="3515.14" departLane="best" from="-142575656#9" to="138624477#7" type="truck"/>
    <trip id="truck508" depart="3522.07" departLane="best" from="-30978409#1" to="141968810" type="truck"/>
    <trip id="truck509" depart="3529.01" departLane="best" from="-142575655#10" to="318210353" type="truck"/>
    <trip id="truck510" depart="3535.94" departLane="best" from="-142575661#4" to="334308450#1" type="truck"/>
    <trip id="truck512" depart="3549.81" departLane="best" from="141968844#1" to="142575655#5" type="truck"/>
    <trip id="truck513" depart="3556.74" departLane="best" from="334308450#2" to="140964924" type="truck"/>
    <trip id="truck514" depart="3563.67" departLane="best" from="-314415495#6" to="142575658#1" type="truck"/>
    <trip id="truck515" depart="3570.60" departLane="best" from="-143308562#1" to="-141968830#1" type="truck"/>
    <trip id="truck516" depart="3577.54" departLane="best" from="-142575690#0" to="38568632" type="truck"/>
    <trip id="truck517" depart="3584.47" departLane="best" from="-334170244" to="20552644" type="truck"/>
    <trip id="truck518" depart="3591.40" departLane="best" from="-206579061" to="138624469#5" type="truck"/>
    <trip id="truck519" depart="3598.34" departLane="best" from="10735918#0" to="142575693#2" type="truck"/>
</trips>
