<?xml version="1.0" encoding="UTF-8"?>

<!-- generated on 05/03/19 09:25:12 by Eclipse SUMO netconvert Version v1_0_1+0593-c54b143026
<configuration xmlns:xsi="http://www.w3.org/2001/XMLSchema-instance" xsi:noNamespaceSchemaLocation="http://sumo.dlr.de/xsd/netconvertConfiguration.xsd">

    <input>
        <type-files value="osmNetconvert.typ.xml,osmNetconvertUrbanDe.typ.xml,osmNetconvertPedestrians.typ.xml"/>
        <osm-files value="osm_bbox.osm.xml"/>
    </input>

    <output>
        <output-file value="osm.net.xml"/>
        <output.street-names value="true"/>
        <output.original-names value="true"/>
        <ptstop-output value="osm_stops.add.xml"/>
        <ptline-output value="osm_ptlines.xml"/>
        <railway.topology.output value="topology.xml"/>
    </output>

    <projection>
        <proj.utm value="true"/>
    </projection>

    <processing>
        <geometry.remove value="true"/>
    </processing>

    <tls_building>
        <tls.discard-simple value="true"/>
        <tls.join value="true"/>
        <tls.guess-signals value="true"/>
        <tls.default-type value="actuated"/>
    </tls_building>

    <junctions>
        <junctions.join value="true"/>
        <junctions.corner-detail value="5"/>
    </junctions>

    <pedestrian>
        <crossings.guess value="true"/>
    </pedestrian>

    <railway>
        <railway.topology.repair value="true"/>
    </railway>

    <report>
        <verbose value="true"/>
        <log value="net.log"/>
    </report>

</configuration>
-->

<additional xmlns:xsi="http://www.w3.org/2001/XMLSchema-instance" xsi:noNamespaceSchemaLocation="http://sumo.dlr.de/xsd/additional_file.xsd">
    <ptLine id="1119047" name="Buslinie 160: Hasselwerderstraße =&gt; Siriusstraße" line="160" type="bus" completeness="0.06">
        <route edges="46039050#1 46039050#4 46039050#5 46039050#6 143308587#0 143308587#1"/>
        <busStop id="837696524" name="James-Franck-Straße"/>
        <busStop id="1560223236" name="Rudower Chaussee/Wegedornstraße"/>
    </ptLine>
    <ptLine id="1226998" name="Buslinie 162: S Adlershof =&gt; U Rudow" line="162" type="bus" completeness="0.33">
        <route edges="152839448 541676219 318210389#0 318210389#1 81639675#0 81639675#1 81639675#2 81639675#3 143308555#1 143308555#2 143308555#3 143308546#1 143308546#2 143308546#3 143308546#4 143308546#5 143308546#6 143308546#7 143308546#8 143308546#9 143308546#10 143308546#11 143308546#12 143308546#13 143308546#14 143308546#15 143308546#16 143308546#17 143308546#18 143308546#19 143308546#20 143308546#21 143308546#23 143308546#24 143308546#25 143308546#26 143308587#0 143308587#1"/>
        <busStop id="1656195133" name="S Adlershof"/>
        <busStop id="464396566" name="Walther-Nernst-Straße"/>
        <busStop id="301331956" name="Magnusstraße"/>
        <busStop id="1560223236" name="Rudower Chaussee/Wegedornstraße"/>
    </ptLine>
    <ptLine id="1227007" name="Buslinie 162: U Rudow =&gt; S Adlershof" line="162" type="bus" completeness="0.36">
        <route edges="143308542#1 143308542#3 143308542#4 143308542#5 143308542#6 143308542#7 143308542#8 143308542#9 143308542#10 143308542#11 143308542#12 143308542#13 143308542#14 143308542#15 143308542#16 143308542#17 143308552#1 143308552#2 143308549#1 143308549#2 143308549#3 143308549#4 158236381 220194458#0 220194458#3 458921214"/>
        <busStop id="464396487" name="Rudower Chaussee/Wegedornstraße"/>
        <busStop id="306982602" name="Magnusstraße"/>
        <busStop id="464396589" name="Walther-Nernst-Straße"/>
        <busStop id="5315085711" name="S Adlershof"/>
    </ptLine>
    <ptLine id="1227008" name="Buslinie 163: S Flughafen Berlin-Schönefeld =&gt; S Adlershof" line="163" type="bus" completeness="0.15">
        <route edges="204721579#2 204721579#3 204721579#4 204721579#6 204721579#7 204721579#8 153021549#0 153021549#1 153021549#2 153021549#3 153021549#4 153021549#5 40191606#0 40191606#2 40191606#3 414563781 318210357#0 206889086#1"/>
        <busStop id="1383533462" name="Adlergestell/Glienicker Weg"/>
        <busStop id="1862990707" name="Otto-Franke-Straße"/>
        <busStop id="1656195133" name="S Adlershof"/>
    </ptLine>
    <ptLine id="1227011" name="Buslinie 163: S Adlershof =&gt; S Flughafen Berlin-Schönefeld" line="163" type="bus" completeness="0.14">
        <route edges="458921214 218797686#0 72230304#1 461514282#0 461514282#1 204721578#0 204721578#1 153021553#1 318210353 318210351 207086005 318210360#0"/>
        <busStop id="5315085711" name="S Adlershof"/>
        <busStop id="3812676495" name="Otto-Franke-Straße"/>
        <busStop id="1383533461" name="Adlergestell/Glienicker Weg"/>
    </ptLine>
    <ptLine id="1227012" name="Buslinie 163: S Schöneweide/Sterndamm =&gt; S Flughafen Berlin-Schönefeld" line="163" type="bus" completeness="0.18">
        <route edges="70130339#0 70130339#1 70130339#2 70130339#3 118262353#2 -38915290 -318210378#5 -318210378#4 -318210378#3 -318210378#2 -318210378#0 -318210376 -318210377#1 -318210377#0 -31050360#2 -31050360#1 -31050360#0 143308552#1 143308552#2 143308549#1 143308549#2 143308549#3 143308549#4 158236381 220194458#0 220194458#3 458921214 218797686#0 72230304#1 461514282#0 461514282#1 204721578#0 204721578#1 153021553#1 318210353 318210351 207086005 318210360#0"/>
        <busStop id="2050022025" name="Hermann-Dorner-Allee"/>
        <busStop id="-945142208" name="Hans-Schmidt-Straße"/>
        <busStop id="5315085711" name="S Adlershof"/>
        <busStop id="3812676495" name="Otto-Franke-Straße"/>
        <busStop id="1383533461" name="Adlergestell/Glienicker Weg"/>
    </ptLine>
    <ptLine id="1231708" name="Buslinie N60: S Adlershof =&gt; Flughafen Schönefeld (Airport)" line="N60" type="bus" nightService="only" completeness="0.25">
        <route edges="152839426 -152839428 45875465#0 206889086#1 152839448 541676219 318210389#0 318210389#1 81639675#0 81639675#1 81639675#2 81639675#3 143308555#1 143308555#2 143308555#3 143308546#1 143308546#2 143308546#3 143308546#4 143308546#5 143308546#6 143308546#7 143308546#8 143308546#9 143308546#10 143308546#11 143308546#12 143308546#13 143308546#14 143308546#15 143308546#16 143308546#17 143308546#18 143308546#19 143308546#20 143308546#21 143308546#23 143308546#24 143308546#25 143308546#26 143308587#0 143308587#1"/>
        <busStop id="1383533597" name="S Adlershof"/>
        <busStop id="1656195133" name="S Adlershof"/>
        <busStop id="464396566" name="Walther-Nernst-Straße"/>
        <busStop id="301331956" name="Magnusstraße"/>
        <busStop id="1560223236" name="Rudower Chaussee/Wegedornstraße"/>
    </ptLine>
    <ptLine id="1231710" name="Buslinie 260: S Adlershof =&gt; U Rudow" line="260" type="bus" completeness="0.18">
        <route edges="206889086#1 152839448 541676219 318210389#0 318210389#1 81639675#0 81639675#1 81639675#2 81639675#3 -318210361#3 -318210361#2 -318210361#1 -318210361#0 -314415495#20 -314415495#18 -314415495#17 -314415495#15 -314415495#14 -314415495#13 -314415495#12 -314415495#11 -314415495#10 -314415495#9 -314415495#8 -314415495#7 -314415495#6 -314415495#5 -314415495#4 -314415495#3"/>
        <busStop id="1656195133" name="S Adlershof"/>
        <busStop id="-385200818" name="Albert-Einstein-Straße"/>
        <busStop id="-1560223790" name="Wilhelm-Ostwald-Straße"/>
        <busStop id="-1560223555" name="Am Studio/Köpenicker Straße"/>
    </ptLine>
    <ptLine id="1231713" name="Buslinie N60: S Adlershof =&gt; Flughafen Schönefeld (Airport)" line="N60" type="bus" nightService="only" completeness="0.45">
        <route edges="152839426 -152839428 45875465#0 206889086#1 152839448 541676219 318210389#0 318210389#1 81639675#0 81639675#1 81639675#2 81639675#3 143308555#1 143308555#2 143308555#3 143308546#1 143308546#2 143308546#3 143308546#4 143308546#5 143308546#6 143308546#7 143308546#8 143308546#9 143308546#10 143308546#11 143308546#12 143308546#13 143308546#14 143308546#15 143308546#16 143308546#17 143308546#18 143308546#19 143308546#20 143308546#21 143308546#23 143308546#24 143308546#25 143308546#26 143308587#0 143308587#1"/>
        <busStop id="1383533597" name="S Adlershof"/>
        <busStop id="1656195133" name="S Adlershof"/>
        <busStop id="464396566" name="Walther-Nernst-Straße"/>
        <busStop id="301331956" name="Magnusstraße"/>
        <busStop id="1560223236" name="Rudower Chaussee/Wegedornstraße"/>
    </ptLine>
    <ptLine id="2064835" name="Buslinie 164: S Köpenick =&gt; Flughafen Schönefeld (Airport)" line="164" type="bus" completeness="0.26">
        <route edges="-23913524#5 -23913524#3 -23913524#2 -23913524#1 -23913524#0 137534616#0 137534616#1 137534616#2 137534616#3 137534616#4 166142951#0 166142951#1 149611526#0 40191606#0 40191606#2 40191606#3 414563781 318210357#0 206889086#1 152839448 541676219 318210389#0 318210389#1 81639675#0 81639675#1 81639675#2 81639675#3 143308555#1 143308555#2 143308555#3 143308546#1 143308546#2 143308546#3 143308546#4 143308546#5 143308546#6 143308546#7 143308546#8 143308546#9 143308546#10 143308546#11 143308546#12 143308546#13 143308546#14 143308546#15 143308546#16 143308546#17 143308546#18 143308546#19 143308546#20 143308546#21 143308546#23 143308546#24 143308546#25 143308546#26 143308587#0 143308587#1"/>
        <busStop id="-1383533494" name="Büchnerweg"/>
        <busStop id="1383533577" name="Radickestraße/Nipkowstraße"/>
        <busStop id="1383533575" name="Radickestraße/Anna-Seghers-Straße"/>
        <busStop id="1656195133" name="S Adlershof"/>
        <busStop id="464396566" name="Walther-Nernst-Straße"/>
        <busStop id="301331956" name="Magnusstraße"/>
        <busStop id="1560223236" name="Rudower Chaussee/Wegedornstraße"/>
    </ptLine>
    <ptLine id="2077981" name="Straßenbahnlinie 61: Adlershof, Karl-Ziegler-Straße =&gt; Rahnsdorf/Waldschänke" line="61" type="tram" period="1200" completeness="0.17">
        <route edges="158236729#0 158236729#1 158236729#2 158236729#3 158236729#4 158236729#5 220198808#0 220198808#1 220198808#2 220198808#3 220198808#4 220198808#6 220198808#9 220198808#10 158236381 220194458#0 220194458#3 458921214 218797686#0 386046454#1 179699937"/>
        <busStop id="1704693343" name="Karl-Ziegler-Straße"/>
        <busStop id="1704693389" name="Magnusstraße"/>
        <busStop id="1704693457" name="Walther-Nernst-Straße"/>
        <busStop id="583899039" name="S Adlershof"/>
        <busStop id="-766875150" name="Marktplatz Adlershof"/>
    </ptLine>
    <ptLine id="2077982" name="Straßenbahnlinie 61: Rahnsdorf/Waldschänke =&gt; Adlershof, Karl-Ziegler-Straße" line="61" type="tram" period="1200" completeness="0.14">
        <route edges="179699938#2 179699938#3 179699938#4 206889079#0 206889079#1 206889079#2 206889079#3 206889079#6 206889079#7 206889079#9 206889079#10 206889079#11 206889079#12 220198810#0 220198810#1 220198810#2 220198810#3 220198810#4 220198810#5 158236384#0"/>
        <busStop id="1704693444" name="S Adlershof"/>
        <busStop id="1704693451" name="Walther-Nernst-Straße"/>
        <busStop id="1704693381" name="Magnusstraße"/>
        <busStop id="1704693369" name="Karl-Ziegler-Straße"/>
    </ptLine>
    <ptLine id="2084497" name="Straßenbahnlinie 63: Karl-Ziegler-Straße =&gt; Rahnsdorfer Straße" line="63" type="tram" period="1200" completeness="0.19">
        <route edges="158236729#0 158236729#1 158236729#2 158236729#3 158236729#4 158236729#5 220198808#0 220198808#1 220198808#2 220198808#3 220198808#4 220198808#6 220198808#9 220198808#10 158236381 220194458#0 220194458#3 458921214 218797686#0 386046454#1 179699937"/>
        <busStop id="1704693343" name="Karl-Ziegler-Straße"/>
        <busStop id="1704693389" name="Magnusstraße"/>
        <busStop id="1704693457" name="Walther-Nernst-Straße"/>
        <busStop id="583899039" name="S Adlershof"/>
        <busStop id="-766875150" name="Marktplatz Adlershof"/>
    </ptLine>
    <ptLine id="2084498" name="Straßenbahnlinie 63: Rahnsdorfer Straße =&gt; Karl-Ziegler-Straße" line="63" type="tram" period="1200" completeness="0.16">
        <route edges="179699938#2 179699938#3 179699938#4 206889079#0 206889079#1 206889079#2 206889079#3 206889079#6 206889079#7 206889079#9 206889079#10 206889079#11 206889079#12 220198810#0 220198810#1 220198810#2 220198810#3 220198810#4 220198810#5 158236384#0"/>
        <busStop id="1704693444" name="S Adlershof"/>
        <busStop id="1704693451" name="Walther-Nernst-Straße"/>
        <busStop id="1704693381" name="Magnusstraße"/>
        <busStop id="1704693369" name="Karl-Ziegler-Straße"/>
    </ptLine>
    <ptLine id="2139598" name="S-Bahnlinie S45: S Flughafen Berlin-Schönefeld =&gt; S Südkreuz" line="S45" type="light_rail" period="1200" completeness="0.17">
        <route edges="22917995 431786577"/>
        <busStop id="3508654675" name="S Adlershof"/>
        <busStop id="1095078213" name="S Betriebsbahnhof Schöneweide"/>
    </ptLine>
    <ptLine id="2139599" name="S-Bahnlinie S45: S Südkreuz =&gt; S Flughafen Berlin-Schönefeld" line="S45" type="light_rail" period="1200" completeness="0.17">
        <route edges="431786563 4782366 4782367"/>
        <busStop id="30499135" name="S Betriebsbahnhof Schöneweide"/>
        <busStop id="30499115" name="S Adlershof"/>
    </ptLine>
    <ptLine id="2194813" name="Buslinie N65: Köpenick, Müggelschlößchenweg =&gt; S Hackescher Markt" line="N65" type="bus" nightService="only" completeness="0.02">
        <route edges="152839426"/>
        <busStop id="1383533597" name="S Adlershof"/>
    </ptLine>
    <ptLine id="2194814" name="Buslinie N65: S Hackescher Markt =&gt; Köpenick, Müggelschlößchenweg" line="N65" type="bus" nightService="only" completeness="0.02">
        <route edges="-45875465#0"/>
        <busStop id="-1906421953" name="S Adlershof"/>
    </ptLine>
    <ptLine id="2212554" name="Buslinie N68: Alt-Schmöckwitz =&gt; S Adlershof" line="N68" type="bus" nightService="only" completeness="0.33">
        <route edges="204721579#2 204721579#3 204721579#4 204721579#6 204721579#7 204721579#8 153021549#0 153021549#1 153021549#2 153021549#3 153021549#4 153021549#5 40191606#0 40191606#2 40191606#3 414563781 318210357#0 -45875465#0"/>
        <busStop id="1383533462" name="Adlergestell/Glienicker Weg"/>
        <busStop id="1862990707" name="Otto-Franke-Straße"/>
        <busStop id="-1906421953" name="S Adlershof"/>
    </ptLine>
    <ptLine id="2212555" name="Buslinie N68: S Adlershof =&gt; Alt-Schmöckwitz" line="N68" type="bus" nightService="only" completeness="0.60">
        <route edges="152839426 -152839428 45875465#0 72230304#1 461514282#0 461514282#1 204721578#0 204721578#1 153021553#1 318210353 318210351 207086005 318210360#0"/>
        <busStop id="1383533597" name="S Adlershof"/>
        <busStop id="3812676495" name="Otto-Franke-Straße"/>
        <busStop id="1383533461" name="Adlergestell/Glienicker Weg"/>
    </ptLine>
    <ptLine id="2221928" name="Buslinie 260: U Rudow =&gt; S Adlershof" line="260" type="bus" completeness="0.18">
        <route edges="314415495#1 314415495#3 314415495#4 314415495#5 314415495#6 314415495#7 314415495#8 314415495#9 314415495#10 314415495#11 314415495#12 314415495#13 314415495#14 314415495#15 314415495#17 314415495#18 314415495#20 318210361#0 318210361#1 318210361#2 318210361#3 143308549#1 143308549#2 143308549#3 143308549#4 158236381 220194458#0 220194458#3 458921214"/>
        <busStop id="945142241" name="Am Studio/Köpenicker Straße"/>
        <busStop id="664208807" name="Wilhelm-Ostwald-Straße"/>
        <busStop id="385200819" name="Albert-Einstein-Straße"/>
        <busStop id="5315085711" name="S Adlershof"/>
    </ptLine>
    <ptLine id="2269251" name="S-Bahnlinie S8: S Birkenwerder =&gt; S Zeuthen" line="S8" type="light_rail" period="1200" completeness="0.08">
        <route edges="431786563 4782366 4782367"/>
        <busStop id="30499135" name="S Betriebsbahnhof Schöneweide"/>
        <busStop id="30499115" name="S Adlershof"/>
    </ptLine>
    <ptLine id="2269252" name="S-Bahnlinie S8: S Zeuthen =&gt; S Birkenwerder" line="S8" type="light_rail" period="1200" completeness="0.08">
        <route edges="22917995 431786577"/>
        <busStop id="3508654675" name="S Adlershof"/>
        <busStop id="1095078213" name="S Betriebsbahnhof Schöneweide"/>
    </ptLine>
    <ptLine id="228027" name="Buslinie 164: Flughafen Schönefeld (Airport) =&gt; S Köpenick" line="164" type="bus" completeness="0.25">
        <route edges="143308542#1 143308542#3 143308542#4 143308542#5 143308542#6 143308542#7 143308542#8 143308542#9 143308542#10 143308542#11 143308542#12 143308542#13 143308542#14 143308542#15 143308542#16 143308542#17 143308552#1 143308552#2 143308549#1 143308549#2 143308549#3 143308549#4 158236381 220194458#0 220194458#3 458921214 218797686#0 -45875465#0 152839428 24152326#0 24152326#1 23925124#0 23925124#1 23925124#2 -166142951#1 -166142951#0 -137534616#4 -137534616#3 -137534616#2 -137534616#1 -137534616#0 23913524#0 23913524#1 23913524#2 23913524#3 23913524#5"/>
        <busStop id="464396487" name="Rudower Chaussee/Wegedornstraße"/>
        <busStop id="306982602" name="Magnusstraße"/>
        <busStop id="464396589" name="Walther-Nernst-Straße"/>
        <busStop id="5315085711" name="S Adlershof"/>
        <busStop id="1383533459" name="Abtstraße"/>
        <busStop id="-1383533578" name="Radickestraße/Nipkowstraße"/>
        <busStop id="1383533492" name="Büchnerweg"/>
    </ptLine>
    <ptLine id="2389945" name="S-Bahnlinie S9: S Flughafen Schönefeld =&gt; S Rathaus Spandau" line="S9" type="light_rail" period="1200" completeness="0.07">
        <route edges="22917995 431786577"/>
        <busStop id="3508654675" name="S Adlershof"/>
        <busStop id="1095078213" name="S Betriebsbahnhof Schöneweide"/>
    </ptLine>
    <ptLine id="2389946" name="S-Bahnlinie S9: S Rathaus Spandau =&gt; S Flughafen Schönefeld" line="S9" type="light_rail" period="1200" completeness="0.07">
        <route edges="431786563 4782366 4782367"/>
        <busStop id="30499135" name="S Betriebsbahnhof Schöneweide"/>
        <busStop id="30499115" name="S Adlershof"/>
    </ptLine>
    <ptLine id="2422928" name="S-Bahnlinie S46: S Königs Wusterhausen =&gt; Westend" line="S46" type="light_rail" period="1200" completeness="0.09">
        <route edges="22917995 431786577"/>
        <busStop id="3508654675" name="S Adlershof"/>
        <busStop id="1095078213" name="S Betriebsbahnhof Schöneweide"/>
    </ptLine>
    <ptLine id="2422929" name="S-Bahnlinie S46: Westend =&gt; S Königs Wusterhausen" line="S46" type="light_rail" period="1200" completeness="0.09">
        <route edges="431786563 4782366 4782367"/>
        <busStop id="30499135" name="S Betriebsbahnhof Schöneweide"/>
        <busStop id="30499115" name="S Adlershof"/>
    </ptLine>
    <ptLine id="2979449" name="S-Bahnlinie S85: Grünau =&gt; Pankow" line="S85" type="light_rail" period="1200" completeness="0.13">
        <route edges="22917995 431786577"/>
        <busStop id="3508654675" name="S Adlershof"/>
        <busStop id="1095078213" name="S Betriebsbahnhof Schöneweide"/>
    </ptLine>
    <ptLine id="2979451" name="S-Bahnlinie S85: Pankow =&gt; Grünau" line="S85" type="light_rail" period="1200" completeness="0.13">
        <route edges="431786563 4782366 4782367"/>
        <busStop id="30499135" name="S Betriebsbahnhof Schöneweide"/>
        <busStop id="30499115" name="S Adlershof"/>
    </ptLine>
    <ptLine id="35009" name="Buslinie 163: S Flughafen Berlin-Schönefeld =&gt; S Schöneweide/Sterndamm" line="163" type="bus" completeness="0.19">
        <route edges="204721579#2 204721579#3 204721579#4 204721579#6 204721579#7 204721579#8 153021549#0 153021549#1 153021549#2 153021549#3 153021549#4 153021549#5 40191606#0 40191606#2 40191606#3 414563781 318210357#0 206889086#1 152839448 541676219 318210389#0 318210389#1 81639675#0 81639675#1 81639675#2 81639675#3 143308555#1 143308555#2 143308555#3 31050360#0 31050360#1 31050360#2 318210377#0 318210377#1 318210376 318210378#0 318210378#2 318210378#3 318210378#4 318210378#5 38915290 8025704#0 231626692#0 231626692#1"/>
        <busStop id="1383533462" name="Adlergestell/Glienicker Weg"/>
        <busStop id="1862990707" name="Otto-Franke-Straße"/>
        <busStop id="1656195133" name="S Adlershof"/>
        <busStop id="945142098" name="Hans-Schmidt-Straße"/>
        <busStop id="2050022029" name="Hermann-Dorner-Allee"/>
    </ptLine>
    <ptLine id="35032" name="Buslinie 160: Siriusstraße =&gt; Hasselwerderstraße" line="160" type="bus" completeness="0.06">
        <route edges="143308532#2 143308532#5"/>
        <busStop id="671564316" name="Rudower Chaussee/Wegedornstraße"/>
        <busStop id="837696418" name="James-Franck-Straße"/>
    </ptLine>
    <ptLine id="35040" name="Buslinie N60: Flughafen Schönefeld (Airport) =&gt; S Adlershof" line="N60" type="bus" nightService="only" completeness="0.26">
        <route edges="143308542#1 143308542#3 143308542#4 143308542#5 143308542#6 143308542#7 143308542#8 143308542#9 143308542#10 143308542#11 143308542#12 143308542#13 143308542#14 143308542#15 143308542#16 143308542#17 143308552#1 143308552#2 143308549#1 143308549#2 143308549#3 143308549#4 158236381 220194458#0 220194458#3 458921214 218797686#0 -45875465#0"/>
        <busStop id="464396487" name="Rudower Chaussee/Wegedornstraße"/>
        <busStop id="306982602" name="Magnusstraße"/>
        <busStop id="464396589" name="Walther-Nernst-Straße"/>
        <busStop id="5315085711" name="S Adlershof"/>
        <busStop id="-1906421953" name="S Adlershof"/>
    </ptLine>
    <ptLine id="6783677" name="Buslinie 162: Schloßplatz Köpenick=&gt; U Rudow" line="162" type="bus" completeness="0.32">
        <route edges="-23913524#5 -23913524#3 -23913524#2 -23913524#1 -23913524#0 137534616#0 137534616#1 137534616#2 137534616#3 137534616#4 166142951#0 166142951#1 149611526#0 40191606#0 40191606#2 40191606#3 414563781 318210357#0 206889086#1 152839448 541676219 318210389#0 318210389#1 81639675#0 81639675#1 81639675#2 81639675#3 143308555#1 143308555#2 143308555#3 143308546#1 143308546#2 143308546#3 143308546#4 143308546#5 143308546#6 143308546#7 143308546#8 143308546#9 143308546#10 143308546#11 143308546#12 143308546#13 143308546#14 143308546#15 143308546#16 143308546#17 143308546#18 143308546#19 143308546#20 143308546#21 143308546#23 143308546#24 143308546#25 143308546#26 143308587#0 143308587#1"/>
        <busStop id="-1383533494" name="Büchnerweg"/>
        <busStop id="1383533577" name="Radickestraße/Nipkowstraße"/>
        <busStop id="1383533575" name="Radickestraße/Anna-Seghers-Straße"/>
        <busStop id="1656195133" name="S Adlershof"/>
        <busStop id="464396566" name="Walther-Nernst-Straße"/>
        <busStop id="301331956" name="Magnusstraße"/>
        <busStop id="1560223236" name="Rudower Chaussee/Wegedornstraße"/>
    </ptLine>
    <ptLine id="6783678" name="Buslinie 162: U Rudow =&gt; Schloßplatz Köpenick" line="162" type="bus" completeness="0.35">
        <route edges="143308542#1 143308542#3 143308542#4 143308542#5 143308542#6 143308542#7 143308542#8 143308542#9 143308542#10 143308542#11 143308542#12 143308542#13 143308542#14 143308542#15 143308542#16 143308542#17 143308552#1 143308552#2 143308549#1 143308549#2 143308549#3 143308549#4 158236381 220194458#0 220194458#3 458921214 218797686#0 -45875465#0 152839428 24152326#0 24152326#1 23925124#0 23925124#1 23925124#2 -166142951#1 -166142951#0 -137534616#4 -137534616#3 -137534616#2 -137534616#1 -137534616#0 23913524#0 23913524#1 23913524#2 23913524#3 23913524#5"/>
        <busStop id="464396487" name="Rudower Chaussee/Wegedornstraße"/>
        <busStop id="306982602" name="Magnusstraße"/>
        <busStop id="464396589" name="Walther-Nernst-Straße"/>
        <busStop id="5315085711" name="S Adlershof"/>
        <busStop id="1383533459" name="Abtstraße"/>
        <busStop id="-1383533578" name="Radickestraße/Nipkowstraße"/>
        <busStop id="1383533492" name="Büchnerweg"/>
    </ptLine>
</additional>
