<?xml version="1.0" encoding="UTF-8"?>

<!-- generated on 05/03/19 09:25:10 by Eclipse SUMO netconvert Version v1_0_1+0593-c54b143026
<configuration xmlns:xsi="http://www.w3.org/2001/XMLSchema-instance" xsi:noNamespaceSchemaLocation="http://sumo.dlr.de/xsd/netconvertConfiguration.xsd">

    <input>
        <type-files value="osmNetconvert.typ.xml,osmNetconvertUrbanDe.typ.xml,osmNetconvertPedestrians.typ.xml"/>
        <osm-files value="osm_bbox.osm.xml"/>
    </input>

    <output>
        <output-file value="osm.net.xml"/>
        <output.street-names value="true"/>
        <output.original-names value="true"/>
        <ptstop-output value="osm_stops.add.xml"/>
        <ptline-output value="osm_ptlines.xml"/>
        <railway.topology.output value="topology.xml"/>
    </output>

    <projection>
        <proj.utm value="true"/>
    </projection>

    <processing>
        <geometry.remove value="true"/>
    </processing>

    <tls_building>
        <tls.discard-simple value="true"/>
        <tls.join value="true"/>
        <tls.guess-signals value="true"/>
        <tls.default-type value="actuated"/>
    </tls_building>

    <junctions>
        <junctions.join value="true"/>
        <junctions.corner-detail value="5"/>
    </junctions>

    <pedestrian>
        <crossings.guess value="true"/>
    </pedestrian>

    <railway>
        <railway.topology.repair value="true"/>
    </railway>

    <report>
        <verbose value="true"/>
        <log value="net.log"/>
    </report>

</configuration>
-->

<railwayTopology>
    <legend>
        <error id="a" meaning="edge pair angle supports driving but both are outgoing"/>
        <error id="b" meaning="edge pair angle supports driving but both are incoming"/>
        <error id="c" meaning="an incoming edge has a sharp angle to all outgoing edges"/>
        <error id="d" meaning="an outgoing edge has a sharp angle from all incoming edges"/>
    </legend>
    <railNodeType in="0" out="1">
        <node id="246759500"/>
        <node id="247190395"/>
        <node id="261020890"/>
        <node id="262064172"/>
    </railNodeType>
    <railNodeType in="1" out="0">
        <node id="246759499"/>
        <node id="246759510"/>
        <node id="246771364"/>
        <node id="246772411"/>
        <node id="246772415"/>
        <node id="4310043690"/>
    </railNodeType>
    <railNodeType in="1" out="1">
        <node id="101343850"/>
        <node id="1329311399"/>
        <node id="1560225236"/>
        <node id="1704693343"/>
        <node id="1704693369"/>
        <node id="1704693564"/>
        <node id="1704693568"/>
        <node id="1704693650"/>
        <node id="1704693673"/>
        <node id="1704693699"/>
        <node id="1704693745"/>
        <node id="1704693785"/>
        <node id="1704693804"/>
        <node id="1704693810"/>
        <node id="1704693841"/>
        <node id="1789928382"/>
        <node id="1817224129"/>
        <node id="1866350919"/>
        <node id="1901247274"/>
        <node id="1901247283"/>
        <node id="1906399893"/>
        <node id="1906399902"/>
        <node id="1906421955"/>
        <node id="2169462564"/>
        <node id="2293276823"/>
        <node id="2293276824"/>
        <node id="2293276825"/>
        <node id="2293276826"/>
        <node id="2293276827"/>
        <node id="2293607210"/>
        <node id="2293607214"/>
        <node id="2391105460"/>
        <node id="2391105461"/>
        <node id="246759503"/>
        <node id="246759504"/>
        <node id="246759505"/>
        <node id="246759507"/>
        <node id="246771358"/>
        <node id="246771375"/>
        <node id="246771398"/>
        <node id="246772345"/>
        <node id="246772393"/>
        <node id="246772401"/>
        <node id="246772418"/>
        <node id="246772429"/>
        <node id="246772433"/>
        <node id="246772434"/>
        <node id="246772442"/>
        <node id="246772443"/>
        <node id="2697454308"/>
        <node id="2697454309"/>
        <node id="2697454310"/>
        <node id="2697454311"/>
        <node id="2697454312"/>
        <node id="2697454313"/>
        <node id="2697454314"/>
        <node id="2697454315"/>
        <node id="2697454316"/>
        <node id="2697454318"/>
        <node id="2697454319"/>
        <node id="30618477"/>
        <node id="30618478"/>
        <node id="3180391870"/>
        <node id="3180391875"/>
        <node id="3246050920"/>
        <node id="3246050921"/>
        <node id="345003381"/>
        <node id="345003387"/>
        <node id="3646631964"/>
        <node id="3646631965"/>
        <node id="443598344"/>
        <node id="443598395"/>
        <node id="4614624513"/>
        <node id="5226716099"/>
        <node id="5226716100"/>
        <node id="5226716101"/>
        <node id="5226720613"/>
        <node id="5226721573"/>
        <node id="5226721574"/>
        <node id="5478343753"/>
        <node id="5478343754"/>
        <node id="5543924005"/>
        <node id="5543924006"/>
        <node id="583899039"/>
        <node id="664166125"/>
        <node id="945141621"/>
        <node id="94704195"/>
        <node id="94706732"/>
    </railNodeType>
    <railNodeType in="1" out="2">
        <node id="1329311425"/>
        <node id="1704693825"/>
        <node id="2169462574" broken="ad"/>
        <node id="246772446"/>
        <node id="247190868"/>
        <node id="3273748279"/>
        <node id="345003396"/>
    </railNodeType>
    <railNodeType in="2" out="1">
        <node id="1704693738"/>
        <node id="1704693823"/>
        <node id="3273748278" broken="bc"/>
        <node id="3273748293"/>
        <node id="552389804"/>
    </railNodeType>
    <railNodeType in="2" out="2">
        <node id="1906421954"/>
        <node id="1906421964"/>
        <node id="1906421965"/>
        <node id="3094848229"/>
    </railNodeType>
    <bidiEdge id="179699935" bidi="-179699935"/>
    <bidiEdge id="179699939#0" bidi="-179699939#0"/>
    <bidiEdge id="179699939#1" bidi="-179699939#1"/>
</railwayTopology>
