<?xml version="1.0" encoding="UTF-8"?>

<!-- generated on Wed Oct  7 16:40:49 2020 by Eclipse SUMO sumo Version v1_7_0+0540-03ba62cf54
<configuration xmlns:xsi="http://www.w3.org/2001/XMLSchema-instance" xsi:noNamespaceSchemaLocation="http://sumo.dlr.de/xsd/sumoConfiguration.xsd">

    <input>
        <net-file value="net.net.xml"/>
        <route-files value="taxi3.rou.xml,persons_taxi_ptStops.rou.xml"/>
        <additional-files value="connected_stops.add.xml"/>
    </input>

    <output>
        <tripinfo-output value="tripinfos4.xml"/>
        <tripinfo-output.write-unfinished value="true"/>
        <stop-output value="stopinfos4.xml"/>
        <statistic-output value="statistics4.xml"/>
    </output>

    <routing>
        <persontrip.default.group value="group"/>
        <device.rerouting.adaptation-steps value="18"/>
        <device.rerouting.adaptation-interval value="10"/>
    </routing>

    <report>
        <verbose value="true"/>
        <duration-log.statistics value="true"/>
        <no-step-log value="true"/>
    </report>

    <taxi_device>
        <device.taxi.dispatch-algorithm value="greedyShared"/>
        <device.taxi.dispatch-algorithm.output value="dispatchinfo.greedyShared.xml"/>
    </taxi_device>

    <gui_only>
        <gui-settings-file value="taxi.view.xml"/>
    </gui_only>

</configuration>
-->

<statistics xmlns:xsi="http://www.w3.org/2001/XMLSchema-instance" xsi:noNamespaceSchemaLocation="http://sumo.dlr.de/xsd/statistic_file.xsd">
    <vehicles loaded="100" inserted="100" running="100" waiting="0"/>
    <teleports total="0" jam="0" yield="0" wrongLane="0"/>
    <safety collisions="0" emergencyStops="0"/>
    <persons loaded="1794" running="0" jammed="0"/>
    <vehicleTripStatistics routeLength="37854.93" speed="5.30" duration="7137.51" waitingTime="869.30" timeLoss="1538.08" departDelay="49.49" departDelayWaiting="0"/>
    <pedestrianStatistics number="3328" routeLength="350.63" duration="295.32" timeLoss="41.42"/>
    <rideStatistics number="1534" waitingTime="1790.72" routeLength="2091.48" duration="279.54" bus="0" train="0" taxi="1534" bike="0" aborted="0"/>
    <transportStatistics number="0"/>
</statistics>
