<?xml version="1.0" encoding="UTF-8"?>

<!-- generated on 2021-09-07 14:48:52 by Eclipse SUMO duarouter Version v1_10_0+0551-f581c04ba63
<configuration xmlns:xsi="http://www.w3.org/2001/XMLSchema-instance" xsi:noNamespaceSchemaLocation="http://sumo.dlr.de/xsd/duarouterConfiguration.xsd">

    <input>
        <net-file value="osm.net.xml"/>
        <route-files value="osm.bicycle.trips.xml"/>
    </input>

    <output>
        <output-file value="osm.bicycle.trips.xml.tmp"/>
        <write-trips value="true"/>
    </output>

    <time>
        <begin value="0"/>
        <end value="1800"/>
    </time>

    <report>
        <no-warnings value="true"/>
        <ignore-errors value="true"/>
        <no-step-log value="true"/>
    </report>

</configuration>
-->

<routes xmlns:xsi="http://www.w3.org/2001/XMLSchema-instance" xsi:noNamespaceSchemaLocation="http://sumo.dlr.de/xsd/routes_file.xsd">
    <vType id="bike_bicycle" vClass="bicycle"/>
    <trip id="bike0" type="bike_bicycle" depart="0.00" departLane="best" from="149611514#7" to="-138624421#21"/>
    <trip id="bike1" type="bike_bicycle" depart="2.28" departLane="best" from="-347935096#2" to="-26991766#14"/>
    <trip id="bike2" type="bike_bicycle" depart="4.56" departLane="best" from="257072321#0" to="283317455#0"/>
    <trip id="bike3" type="bike_bicycle" depart="6.84" departLane="best" from="586124064#1" to="-142575734#1"/>
    <trip id="bike4" type="bike_bicycle" depart="9.12" departLane="best" departSpeed="max" from="-686320801#1" to="-138624438#3"/>
    <trip id="bike5" type="bike_bicycle" depart="11.40" departLane="best" from="-257005614#8" to="143308523#3"/>
    <trip id="bike6" type="bike_bicycle" depart="13.68" departLane="best" from="-138624421#11" to="-245105014#1"/>
    <trip id="bike7" type="bike_bicycle" depart="15.96" departLane="best" from="153021549#2" to="149611514#1"/>
    <trip id="bike8" type="bike_bicycle" depart="18.24" departLane="best" departSpeed="max" from="-257131031" to="190083625#0"/>
    <trip id="bike9" type="bike_bicycle" depart="20.52" departLane="best" from="38159999#10" to="-115092088#7"/>
    <trip id="bike10" type="bike_bicycle" depart="22.80" departLane="best" from="360099571#1" to="318210373#1"/>
    <trip id="bike11" type="bike_bicycle" depart="25.08" departLane="best" from="-54039583#1" to="-187122892#3"/>
    <trip id="bike12" type="bike_bicycle" depart="27.36" departLane="best" from="887604836#2" to="-629595835#0"/>
    <trip id="bike13" type="bike_bicycle" depart="29.64" departLane="best" from="-142575739#1" to="-143308505#4"/>
    <trip id="bike15" type="bike_bicycle" depart="34.20" departLane="best" departSpeed="max" from="361138490" to="38568630#0"/>
    <trip id="bike16" type="bike_bicycle" depart="36.48" departLane="best" from="141968807#1" to="887910341#12"/>
    <trip id="bike17" type="bike_bicycle" depart="38.76" departLane="best" departSpeed="max" from="-586124018" to="149670382"/>
    <trip id="bike18" type="bike_bicycle" depart="41.04" departLane="best" departSpeed="max" from="40191605#0" to="24038573#0"/>
    <trip id="bike19" type="bike_bicycle" depart="43.32" departLane="best" from="52460499#0" to="180789857#17"/>
    <trip id="bike20" type="bike_bicycle" depart="45.59" departLane="best" from="23913524#3" to="-142575656#1"/>
    <trip id="bike22" type="bike_bicycle" depart="50.15" departLane="best" from="-142575704#19" to="-312192781#1"/>
    <trip id="bike23" type="bike_bicycle" depart="52.43" departLane="best" from="-143308521#11" to="-38574189#3"/>
    <trip id="bike24" type="bike_bicycle" depart="54.71" departLane="best" from="147859765#8" to="-81096582#1"/>
    <trip id="bike25" type="bike_bicycle" depart="56.99" departLane="best" departSpeed="max" from="-581636336#1" to="-259433181#1"/>
    <trip id="bike26" type="bike_bicycle" depart="59.27" departLane="best" from="-32235088#10" to="843832577#1"/>
    <trip id="bike27" type="bike_bicycle" depart="61.55" departLane="best" departSpeed="max" from="152471799" to="224769566#1"/>
    <trip id="bike28" type="bike_bicycle" depart="63.83" departLane="best" departSpeed="max" from="-190083625#1" to="38568628#2"/>
    <trip id="bike29" type="bike_bicycle" depart="66.11" departLane="best" departSpeed="max" from="-183156389" to="-886496558#0"/>
    <trip id="bike30" type="bike_bicycle" depart="68.39" departLane="best" from="92914055#2" to="24791993#4"/>
    <trip id="bike31" type="bike_bicycle" depart="70.67" departLane="best" from="142575677#3" to="312192781#1"/>
    <trip id="bike32" type="bike_bicycle" depart="72.95" departLane="best" from="443454549#2" to="52081116#2"/>
    <trip id="bike33" type="bike_bicycle" depart="75.23" departLane="best" from="-26815978#1" to="-138624445#13"/>
    <trip id="bike34" type="bike_bicycle" depart="77.51" departLane="best" from="-461093303#1" to="-38160000"/>
    <trip id="bike35" type="bike_bicycle" depart="79.79" departLane="best" from="-24733617#1" to="872238235"/>
    <trip id="bike36" type="bike_bicycle" depart="82.07" departLane="best" from="53529600#4" to="-53529431#0"/>
    <trip id="bike37" type="bike_bicycle" depart="84.35" departLane="best" from="169076556#1" to="115092088#3"/>
    <trip id="bike38" type="bike_bicycle" depart="86.63" departLane="best" from="702305710#1" to="142575679#9"/>
    <trip id="bike39" type="bike_bicycle" depart="88.91" departLane="best" from="-320154321#0" to="-320153866"/>
    <trip id="bike40" type="bike_bicycle" depart="91.19" departLane="best" from="142575686#1" to="-360099574#0"/>
    <trip id="bike41" type="bike_bicycle" depart="93.47" departLane="best" from="142575708#1" to="71028777#5"/>
    <trip id="bike42" type="bike_bicycle" depart="95.75" departLane="best" departSpeed="max" from="-586124066" to="-26816737#3"/>
    <trip id="bike43" type="bike_bicycle" depart="98.03" departLane="best" from="976918147#0" to="143308542#1"/>
    <trip id="bike44" type="bike_bicycle" depart="100.31" departLane="best" from="-142575737#0" to="-142575656#15"/>
    <trip id="bike45" type="bike_bicycle" depart="102.59" departLane="best" from="-143308600#1" to="24152593#1"/>
    <trip id="bike46" type="bike_bicycle" depart="104.87" departLane="best" from="32235088#1" to="138624438#1"/>
    <trip id="bike47" type="bike_bicycle" depart="107.15" departLane="best" from="-142575684#0" to="-895850896"/>
    <trip id="bike48" type="bike_bicycle" depart="109.43" departLane="best" from="976390656#8" to="143482755#1"/>
    <trip id="bike49" type="bike_bicycle" depart="111.71" departLane="best" departSpeed="max" from="887715855#0" to="586124074"/>
    <trip id="bike50" type="bike_bicycle" depart="113.99" departLane="best" departSpeed="max" from="-122868966" to="360099564#1"/>
    <trip id="bike52" type="bike_bicycle" depart="118.55" departLane="best" from="-32235088#1" to="24791996#1"/>
    <trip id="bike53" type="bike_bicycle" depart="120.83" departLane="best" departSpeed="max" from="-143308618#1" to="140964905#2"/>
    <trip id="bike54" type="bike_bicycle" depart="123.11" departLane="best" departSpeed="max" from="-821807404" to="887559886#5"/>
    <trip id="bike55" type="bike_bicycle" depart="125.39" departLane="best" from="53529600#2" to="-361138488"/>
    <trip id="bike56" type="bike_bicycle" depart="127.67" departLane="best" from="115227682#3" to="-23913526#0"/>
    <trip id="bike57" type="bike_bicycle" depart="129.95" departLane="best" from="70214888#0" to="617755665"/>
    <trip id="bike58" type="bike_bicycle" depart="132.23" departLane="best" from="-38915289#0" to="24791992"/>
    <trip id="bike59" type="bike_bicycle" depart="134.51" departLane="best" from="143308527#5" to="-180800504#4"/>
    <trip id="bike60" type="bike_bicycle" depart="136.78" departLane="best" from="26991766#4" to="146511461#8"/>
    <trip id="bike61" type="bike_bicycle" depart="139.06" departLane="best" from="314415495#8" to="143482759"/>
    <trip id="bike62" type="bike_bicycle" depart="141.34" departLane="best" departSpeed="max" from="-114024901" to="-54039583#3"/>
    <trip id="bike63" type="bike_bicycle" depart="143.62" departLane="best" from="-135777010#2" to="841345129#7"/>
    <trip id="bike64" type="bike_bicycle" depart="145.90" departLane="best" from="54039583#10" to="583475562"/>
    <trip id="bike65" type="bike_bicycle" depart="148.18" departLane="best" from="-414563788#2" to="-142575677#2"/>
    <trip id="bike66" type="bike_bicycle" depart="150.46" departLane="best" departSpeed="max" from="54039583#0" to="886496546#2"/>
    <trip id="bike67" type="bike_bicycle" depart="152.74" departLane="best" departSpeed="max" from="-142575721#1" to="142575720#2"/>
    <trip id="bike68" type="bike_bicycle" depart="155.02" departLane="best" from="-142575690#5" to="45875459#3"/>
    <trip id="bike69" type="bike_bicycle" depart="157.30" departLane="best" from="290288344" to="-149670370#0"/>
    <trip id="bike70" type="bike_bicycle" depart="159.58" departLane="best" departSpeed="max" from="-847897311" to="149670374#1"/>
    <trip id="bike71" type="bike_bicycle" depart="161.86" departLane="best" from="-320154321#1" to="629992781#0"/>
    <trip id="bike72" type="bike_bicycle" depart="164.14" departLane="best" from="-689735906#0" to="-26004868#1"/>
    <trip id="bike73" type="bike_bicycle" depart="166.42" departLane="best" from="141968844#3" to="38568630#1"/>
    <trip id="bike74" type="bike_bicycle" depart="168.70" departLane="best" from="-24152572#5" to="-53529255#3"/>
    <trip id="bike75" type="bike_bicycle" depart="170.98" departLane="best" from="976390656#4" to="257131028"/>
    <trip id="bike76" type="bike_bicycle" depart="173.26" departLane="best" from="-72077944" to="143308590#0"/>
    <trip id="bike77" type="bike_bicycle" depart="175.54" departLane="best" departSpeed="max" from="-143482759" to="-26991766#5"/>
    <trip id="bike78" type="bike_bicycle" depart="177.82" departLane="best" from="-53529600#0" to="190083623#0"/>
    <trip id="bike79" type="bike_bicycle" depart="180.10" departLane="best" departSpeed="max" from="-26816162#1" to="-26842933#0"/>
    <trip id="bike80" type="bike_bicycle" depart="182.38" departLane="best" from="-142575691#5" to="24152603#2"/>
    <trip id="bike81" type="bike_bicycle" depart="184.66" departLane="best" from="-26815978#1" to="722869703#1"/>
    <trip id="bike82" type="bike_bicycle" depart="186.94" departLane="best" from="52081116#3" to="-142575699#2"/>
    <trip id="bike83" type="bike_bicycle" depart="189.22" departLane="best" from="-26991766#15" to="26842933#0"/>
    <trip id="bike84" type="bike_bicycle" depart="191.50" departLane="best" from="-24791993#1" to="-152447118#4"/>
    <trip id="bike85" type="bike_bicycle" depart="193.78" departLane="best" from="81639678#1" to="175357597#1"/>
    <trip id="bike86" type="bike_bicycle" depart="196.06" departLane="best" departSpeed="max" from="-843949731" to="53529200#4"/>
    <trip id="bike87" type="bike_bicycle" depart="198.34" departLane="best" from="375685717#0" to="-24152593#5"/>
    <trip id="bike88" type="bike_bicycle" depart="200.62" departLane="best" departSpeed="max" from="-142598713" to="138624469#3"/>
    <trip id="bike89" type="bike_bicycle" depart="202.90" departLane="best" from="-70130297#1" to="142575690#6"/>
    <trip id="bike90" type="bike_bicycle" depart="205.18" departLane="best" from="24733697#0" to="26991766#13"/>
    <trip id="bike91" type="bike_bicycle" depart="207.46" departLane="best" departSpeed="max" from="895850896" to="-143308521#3"/>
    <trip id="bike92" type="bike_bicycle" depart="209.74" departLane="best" departSpeed="max" from="-586124072" to="-630078116"/>
    <trip id="bike93" type="bike_bicycle" depart="212.02" departLane="best" from="52460499#0" to="-320741897#0"/>
    <trip id="bike94" type="bike_bicycle" depart="214.30" departLane="best" from="-23913526#0" to="142575657#4"/>
    <trip id="bike95" type="bike_bicycle" depart="216.58" departLane="best" departSpeed="max" from="-686320801#1" to="-38574189#5"/>
    <trip id="bike96" type="bike_bicycle" depart="218.86" departLane="best" departSpeed="max" from="-312192836" to="840101797"/>
    <trip id="bike97" type="bike_bicycle" depart="221.14" departLane="best" from="-73058506#1" to="586124075"/>
    <trip id="bike98" type="bike_bicycle" depart="223.42" departLane="best" from="142575659#1" to="-142575658#1"/>
    <trip id="bike99" type="bike_bicycle" depart="225.70" departLane="best" from="977019132" to="586124018"/>
    <trip id="bike100" type="bike_bicycle" depart="227.97" departLane="best" from="887712505#6" to="840101824#1"/>
    <trip id="bike103" type="bike_bicycle" depart="234.81" departLane="best" departSpeed="max" from="-586124069" to="-142575679#3"/>
    <trip id="bike105" type="bike_bicycle" depart="239.37" departLane="best" from="-320154321#1" to="53529200#2"/>
    <trip id="bike106" type="bike_bicycle" depart="241.65" departLane="best" from="-822215320#0" to="138624438#4"/>
    <trip id="bike107" type="bike_bicycle" depart="243.93" departLane="best" from="887604836#2" to="976390656#9"/>
    <trip id="bike108" type="bike_bicycle" depart="246.21" departLane="best" from="142575674#4" to="357043349#1"/>
    <trip id="bike109" type="bike_bicycle" depart="248.49" departLane="best" departSpeed="max" from="-174657432" to="-45875459#5"/>
    <trip id="bike110" type="bike_bicycle" depart="250.77" departLane="best" from="887712505#5" to="180789857#9"/>
    <trip id="bike111" type="bike_bicycle" depart="253.05" departLane="best" from="142575655#1" to="403442279#2"/>
    <trip id="bike112" type="bike_bicycle" depart="255.33" departLane="best" from="-142575661#5" to="187122892#3"/>
    <trip id="bike113" type="bike_bicycle" depart="257.61" departLane="best" from="118262353#2" to="586124059"/>
    <trip id="bike114" type="bike_bicycle" depart="259.89" departLane="best" from="-175357593#1" to="887612168#10"/>
    <trip id="bike115" type="bike_bicycle" depart="262.17" departLane="best" from="-142575704#2" to="-24038680"/>
    <trip id="bike116" type="bike_bicycle" depart="264.45" departLane="best" from="142575739#0" to="26991766#5"/>
    <trip id="bike117" type="bike_bicycle" depart="266.73" departLane="best" from="-26843019#2" to="-147859763#0"/>
    <trip id="bike118" type="bike_bicycle" depart="269.01" departLane="best" from="581636334#1" to="-320153865"/>
    <trip id="bike119" type="bike_bicycle" depart="271.29" departLane="best" from="142575738#0" to="24038584#0"/>
    <trip id="bike120" type="bike_bicycle" depart="273.57" departLane="best" departSpeed="max" from="-681408360" to="187122892#13"/>
    <trip id="bike121" type="bike_bicycle" depart="275.85" departLane="best" from="138624438#5" to="841976402#1"/>
    <trip id="bike122" type="bike_bicycle" depart="278.13" departLane="best" from="-24152593#8" to="347935096#6"/>
    <trip id="bike123" type="bike_bicycle" depart="280.41" departLane="best" from="-26991766#17" to="115092088#4"/>
    <trip id="bike124" type="bike_bicycle" depart="282.69" departLane="best" from="180789857#2" to="-47770433"/>
    <trip id="bike125" type="bike_bicycle" depart="284.97" departLane="best" departSpeed="max" from="-461093307" to="412992929#3"/>
    <trip id="bike126" type="bike_bicycle" depart="287.25" departLane="best" from="-142575694#4" to="142575679#7"/>
    <trip id="bike127" type="bike_bicycle" depart="289.53" departLane="best" from="976918148#3" to="976732605"/>
    <trip id="bike128" type="bike_bicycle" depart="291.81" departLane="best" from="-142575695#2" to="-26444467#3"/>
    <trip id="bike129" type="bike_bicycle" depart="294.09" departLane="best" from="-320154321#1" to="841976396#1"/>
    <trip id="bike130" type="bike_bicycle" depart="296.37" departLane="best" from="54039583#19" to="679894150"/>
    <trip id="bike131" type="bike_bicycle" depart="298.65" departLane="best" from="-581636336#0" to="-187123053#1"/>
    <trip id="bike132" type="bike_bicycle" depart="300.93" departLane="best" from="40985809#1" to="320153867"/>
    <trip id="bike133" type="bike_bicycle" depart="303.21" departLane="best" from="143308542#6" to="92914055#4"/>
    <trip id="bike134" type="bike_bicycle" depart="305.49" departLane="best" from="166142947" to="-115227682#1"/>
    <trip id="bike135" type="bike_bicycle" depart="307.77" departLane="best" from="38568633#2" to="-47765623#2"/>
    <trip id="bike136" type="bike_bicycle" depart="310.05" departLane="best" from="175357041#1" to="843949729"/>
    <trip id="bike138" type="bike_bicycle" depart="314.61" departLane="best" from="-143308562#10" to="152447118#4"/>
    <trip id="bike140" type="bike_bicycle" depart="319.16" departLane="best" from="24152593#5" to="-24791993#4"/>
    <trip id="bike141" type="bike_bicycle" depart="321.44" departLane="best" from="147859765#1" to="-375685717#0"/>
    <trip id="bike142" type="bike_bicycle" depart="323.72" departLane="best" departSpeed="max" from="-964685888" to="722869703#1"/>
    <trip id="bike143" type="bike_bicycle" depart="326.00" departLane="best" from="45875459#4" to="-142575743#2"/>
    <trip id="bike144" type="bike_bicycle" depart="328.28" departLane="best" from="-70130297#1" to="-38574189#10"/>
    <trip id="bike145" type="bike_bicycle" depart="330.56" departLane="best" from="-114697065#0" to="503159211"/>
    <trip id="bike146" type="bike_bicycle" depart="332.84" departLane="best" from="149611511#3" to="-360099566"/>
    <trip id="bike147" type="bike_bicycle" depart="335.12" departLane="best" from="25728863#2" to="149670380#2"/>
    <trip id="bike148" type="bike_bicycle" depart="337.40" departLane="best" from="-708544917#0" to="-116343628#3"/>
    <trip id="bike149" type="bike_bicycle" depart="339.68" departLane="best" from="-142575700#2" to="686320801#1"/>
    <trip id="bike150" type="bike_bicycle" depart="341.96" departLane="best" from="677933664#4" to="149611514#4"/>
    <trip id="bike151" type="bike_bicycle" depart="344.24" departLane="best" from="40985813#1" to="187122892#10"/>
    <trip id="bike152" type="bike_bicycle" depart="346.52" departLane="best" from="-166142947" to="-149611534#0"/>
    <trip id="bike153" type="bike_bicycle" depart="348.80" departLane="best" from="-432929065" to="71960633#2"/>
    <trip id="bike154" type="bike_bicycle" depart="351.08" departLane="best" departSpeed="max" from="328868437" to="586124074"/>
    <trip id="bike155" type="bike_bicycle" depart="353.36" departLane="best" departSpeed="max" from="630078115" to="-25944448"/>
    <trip id="bike156" type="bike_bicycle" depart="355.64" departLane="best" departSpeed="max" from="-312192827" to="-143308560#2"/>
    <trip id="bike157" type="bike_bicycle" depart="357.92" departLane="best" departSpeed="max" from="318210355" to="689735906#0"/>
    <trip id="bike158" type="bike_bicycle" depart="360.20" departLane="best" departSpeed="max" from="-586124079" to="24038584#6"/>
    <trip id="bike159" type="bike_bicycle" depart="362.48" departLane="best" departSpeed="max" from="-174657432" to="841345134#2"/>
    <trip id="bike160" type="bike_bicycle" depart="364.76" departLane="best" from="526210068#0" to="887910341#26"/>
    <trip id="bike161" type="bike_bicycle" depart="367.04" departLane="best" from="38159999#7" to="683972873#2"/>
    <trip id="bike162" type="bike_bicycle" depart="369.32" departLane="best" from="-137534616#1" to="38574189#11"/>
    <trip id="bike163" type="bike_bicycle" depart="371.60" departLane="best" from="-53529255#3" to="841345135#1"/>
    <trip id="bike164" type="bike_bicycle" depart="373.88" departLane="best" from="354084465" to="586124080"/>
    <trip id="bike165" type="bike_bicycle" depart="376.16" departLane="best" from="38159999#7" to="-38159999#6"/>
    <trip id="bike166" type="bike_bicycle" depart="378.44" departLane="best" from="320153864" to="-143308646#1"/>
    <trip id="bike167" type="bike_bicycle" depart="380.72" departLane="best" from="53529431#0" to="586124070"/>
    <trip id="bike168" type="bike_bicycle" depart="383.00" departLane="best" from="-259433181#2" to="579613014"/>
    <trip id="bike169" type="bike_bicycle" depart="385.28" departLane="best" departSpeed="max" from="-840101825" to="-52460499#1"/>
    <trip id="bike170" type="bike_bicycle" depart="387.56" departLane="best" from="328287315" to="-302943908#0"/>
    <trip id="bike171" type="bike_bicycle" depart="389.84" departLane="best" from="-137483015#3" to="-24152603#0"/>
    <trip id="bike172" type="bike_bicycle" depart="392.12" departLane="best" from="-526210068#2" to="586124081"/>
    <trip id="bike173" type="bike_bicycle" depart="394.40" departLane="best" from="887637458#3" to="-38574189#7"/>
    <trip id="bike174" type="bike_bicycle" depart="396.68" departLane="best" from="149611534#2" to="116391654#1"/>
    <trip id="bike177" type="bike_bicycle" depart="403.52" departLane="best" from="887712506#2" to="-23913526#0"/>
    <trip id="bike178" type="bike_bicycle" depart="405.80" departLane="best" from="887612168#11" to="-38159999#1"/>
    <trip id="bike179" type="bike_bicycle" depart="408.08" departLane="best" from="-143308566#0" to="140964905#2"/>
    <trip id="bike180" type="bike_bicycle" depart="410.35" departLane="best" from="24733617#2" to="-53529411#0"/>
    <trip id="bike181" type="bike_bicycle" depart="412.63" departLane="best" from="143308523#4" to="143308542#6"/>
    <trip id="bike182" type="bike_bicycle" depart="414.91" departLane="best" departSpeed="max" from="-586124040" to="180789857#14"/>
    <trip id="bike183" type="bike_bicycle" depart="417.19" departLane="best" from="-314415495#21" to="32235088#6"/>
    <trip id="bike184" type="bike_bicycle" depart="419.47" departLane="best" departSpeed="max" from="-114024905" to="840101818"/>
    <trip id="bike185" type="bike_bicycle" depart="421.75" departLane="best" from="141968830#2" to="360099557"/>
    <trip id="bike186" type="bike_bicycle" depart="424.03" departLane="best" from="259433181#1" to="26843019#3"/>
    <trip id="bike187" type="bike_bicycle" depart="426.31" departLane="best" departSpeed="max" from="-581596943" to="-142575695#1"/>
    <trip id="bike188" type="bike_bicycle" depart="428.59" departLane="best" from="175357591" to="-579269913#1"/>
    <trip id="bike189" type="bike_bicycle" depart="430.87" departLane="best" from="-45875459#2" to="586124050"/>
    <trip id="bike190" type="bike_bicycle" depart="433.15" departLane="best" from="24152597#6" to="-47773406"/>
    <trip id="bike191" type="bike_bicycle" depart="435.43" departLane="best" departSpeed="max" from="-439105525#1" to="135777010#15"/>
    <trip id="bike192" type="bike_bicycle" depart="437.71" departLane="best" departSpeed="max" from="-586124072" to="-45875459#1"/>
    <trip id="bike194" type="bike_bicycle" depart="442.27" departLane="best" from="841345129#7" to="28888490#1"/>
    <trip id="bike195" type="bike_bicycle" depart="444.55" departLane="best" from="670062930#2" to="23919022#3"/>
    <trip id="bike196" type="bike_bicycle" depart="446.83" departLane="best" departSpeed="max" from="-397678489" to="149611526#0"/>
    <trip id="bike197" type="bike_bicycle" depart="449.11" departLane="best" departSpeed="max" from="-114024901" to="-40985813#0"/>
    <trip id="bike198" type="bike_bicycle" depart="451.39" departLane="best" from="-708544920#3" to="180800504#3"/>
    <trip id="bike199" type="bike_bicycle" depart="453.67" departLane="best" from="169076542" to="142575688#9"/>
    <trip id="bike200" type="bike_bicycle" depart="455.95" departLane="best" departSpeed="max" from="-721674203" to="-26444467#5"/>
    <trip id="bike201" type="bike_bicycle" depart="458.23" departLane="best" departSpeed="max" from="-843949732" to="72077947#1"/>
    <trip id="bike203" type="bike_bicycle" depart="462.79" departLane="best" from="-142575720#1" to="143308562#3"/>
    <trip id="bike204" type="bike_bicycle" depart="465.07" departLane="best" from="146738852#1" to="-59461375#1"/>
    <trip id="bike206" type="bike_bicycle" depart="469.63" departLane="best" from="180789857#8" to="-26991766#5"/>
    <trip id="bike207" type="bike_bicycle" depart="471.91" departLane="best" departSpeed="max" from="-24038661#1" to="-138624421#19"/>
    <trip id="bike208" type="bike_bicycle" depart="474.19" departLane="best" from="-31050360#2" to="142575699#2"/>
    <trip id="bike209" type="bike_bicycle" depart="476.47" departLane="best" from="46150483#1" to="-142575700#4"/>
    <trip id="bike210" type="bike_bicycle" depart="478.75" departLane="best" from="-629992782" to="24152597#1"/>
    <trip id="bike211" type="bike_bicycle" depart="481.03" departLane="best" from="-24038573#1" to="318210361#1"/>
    <trip id="bike212" type="bike_bicycle" depart="483.31" departLane="best" departSpeed="max" from="114207227" to="-318210380#1"/>
    <trip id="bike213" type="bike_bicycle" depart="485.59" departLane="best" from="169076559#1" to="-114952399#2"/>
    <trip id="bike214" type="bike_bicycle" depart="487.87" departLane="best" from="26444467#5" to="503159209"/>
    <trip id="bike215" type="bike_bicycle" depart="490.15" departLane="best" from="-143308560#2" to="138624445#13"/>
    <trip id="bike217" type="bike_bicycle" depart="494.71" departLane="best" from="138624421#25" to="-142575657#6"/>
    <trip id="bike218" type="bike_bicycle" depart="496.99" departLane="best" departSpeed="max" from="-312192827" to="586124051"/>
    <trip id="bike219" type="bike_bicycle" depart="499.27" departLane="best" departSpeed="max" from="-840101797" to="541676219"/>
    <trip id="bike220" type="bike_bicycle" depart="501.54" departLane="best" from="180239835" to="92914084#0"/>
    <trip id="bike221" type="bike_bicycle" depart="503.82" departLane="best" from="142575739#2" to="886496552#8"/>
    <trip id="bike222" type="bike_bicycle" depart="506.10" departLane="best" from="582467484#1" to="23788323"/>
    <trip id="bike223" type="bike_bicycle" depart="508.38" departLane="best" from="24152597#2" to="143308523#0"/>
    <trip id="bike224" type="bike_bicycle" depart="510.66" departLane="best" from="40191606#3" to="149611524#2"/>
    <trip id="bike225" type="bike_bicycle" depart="512.94" departLane="best" departSpeed="max" from="629595836" to="397678492#1"/>
    <trip id="bike226" type="bike_bicycle" depart="515.22" departLane="best" departSpeed="max" from="-845194204" to="-347935096#6"/>
    <trip id="bike227" type="bike_bicycle" depart="517.50" departLane="best" from="-312192780#0" to="24733697#2"/>
    <trip id="bike228" type="bike_bicycle" depart="519.78" departLane="best" from="28888490#2" to="143308626"/>
    <trip id="bike229" type="bike_bicycle" depart="522.06" departLane="best" departSpeed="max" from="143482766#0" to="-38569937#0"/>
    <trip id="bike230" type="bike_bicycle" depart="524.34" departLane="best" from="-142575701#4" to="-40636828#0"/>
    <trip id="bike232" type="bike_bicycle" depart="528.90" departLane="best" from="141968844#7" to="-166142951#1"/>
    <trip id="bike233" type="bike_bicycle" depart="531.18" departLane="best" from="-26816590#0" to="314415495#8"/>
    <trip id="bike234" type="bike_bicycle" depart="533.46" departLane="best" from="23925119#1" to="-142575688#9"/>
    <trip id="bike235" type="bike_bicycle" depart="535.74" departLane="best" departSpeed="max" from="-586124082" to="147859765#8"/>
    <trip id="bike236" type="bike_bicycle" depart="538.02" departLane="best" from="-670062930#1" to="-257005614#7"/>
    <trip id="bike237" type="bike_bicycle" depart="540.30" departLane="best" from="-683972873#0" to="72230304#1"/>
    <trip id="bike238" type="bike_bicycle" depart="542.58" departLane="best" departSpeed="max" from="142575706" to="318210353"/>
    <trip id="bike239" type="bike_bicycle" depart="544.86" departLane="best" departSpeed="max" from="52081093#0" to="461514282#0"/>
    <trip id="bike240" type="bike_bicycle" depart="547.14" departLane="best" departSpeed="max" from="-586124025" to="-115092088#3"/>
    <trip id="bike241" type="bike_bicycle" depart="549.42" departLane="best" from="-579026240#2" to="414563788#0"/>
    <trip id="bike242" type="bike_bicycle" depart="551.70" departLane="best" from="48858193#1" to="887559886#1"/>
    <trip id="bike243" type="bike_bicycle" depart="553.98" departLane="best" from="-679901152#1" to="403442279#1"/>
    <trip id="bike245" type="bike_bicycle" depart="558.54" departLane="best" departSpeed="max" from="-257131031" to="-26816737#3"/>
    <trip id="bike246" type="bike_bicycle" depart="560.82" departLane="best" from="-71960633#1" to="-138624438#1"/>
    <trip id="bike247" type="bike_bicycle" depart="563.10" departLane="best" from="-53529476#0" to="302943909#1"/>
    <trip id="bike249" type="bike_bicycle" depart="567.66" departLane="best" departSpeed="max" from="-841976398#1" to="-149611534#1"/>
    <trip id="bike250" type="bike_bicycle" depart="569.94" departLane="best" from="143308673#1" to="-138624421#34"/>
    <trip id="bike251" type="bike_bicycle" depart="572.22" departLane="best" departSpeed="max" from="-586124057" to="172014854#0"/>
    <trip id="bike252" type="bike_bicycle" depart="574.50" departLane="best" from="-138624421#13" to="24931845#3"/>
    <trip id="bike253" type="bike_bicycle" depart="576.78" departLane="best" from="-149611514#3" to="142575686#5"/>
    <trip id="bike254" type="bike_bicycle" depart="579.06" departLane="best" from="-142575656#12" to="-886496546#2"/>
    <trip id="bike255" type="bike_bicycle" depart="581.34" departLane="best" from="-24733697#0" to="-543074343#1"/>
    <trip id="bike256" type="bike_bicycle" depart="583.62" departLane="best" from="26991766#14" to="-886496546#2"/>
    <trip id="bike257" type="bike_bicycle" depart="585.90" departLane="best" from="26444467#9" to="583563978#1"/>
    <trip id="bike258" type="bike_bicycle" depart="588.18" departLane="best" from="-314415495#10" to="-142575712"/>
    <trip id="bike259" type="bike_bicycle" depart="590.45" departLane="best" from="-135777010#19" to="146511461#9"/>
    <trip id="bike260" type="bike_bicycle" depart="592.73" departLane="best" from="977639652" to="-70255226#0"/>
    <trip id="bike261" type="bike_bicycle" depart="595.01" departLane="best" from="153021549#3" to="52460499#9"/>
    <trip id="bike262" type="bike_bicycle" depart="597.29" departLane="best" from="156071615#3" to="432929065"/>
    <trip id="bike263" type="bike_bicycle" depart="599.57" departLane="best" from="886496552#11" to="-24733611#0"/>
    <trip id="bike264" type="bike_bicycle" depart="601.85" departLane="best" departSpeed="max" from="-135777010#21" to="-180800504#2"/>
    <trip id="bike266" type="bike_bicycle" depart="606.41" departLane="best" from="142575688#2" to="-26816590#1"/>
    <trip id="bike268" type="bike_bicycle" depart="610.97" departLane="best" from="-187123053#2" to="218797686#0"/>
    <trip id="bike269" type="bike_bicycle" depart="613.25" departLane="best" from="259466417#3" to="-144909690"/>
    <trip id="bike270" type="bike_bicycle" depart="615.53" departLane="best" from="38569946#4" to="887612169#3"/>
    <trip id="bike271" type="bike_bicycle" depart="617.81" departLane="best" from="-143308562#6" to="-138624421#27"/>
    <trip id="bike272" type="bike_bicycle" depart="620.09" departLane="best" departSpeed="max" from="-443454551" to="28888490#1"/>
    <trip id="bike273" type="bike_bicycle" depart="622.37" departLane="best" from="887604839#11" to="115092088#9"/>
    <trip id="bike274" type="bike_bicycle" depart="624.65" departLane="best" from="24152572#2" to="-142575704#15"/>
    <trip id="bike276" type="bike_bicycle" depart="629.21" departLane="best" from="-143308521#3" to="52036541#1"/>
    <trip id="bike278" type="bike_bicycle" depart="633.77" departLane="best" departSpeed="max" from="-143482759" to="913505172"/>
    <trip id="bike279" type="bike_bicycle" depart="636.05" departLane="best" from="318210373#0" to="-70133621#2"/>
    <trip id="bike280" type="bike_bicycle" depart="638.33" departLane="best" departSpeed="max" from="-708544918" to="-841345129#1"/>
    <trip id="bike281" type="bike_bicycle" depart="640.61" departLane="best" from="133858189" to="-679894150"/>
    <trip id="bike282" type="bike_bicycle" depart="642.89" departLane="best" from="46150483#1" to="581596944"/>
    <trip id="bike283" type="bike_bicycle" depart="645.17" departLane="best" from="-143308527#1" to="887612168#10"/>
    <trip id="bike284" type="bike_bicycle" depart="647.45" departLane="best" from="147859765#8" to="581938381"/>
    <trip id="bike285" type="bike_bicycle" depart="649.73" departLane="best" from="23925122#2" to="141873658#0"/>
    <trip id="bike286" type="bike_bicycle" depart="652.01" departLane="best" from="24931845#2" to="887637458#0"/>
    <trip id="bike287" type="bike_bicycle" depart="654.29" departLane="best" departSpeed="max" from="-328288208" to="579026240#2"/>
    <trip id="bike288" type="bike_bicycle" depart="656.57" departLane="best" from="141968830#1" to="142575704#7"/>
    <trip id="bike289" type="bike_bicycle" depart="658.85" departLane="best" from="-71960633#0" to="38568632#1"/>
    <trip id="bike290" type="bike_bicycle" depart="661.13" departLane="best" from="-32235088#5" to="586124057"/>
    <trip id="bike291" type="bike_bicycle" depart="663.41" departLane="best" from="40191607#2" to="-142575734#0"/>
    <trip id="bike292" type="bike_bicycle" depart="665.69" departLane="best" from="54039583#21" to="-318210380#1"/>
    <trip id="bike293" type="bike_bicycle" depart="667.97" departLane="best" departSpeed="max" from="-841976393" to="230103821"/>
    <trip id="bike294" type="bike_bicycle" depart="670.25" departLane="best" departSpeed="max" from="-586124018" to="-138624434#0"/>
    <trip id="bike295" type="bike_bicycle" depart="672.53" departLane="best" from="47765615#1" to="-239335493"/>
    <trip id="bike296" type="bike_bicycle" depart="674.81" departLane="best" from="-24733697#1" to="54039583#18"/>
    <trip id="bike297" type="bike_bicycle" depart="677.09" departLane="best" from="-54039583#1" to="679901152#0"/>
    <trip id="bike298" type="bike_bicycle" depart="679.37" departLane="best" from="224769559" to="-38574189#1"/>
    <trip id="bike299" type="bike_bicycle" depart="681.64" departLane="best" from="-122666828#0" to="886496552#11"/>
    <trip id="bike300" type="bike_bicycle" depart="683.92" departLane="best" departSpeed="max" from="-142575721#1" to="360099564#0"/>
    <trip id="bike301" type="bike_bicycle" depart="686.20" departLane="best" departSpeed="max" from="-970888470" to="443454549#3"/>
    <trip id="bike303" type="bike_bicycle" depart="690.76" departLane="best" departSpeed="max" from="-976735033#1" to="53529557#1"/>
    <trip id="bike304" type="bike_bicycle" depart="693.04" departLane="best" from="-142575741#0" to="-26843019#2"/>
    <trip id="bike306" type="bike_bicycle" depart="697.60" departLane="best" from="142575704#19" to="142575694#3"/>
    <trip id="bike307" type="bike_bicycle" depart="699.88" departLane="best" from="138624469#7" to="138624445#15"/>
    <trip id="bike308" type="bike_bicycle" depart="702.16" departLane="best" departSpeed="max" from="25944450#0" to="-581636334#0"/>
    <trip id="bike309" type="bike_bicycle" depart="704.44" departLane="best" from="230625607#2" to="-38568630#4"/>
    <trip id="bike310" type="bike_bicycle" depart="706.72" departLane="best" from="-31344738#2" to="-147859765#0"/>
    <trip id="bike311" type="bike_bicycle" depart="709.00" departLane="best" departSpeed="max" from="-23925122#2" to="-146738852#2"/>
    <trip id="bike312" type="bike_bicycle" depart="711.28" departLane="best" departSpeed="max" from="141968799" to="46039050#7"/>
    <trip id="bike313" type="bike_bicycle" depart="713.56" departLane="best" from="-221111489" to="-26815978#1"/>
    <trip id="bike314" type="bike_bicycle" depart="715.84" departLane="best" departSpeed="max" from="-913505172" to="38159999#4"/>
    <trip id="bike315" type="bike_bicycle" depart="718.12" departLane="best" from="887910341#21" to="143308673#0"/>
    <trip id="bike316" type="bike_bicycle" depart="720.40" departLane="best" from="-38159999#6" to="-143308523#5"/>
    <trip id="bike317" type="bike_bicycle" depart="722.68" departLane="best" from="-24038573#0" to="-290288344"/>
    <trip id="bike319" type="bike_bicycle" depart="727.24" departLane="best" departSpeed="max" from="140964915" to="-38568650"/>
    <trip id="bike320" type="bike_bicycle" depart="729.52" departLane="best" from="887910341#1" to="152447118#4"/>
    <trip id="bike322" type="bike_bicycle" depart="734.08" departLane="best" from="53529255#1" to="142575734#1"/>
    <trip id="bike323" type="bike_bicycle" depart="736.36" departLane="best" from="53529457#0" to="180239877#0"/>
    <trip id="bike324" type="bike_bicycle" depart="738.64" departLane="best" from="-843190005#3" to="141968844#8"/>
    <trip id="bike326" type="bike_bicycle" depart="743.20" departLane="best" from="841345135#1" to="142575701#0"/>
    <trip id="bike327" type="bike_bicycle" depart="745.48" departLane="best" from="38574189#3" to="122666828#1"/>
    <trip id="bike328" type="bike_bicycle" depart="747.76" departLane="best" from="-142575699#2" to="24152597#0"/>
    <trip id="bike329" type="bike_bicycle" depart="750.04" departLane="best" from="-142575657#4" to="-178028204#0"/>
    <trip id="bike330" type="bike_bicycle" depart="752.32" departLane="best" from="142575687#2" to="-52081093#0"/>
    <trip id="bike331" type="bike_bicycle" depart="754.60" departLane="best" from="976390655#0" to="-146511461#8"/>
    <trip id="bike333" type="bike_bicycle" depart="759.16" departLane="best" from="320741896" to="-283317448"/>
    <trip id="bike334" type="bike_bicycle" depart="761.44" departLane="best" from="138624438#4" to="142575659#2"/>
    <trip id="bike335" type="bike_bicycle" depart="763.72" departLane="best" departSpeed="max" from="-722869703#1" to="586124073"/>
    <trip id="bike336" type="bike_bicycle" depart="766.00" departLane="best" from="92914055#4" to="-52460499#11"/>
    <trip id="bike337" type="bike_bicycle" depart="768.28" departLane="best" from="143308629#1" to="225232900"/>
    <trip id="bike338" type="bike_bicycle" depart="770.56" departLane="best" from="257131025" to="886496552#10"/>
    <trip id="bike339" type="bike_bicycle" depart="772.83" departLane="best" from="-24152664#1" to="-25951597#0"/>
    <trip id="bike340" type="bike_bicycle" depart="775.11" departLane="best" departSpeed="max" from="175355420#0" to="-187123053#0"/>
    <trip id="bike341" type="bike_bicycle" depart="777.39" departLane="best" from="-206579060#1" to="-142575704#12"/>
    <trip id="bike342" type="bike_bicycle" depart="779.67" departLane="best" from="-114207232#0" to="142575659#1"/>
    <trip id="bike343" type="bike_bicycle" depart="781.95" departLane="best" from="142575737#2" to="-43660343#1"/>
    <trip id="bike344" type="bike_bicycle" depart="784.23" departLane="best" from="-26816590#0" to="32235088#10"/>
    <trip id="bike345" type="bike_bicycle" depart="786.51" departLane="best" from="230625607#2" to="142575672#3"/>
    <trip id="bike346" type="bike_bicycle" depart="788.79" departLane="best" from="206579062#0" to="840101802"/>
    <trip id="bike347" type="bike_bicycle" depart="791.07" departLane="best" from="320153865" to="24152572#1"/>
    <trip id="bike348" type="bike_bicycle" depart="793.35" departLane="best" departSpeed="max" from="175355421" to="841976398#1"/>
    <trip id="bike349" type="bike_bicycle" depart="795.63" departLane="best" from="-70214888#2" to="149611514#0"/>
    <trip id="bike351" type="bike_bicycle" depart="800.19" departLane="best" from="38915290#2" to="-142575699#4"/>
    <trip id="bike352" type="bike_bicycle" depart="802.47" departLane="best" from="-187122892#3" to="-526210068#0"/>
    <trip id="bike353" type="bike_bicycle" depart="804.75" departLane="best" from="26004868#1" to="175357041#1"/>
    <trip id="bike354" type="bike_bicycle" depart="807.03" departLane="best" from="-38568632#0" to="-149611514#2"/>
    <trip id="bike355" type="bike_bicycle" depart="809.31" departLane="best" from="206579064#1" to="318210378#1"/>
    <trip id="bike356" type="bike_bicycle" depart="811.59" departLane="best" from="843190005#3" to="143308497#1"/>
    <trip id="bike357" type="bike_bicycle" depart="813.87" departLane="best" from="114024903#2" to="-142575708#5"/>
    <trip id="bike358" type="bike_bicycle" depart="816.15" departLane="best" departSpeed="max" from="-138624452#3" to="138624469#7"/>
    <trip id="bike359" type="bike_bicycle" depart="818.43" departLane="best" from="-520414187#0" to="-32235088#2"/>
    <trip id="bike360" type="bike_bicycle" depart="820.71" departLane="best" from="-142575737#1" to="887612168#14"/>
    <trip id="bike361" type="bike_bicycle" depart="822.99" departLane="best" from="411478098" to="180789857#1"/>
    <trip id="bike362" type="bike_bicycle" depart="825.27" departLane="best" from="886496552#3" to="977639651#1"/>
    <trip id="bike363" type="bike_bicycle" depart="827.55" departLane="best" from="180789857#5" to="-38568627#1"/>
    <trip id="bike365" type="bike_bicycle" depart="832.11" departLane="best" departSpeed="max" from="-843832585#1" to="25771472"/>
    <trip id="bike366" type="bike_bicycle" depart="834.39" departLane="best" from="708544920#0" to="-23925124#2"/>
    <trip id="bike367" type="bike_bicycle" depart="836.67" departLane="best" from="142575709#1" to="246099078#1"/>
    <trip id="bike368" type="bike_bicycle" depart="838.95" departLane="best" departSpeed="max" from="-976918145#1" to="-142575742#1"/>
    <trip id="bike369" type="bike_bicycle" depart="841.23" departLane="best" from="-543699380#1" to="-586124064#2"/>
    <trip id="bike370" type="bike_bicycle" depart="843.51" departLane="best" from="180789857#13" to="586124068"/>
    <trip id="bike371" type="bike_bicycle" depart="845.79" departLane="best" from="-53529200#2" to="314415495#7"/>
    <trip id="bike372" type="bike_bicycle" depart="848.07" departLane="best" from="-38568630#4" to="875752724#1"/>
    <trip id="bike373" type="bike_bicycle" depart="850.35" departLane="best" from="38568626" to="149670374#2"/>
    <trip id="bike374" type="bike_bicycle" depart="852.63" departLane="best" from="-822215320#0" to="-53529416#1"/>
    <trip id="bike375" type="bike_bicycle" depart="854.91" departLane="best" from="-52081075#3" to="887860359#1"/>
    <trip id="bike376" type="bike_bicycle" depart="857.19" departLane="best" departSpeed="max" from="-586124075" to="143308560#2"/>
    <trip id="bike378" type="bike_bicycle" depart="861.75" departLane="best" from="142575655#12" to="137483015#5"/>
    <trip id="bike380" type="bike_bicycle" depart="866.30" departLane="best" from="26816737#1" to="24152572#3"/>
    <trip id="bike381" type="bike_bicycle" depart="868.58" departLane="best" from="26991690" to="-24791993#2"/>
    <trip id="bike382" type="bike_bicycle" depart="870.86" departLane="best" from="142575658#1" to="841219712"/>
    <trip id="bike383" type="bike_bicycle" depart="873.14" departLane="best" from="-72077944" to="318210373#2"/>
    <trip id="bike384" type="bike_bicycle" depart="875.42" departLane="best" departSpeed="max" from="-143482761" to="887910341#13"/>
    <trip id="bike385" type="bike_bicycle" depart="877.70" departLane="best" from="143308527#5" to="-314415495#7"/>
    <trip id="bike386" type="bike_bicycle" depart="879.98" departLane="best" from="-175357597#2" to="149670379#1"/>
    <trip id="bike387" type="bike_bicycle" depart="882.26" departLane="best" from="142575661#5" to="-142598710#1"/>
    <trip id="bike388" type="bike_bicycle" depart="884.54" departLane="best" from="976351540#0" to="802021414#3"/>
    <trip id="bike389" type="bike_bicycle" depart="886.82" departLane="best" from="-841345129#0" to="-146511461#4"/>
    <trip id="bike390" type="bike_bicycle" depart="889.10" departLane="best" from="403442279#2" to="142598710#2"/>
    <trip id="bike391" type="bike_bicycle" depart="891.38" departLane="best" from="24152593#1" to="143308532#4"/>
    <trip id="bike392" type="bike_bicycle" depart="893.66" departLane="best" from="-334308447#8" to="586124013"/>
    <trip id="bike393" type="bike_bicycle" depart="895.94" departLane="best" from="887919960#4" to="-318210378#1"/>
    <trip id="bike394" type="bike_bicycle" depart="898.22" departLane="best" from="142575661#1" to="-917750390#0"/>
    <trip id="bike395" type="bike_bicycle" depart="900.50" departLane="best" from="71960633#2" to="143308527#4"/>
    <trip id="bike396" type="bike_bicycle" depart="902.78" departLane="best" from="54039583#13" to="586124080"/>
    <trip id="bike397" type="bike_bicycle" depart="905.06" departLane="best" from="-354084465" to="53529416#2"/>
    <trip id="bike398" type="bike_bicycle" depart="907.34" departLane="best" departSpeed="max" from="-630078114" to="841976402#0"/>
    <trip id="bike399" type="bike_bicycle" depart="909.62" departLane="best" from="135777010#1" to="581569019"/>
    <trip id="bike400" type="bike_bicycle" depart="911.90" departLane="best" from="-38159999#6" to="-46150482#0"/>
    <trip id="bike401" type="bike_bicycle" depart="914.18" departLane="best" from="142575720#2" to="976918148#5"/>
    <trip id="bike402" type="bike_bicycle" depart="916.46" departLane="best" departSpeed="max" from="-975447647" to="-175357597#1"/>
    <trip id="bike403" type="bike_bicycle" depart="918.74" departLane="best" from="141968844#1" to="-686430666"/>
    <trip id="bike404" type="bike_bicycle" depart="921.02" departLane="best" from="142575661#4" to="149611511#1"/>
    <trip id="bike405" type="bike_bicycle" depart="923.30" departLane="best" departSpeed="max" from="-822215320#1" to="-54039583#14"/>
    <trip id="bike406" type="bike_bicycle" depart="925.58" departLane="best" from="-23913524#0" to="318210371#2"/>
    <trip id="bike407" type="bike_bicycle" depart="927.86" departLane="best" from="142575693#4" to="-31344738#0"/>
    <trip id="bike408" type="bike_bicycle" depart="930.14" departLane="best" from="314415495#15" to="-142575655#10"/>
    <trip id="bike409" type="bike_bicycle" depart="932.42" departLane="best" from="259433182#5" to="320741894#1"/>
    <trip id="bike411" type="bike_bicycle" depart="936.98" departLane="best" departSpeed="max" from="175357042" to="581569019"/>
    <trip id="bike412" type="bike_bicycle" depart="939.26" departLane="best" from="887919962#0" to="142575741#2"/>
    <trip id="bike413" type="bike_bicycle" depart="941.54" departLane="best" from="-138624445#18" to="143308515"/>
    <trip id="bike414" type="bike_bicycle" depart="943.82" departLane="best" from="142575726#2" to="617755663"/>
    <trip id="bike415" type="bike_bicycle" depart="946.10" departLane="best" from="53529509#2" to="141968844#7"/>
    <trip id="bike416" type="bike_bicycle" depart="948.38" departLane="best" from="138624445#18" to="142575679#1"/>
    <trip id="bike417" type="bike_bicycle" depart="950.66" departLane="best" departSpeed="max" from="24152614" to="135777010#21"/>
    <trip id="bike418" type="bike_bicycle" depart="952.94" departLane="best" from="169076542" to="-187122892#11"/>
    <trip id="bike419" type="bike_bicycle" depart="955.21" departLane="best" from="-843190005#4" to="887712506#4"/>
    <trip id="bike420" type="bike_bicycle" depart="957.49" departLane="best" from="-53529600#2" to="314415495#4"/>
    <trip id="bike421" type="bike_bicycle" depart="959.77" departLane="best" from="153021549#2" to="586124057"/>
    <trip id="bike422" type="bike_bicycle" depart="962.05" departLane="best" from="47773406" to="586124071"/>
    <trip id="bike423" type="bike_bicycle" depart="964.33" departLane="best" departSpeed="max" from="-586124023" to="-53529557#0"/>
    <trip id="bike424" type="bike_bicycle" depart="966.61" departLane="best" from="24152597#0" to="45642424"/>
    <trip id="bike425" type="bike_bicycle" depart="968.89" departLane="best" from="53529431#0" to="-138624452#2"/>
    <trip id="bike426" type="bike_bicycle" depart="971.17" departLane="best" from="-142575690#1" to="24152603#2"/>
    <trip id="bike427" type="bike_bicycle" depart="973.45" departLane="best" departSpeed="max" from="71595991" to="976918147#0"/>
    <trip id="bike428" type="bike_bicycle" depart="975.73" departLane="best" from="25944536#0" to="138624477#6"/>
    <trip id="bike429" type="bike_bicycle" depart="978.01" departLane="best" from="-143308493#4" to="245105008#0"/>
    <trip id="bike430" type="bike_bicycle" depart="980.29" departLane="best" from="53529431#1" to="142575655#6"/>
    <trip id="bike432" type="bike_bicycle" depart="984.85" departLane="best" from="-141968830#2" to="54039583#10"/>
    <trip id="bike433" type="bike_bicycle" depart="987.13" departLane="best" from="-38574183#0" to="-843832588#0"/>
    <trip id="bike434" type="bike_bicycle" depart="989.41" departLane="best" from="-152839426" to="143482761"/>
    <trip id="bike435" type="bike_bicycle" depart="991.69" departLane="best" from="142575689#2" to="53529557#0"/>
    <trip id="bike436" type="bike_bicycle" depart="993.97" departLane="best" from="-190083623#0" to="-142575704#5"/>
    <trip id="bike437" type="bike_bicycle" depart="996.25" departLane="best" from="53529411#0" to="24038584#1"/>
    <trip id="bike438" type="bike_bicycle" depart="998.53" departLane="best" from="-28888490#1" to="802021414#3"/>
    <trip id="bike439" type="bike_bicycle" depart="1000.81" departLane="best" from="-152447118#3" to="142575686#3"/>
    <trip id="bike440" type="bike_bicycle" depart="1003.09" departLane="best" from="-314415495#16" to="-334308447#6"/>
    <trip id="bike441" type="bike_bicycle" depart="1005.37" departLane="best" departSpeed="max" from="-116344154#1" to="558305348#1"/>
    <trip id="bike442" type="bike_bicycle" depart="1007.65" departLane="best" from="670062912#0" to="28888490#2"/>
    <trip id="bike443" type="bike_bicycle" depart="1009.93" departLane="best" from="-175357597#1" to="141968913#1"/>
    <trip id="bike444" type="bike_bicycle" depart="1012.21" departLane="best" from="-54039583#9" to="190083622"/>
    <trip id="bike445" type="bike_bicycle" depart="1014.49" departLane="best" from="149611514#5" to="138624445#10"/>
    <trip id="bike446" type="bike_bicycle" depart="1016.77" departLane="best" departSpeed="max" from="-312192836" to="586124045"/>
    <trip id="bike448" type="bike_bicycle" depart="1021.33" departLane="best" departSpeed="max" from="-909538552" to="-314415495#19"/>
    <trip id="bike449" type="bike_bicycle" depart="1023.61" departLane="best" from="142575693#4" to="180239890"/>
    <trip id="bike450" type="bike_bicycle" depart="1025.89" departLane="best" from="976390654#0" to="-458325551#0"/>
    <trip id="bike451" type="bike_bicycle" depart="1028.17" departLane="best" from="887910341#3" to="25951595"/>
    <trip id="bike453" type="bike_bicycle" depart="1032.73" departLane="best" from="20553068#1" to="40089662#6"/>
    <trip id="bike455" type="bike_bicycle" depart="1037.29" departLane="best" from="114692703#2" to="721674202"/>
    <trip id="bike456" type="bike_bicycle" depart="1039.57" departLane="best" departSpeed="max" from="-38568627#2" to="54039583#21"/>
    <trip id="bike457" type="bike_bicycle" depart="1041.85" departLane="best" from="143308523#7" to="-708544920#5"/>
    <trip id="bike458" type="bike_bicycle" depart="1044.13" departLane="best" from="149611511#1" to="24038584#7"/>
    <trip id="bike459" type="bike_bicycle" depart="1046.40" departLane="best" from="187122892#6" to="360099571#1"/>
    <trip id="bike461" type="bike_bicycle" depart="1050.96" departLane="best" departSpeed="max" from="144909690" to="721625616"/>
    <trip id="bike462" type="bike_bicycle" depart="1053.24" departLane="best" from="152447118#4" to="-53529200#0"/>
    <trip id="bike463" type="bike_bicycle" depart="1055.52" departLane="best" departSpeed="max" from="-721625619" to="180800504#2"/>
    <trip id="bike464" type="bike_bicycle" depart="1057.80" departLane="best" from="24791997#0" to="-142575741#0"/>
    <trip id="bike465" type="bike_bicycle" depart="1060.08" departLane="best" from="-38574189#13" to="403442279#1"/>
    <trip id="bike467" type="bike_bicycle" depart="1064.64" departLane="best" from="141968844#4" to="887862705#3"/>
    <trip id="bike468" type="bike_bicycle" depart="1066.92" departLane="best" from="138624469#7" to="802021414#6"/>
    <trip id="bike469" type="bike_bicycle" depart="1069.20" departLane="best" from="40191606#3" to="-33691719#0"/>
    <trip id="bike470" type="bike_bicycle" depart="1071.48" departLane="best" from="38574192" to="142575704#21"/>
    <trip id="bike471" type="bike_bicycle" depart="1073.76" departLane="best" departSpeed="max" from="361138488" to="40191607#4"/>
    <trip id="bike473" type="bike_bicycle" depart="1078.32" departLane="best" from="887612168#12" to="-172013798#4"/>
    <trip id="bike474" type="bike_bicycle" depart="1080.60" departLane="best" from="887612169#3" to="586124073"/>
    <trip id="bike475" type="bike_bicycle" depart="1082.88" departLane="best" from="24152664#0" to="887919962#2"/>
    <trip id="bike476" type="bike_bicycle" depart="1085.16" departLane="best" departSpeed="max" from="887712505#0" to="558305348#1"/>
    <trip id="bike477" type="bike_bicycle" depart="1087.44" departLane="best" departSpeed="max" from="-581596946" to="53529457#0"/>
    <trip id="bike479" type="bike_bicycle" depart="1092.00" departLane="best" from="-822215319" to="26991766#1"/>
    <trip id="bike480" type="bike_bicycle" depart="1094.28" departLane="best" from="180789857#5" to="187122892#5"/>
    <trip id="bike481" type="bike_bicycle" depart="1096.56" departLane="best" from="38574189#4" to="845194200"/>
    <trip id="bike482" type="bike_bicycle" depart="1098.84" departLane="best" from="-143308566#0" to="-31344738#1"/>
    <trip id="bike483" type="bike_bicycle" depart="1101.12" departLane="best" from="-137534616#2" to="689735906#0"/>
    <trip id="bike484" type="bike_bicycle" depart="1103.40" departLane="best" from="142575686#2" to="81096582#3"/>
    <trip id="bike485" type="bike_bicycle" depart="1105.68" departLane="best" departSpeed="max" from="-25771472" to="-142575688#5"/>
    <trip id="bike486" type="bike_bicycle" depart="1107.96" departLane="best" from="38574190#0" to="776919032"/>
    <trip id="bike487" type="bike_bicycle" depart="1110.24" departLane="best" from="-40089662#5" to="135777010#15"/>
    <trip id="bike488" type="bike_bicycle" depart="1112.52" departLane="best" from="-149663200#0" to="883118225"/>
    <trip id="bike489" type="bike_bicycle" depart="1114.80" departLane="best" from="-40985813#1" to="142575737#2"/>
    <trip id="bike490" type="bike_bicycle" depart="1117.08" departLane="best" departSpeed="max" from="-142598713" to="70214888#1"/>
    <trip id="bike491" type="bike_bicycle" depart="1119.36" departLane="best" from="-149611514#3" to="142575667#0"/>
    <trip id="bike492" type="bike_bicycle" depart="1121.64" departLane="best" from="180789857#14" to="397678489"/>
    <trip id="bike493" type="bike_bicycle" depart="1123.92" departLane="best" from="872238236#1" to="138624421#31"/>
    <trip id="bike494" type="bike_bicycle" depart="1126.20" departLane="best" from="259433181#2" to="-187122892#11"/>
    <trip id="bike495" type="bike_bicycle" depart="1128.48" departLane="best" departSpeed="max" from="-630078114" to="-143308523#0"/>
    <trip id="bike496" type="bike_bicycle" depart="1130.76" departLane="best" departSpeed="max" from="-971539832" to="135777010#14"/>
    <trip id="bike497" type="bike_bicycle" depart="1133.04" departLane="best" from="886496552#7" to="-138624445#15"/>
    <trip id="bike498" type="bike_bicycle" depart="1135.32" departLane="best" from="-581636339" to="142575655#5"/>
    <trip id="bike499" type="bike_bicycle" depart="1137.59" departLane="best" from="886496552#2" to="586124064#1"/>
    <trip id="bike500" type="bike_bicycle" depart="1139.87" departLane="best" departSpeed="max" from="-143308497#2" to="312192827"/>
    <trip id="bike501" type="bike_bicycle" depart="1142.15" departLane="best" from="142575656#1" to="887919959#2"/>
    <trip id="bike502" type="bike_bicycle" depart="1144.43" departLane="best" departSpeed="max" from="-579358799" to="116343628#2"/>
    <trip id="bike503" type="bike_bicycle" depart="1146.71" departLane="best" departSpeed="max" from="-23913524#4" to="-147859765#8"/>
    <trip id="bike504" type="bike_bicycle" depart="1148.99" departLane="best" from="461093303#0" to="142575673#0"/>
    <trip id="bike505" type="bike_bicycle" depart="1151.27" departLane="best" from="175357040#1" to="24792006#1"/>
    <trip id="bike506" type="bike_bicycle" depart="1153.55" departLane="best" from="142575742#2" to="-137534616#2"/>
    <trip id="bike507" type="bike_bicycle" depart="1155.83" departLane="best" from="319580807" to="-318210378#1"/>
    <trip id="bike509" type="bike_bicycle" depart="1160.39" departLane="best" from="-142575690#2" to="46150483#0"/>
    <trip id="bike510" type="bike_bicycle" depart="1162.67" departLane="best" from="-24152660#2" to="-26444469#1"/>
    <trip id="bike511" type="bike_bicycle" depart="1164.95" departLane="best" from="53529255#5" to="-578659362"/>
    <trip id="bike512" type="bike_bicycle" depart="1167.23" departLane="best" from="-158228538#0" to="72077903#1"/>
    <trip id="bike513" type="bike_bicycle" depart="1169.51" departLane="best" from="-114207232#0" to="586124069"/>
    <trip id="bike514" type="bike_bicycle" depart="1171.79" departLane="best" departSpeed="max" from="-152709073" to="-149670379#0"/>
    <trip id="bike516" type="bike_bicycle" depart="1176.35" departLane="best" from="175355420#1" to="-138624421#27"/>
    <trip id="bike517" type="bike_bicycle" depart="1178.63" departLane="best" from="-133858466" to="53529416#2"/>
    <trip id="bike518" type="bike_bicycle" depart="1180.91" departLane="best" from="-26991766#15" to="-54039583#21"/>
    <trip id="bike519" type="bike_bicycle" depart="1183.19" departLane="best" from="-206579062#0" to="-142575659#3"/>
    <trip id="bike520" type="bike_bicycle" depart="1185.47" departLane="best" from="259433181#0" to="143308685#1"/>
    <trip id="bike521" type="bike_bicycle" depart="1187.75" departLane="best" from="259433184#0" to="142575700#1"/>
    <trip id="bike522" type="bike_bicycle" depart="1190.03" departLane="best" from="314415495#5" to="143308549#1"/>
    <trip id="bike523" type="bike_bicycle" depart="1192.31" departLane="best" from="-143308570" to="143308521#3"/>
    <trip id="bike524" type="bike_bicycle" depart="1194.59" departLane="best" from="872238234" to="-141968853#2"/>
    <trip id="bike525" type="bike_bicycle" depart="1196.87" departLane="best" from="318210373#2" to="59461375#1"/>
    <trip id="bike526" type="bike_bicycle" depart="1199.15" departLane="best" from="138624438#0" to="142575679#6"/>
    <trip id="bike527" type="bike_bicycle" depart="1201.43" departLane="best" from="887612168#3" to="-142575684#4"/>
    <trip id="bike528" type="bike_bicycle" depart="1203.71" departLane="best" from="-875752724#2" to="122868966"/>
    <trip id="bike529" type="bike_bicycle" depart="1205.99" departLane="best" from="20553068#3" to="142575731#2"/>
    <trip id="bike530" type="bike_bicycle" depart="1208.27" departLane="best" departSpeed="max" from="70130339#0" to="-142575701#0"/>
    <trip id="bike531" type="bike_bicycle" depart="1210.55" departLane="best" from="-142575704#21" to="222737701#0"/>
    <trip id="bike532" type="bike_bicycle" depart="1212.83" departLane="best" from="-142575688#2" to="-38569946#2"/>
    <trip id="bike533" type="bike_bicycle" depart="1215.11" departLane="best" from="146738852#1" to="149611526#1"/>
    <trip id="bike534" type="bike_bicycle" depart="1217.39" departLane="best" from="-52460499#11" to="976390656#6"/>
    <trip id="bike535" type="bike_bicycle" depart="1219.67" departLane="best" from="138624469#5" to="142575672#0"/>
    <trip id="bike536" type="bike_bicycle" depart="1221.95" departLane="best" from="143308523#1" to="-143308523#0"/>
    <trip id="bike537" type="bike_bicycle" depart="1224.23" departLane="best" from="22917896#0" to="586124059"/>
    <trip id="bike538" type="bike_bicycle" depart="1226.50" departLane="best" from="153021553" to="48858192#1"/>
    <trip id="bike539" type="bike_bicycle" depart="1228.78" departLane="best" from="24152603#2" to="-26444468#1"/>
    <trip id="bike540" type="bike_bicycle" depart="1231.06" departLane="best" from="-81639678#0" to="-302943908#2"/>
    <trip id="bike541" type="bike_bicycle" depart="1233.34" departLane="best" from="-53529919#2" to="142575667#0"/>
    <trip id="bike542" type="bike_bicycle" depart="1235.62" departLane="best" from="-670062930#1" to="-143308493#3"/>
    <trip id="bike543" type="bike_bicycle" depart="1237.90" departLane="best" from="-70255226#0" to="26816162#0"/>
    <trip id="bike544" type="bike_bicycle" depart="1240.18" departLane="best" departSpeed="max" from="-583475562" to="-180800504#3"/>
    <trip id="bike545" type="bike_bicycle" depart="1242.46" departLane="best" from="72077903#1" to="-142575691#1"/>
    <trip id="bike546" type="bike_bicycle" depart="1244.74" departLane="best" from="403442279#1" to="-142598710#1"/>
    <trip id="bike547" type="bike_bicycle" depart="1247.02" departLane="best" from="-142598710#2" to="38574189#7"/>
    <trip id="bike548" type="bike_bicycle" depart="1249.30" departLane="best" from="38160000" to="153021549#0"/>
    <trip id="bike549" type="bike_bicycle" depart="1251.58" departLane="best" from="142575720#0" to="169076556#0"/>
    <trip id="bike550" type="bike_bicycle" depart="1253.86" departLane="best" from="-53529200#2" to="-147859765#8"/>
    <trip id="bike551" type="bike_bicycle" depart="1256.14" departLane="best" departSpeed="max" from="-579048919" to="26816162#1"/>
    <trip id="bike552" type="bike_bicycle" depart="1258.42" departLane="best" from="26444467#2" to="616846342"/>
    <trip id="bike553" type="bike_bicycle" depart="1260.70" departLane="best" departSpeed="max" from="24152605" to="887712506#1"/>
    <trip id="bike554" type="bike_bicycle" depart="1262.98" departLane="best" from="143308493#1" to="-708544920#1"/>
    <trip id="bike555" type="bike_bicycle" depart="1265.26" departLane="best" from="142575700#6" to="-26444467#1"/>
    <trip id="bike556" type="bike_bicycle" depart="1267.54" departLane="best" from="16942869" to="-26991766#3"/>
    <trip id="bike557" type="bike_bicycle" depart="1269.82" departLane="best" from="-143308566#0" to="586124045"/>
    <trip id="bike558" type="bike_bicycle" depart="1272.10" departLane="best" from="-581636333#0" to="46039051#1"/>
    <trip id="bike559" type="bike_bicycle" depart="1274.38" departLane="best" from="142575694#4" to="578659362"/>
    <trip id="bike560" type="bike_bicycle" depart="1276.66" departLane="best" from="45875459#0" to="887910341#2"/>
    <trip id="bike561" type="bike_bicycle" depart="1278.94" departLane="best" from="38568648" to="23913524#2"/>
    <trip id="bike562" type="bike_bicycle" depart="1281.22" departLane="best" from="149670374#2" to="-138624421#31"/>
    <trip id="bike563" type="bike_bicycle" depart="1283.50" departLane="best" from="800655351" to="581938383"/>
    <trip id="bike564" type="bike_bicycle" depart="1285.78" departLane="best" from="-32235088#2" to="-23925122#0"/>
    <trip id="bike565" type="bike_bicycle" depart="1288.06" departLane="best" from="230625607#1" to="-53529200#1"/>
    <trip id="bike567" type="bike_bicycle" depart="1292.62" departLane="best" from="53529255#6" to="174657429"/>
    <trip id="bike569" type="bike_bicycle" depart="1297.18" departLane="best" from="146738852#1" to="-138624445#0"/>
    <trip id="bike570" type="bike_bicycle" depart="1299.46" departLane="best" departSpeed="max" from="25944450#0" to="-26444468#1"/>
    <trip id="bike571" type="bike_bicycle" depart="1301.74" departLane="best" from="-683972872" to="-678739630#1"/>
    <trip id="bike572" type="bike_bicycle" depart="1304.02" departLane="best" departSpeed="max" from="-581636336#1" to="375685717#0"/>
    <trip id="bike573" type="bike_bicycle" depart="1306.30" departLane="best" from="314415495#22" to="175355422#0"/>
    <trip id="bike574" type="bike_bicycle" depart="1308.58" departLane="best" from="-142575720#1" to="-142575661#1"/>
    <trip id="bike575" type="bike_bicycle" depart="1310.86" departLane="best" from="-175357593#1" to="23925124#1"/>
    <trip id="bike576" type="bike_bicycle" depart="1313.14" departLane="best" from="180800504#1" to="-38568633#0"/>
    <trip id="bike577" type="bike_bicycle" depart="1315.42" departLane="best" from="175355422#1" to="142575720#1"/>
    <trip id="bike578" type="bike_bicycle" depart="1317.69" departLane="best" departSpeed="max" from="-721674203" to="-38568641"/>
    <trip id="bike579" type="bike_bicycle" depart="1319.97" departLane="best" from="26816541" to="-143482774#0"/>
    <trip id="bike580" type="bike_bicycle" depart="1322.25" departLane="best" from="-708544920#3" to="-395491597#2"/>
    <trip id="bike581" type="bike_bicycle" depart="1324.53" departLane="best" from="187122892#9" to="142575721#1"/>
    <trip id="bike582" type="bike_bicycle" depart="1326.81" departLane="best" from="178028204#4" to="-142575655#7"/>
    <trip id="bike584" type="bike_bicycle" depart="1331.37" departLane="best" from="-115227682#2" to="-520414187#0"/>
    <trip id="bike585" type="bike_bicycle" depart="1333.65" departLane="best" from="-24733617#2" to="-161788772"/>
    <trip id="bike586" type="bike_bicycle" depart="1335.93" departLane="best" from="-314415495#3" to="-574527503"/>
    <trip id="bike587" type="bike_bicycle" depart="1338.21" departLane="best" from="-115466410#1" to="403442277#0"/>
    <trip id="bike589" type="bike_bicycle" depart="1342.77" departLane="best" from="23913524#0" to="143308493#4"/>
    <trip id="bike590" type="bike_bicycle" depart="1345.05" departLane="best" from="40985809#0" to="574527503"/>
    <trip id="bike591" type="bike_bicycle" depart="1347.33" departLane="best" from="-142575694#3" to="586124076"/>
    <trip id="bike592" type="bike_bicycle" depart="1349.61" departLane="best" from="-138624469#6" to="-135777011#4"/>
    <trip id="bike593" type="bike_bicycle" depart="1351.89" departLane="best" departSpeed="max" from="71595991" to="586124076"/>
    <trip id="bike594" type="bike_bicycle" depart="1354.17" departLane="best" from="142575699#3" to="180239842"/>
    <trip id="bike595" type="bike_bicycle" depart="1356.45" departLane="best" from="24038584#0" to="138624421#2"/>
    <trip id="bike596" type="bike_bicycle" depart="1358.73" departLane="best" from="-143308673#0" to="-137534616#0"/>
    <trip id="bike597" type="bike_bicycle" depart="1361.01" departLane="best" from="-52460499#0" to="541676219"/>
    <trip id="bike598" type="bike_bicycle" depart="1363.29" departLane="best" from="143308590#0" to="583563978#1"/>
    <trip id="bike599" type="bike_bicycle" depart="1365.57" departLane="best" from="71028777#2" to="-142575737#1"/>
    <trip id="bike600" type="bike_bicycle" depart="1367.85" departLane="best" from="45642428" to="-318210378#0"/>
    <trip id="bike601" type="bike_bicycle" depart="1370.13" departLane="best" from="142575725#3" to="143308669"/>
    <trip id="bike602" type="bike_bicycle" depart="1372.41" departLane="best" departSpeed="max" from="-586124060" to="-53529254#0"/>
    <trip id="bike604" type="bike_bicycle" depart="1376.97" departLane="best" from="-190083608#0" to="143308542#15"/>
    <trip id="bike605" type="bike_bicycle" depart="1379.25" departLane="best" from="-143308646#1" to="143308542#13"/>
    <trip id="bike606" type="bike_bicycle" depart="1381.53" departLane="best" from="683972873#2" to="-702305702#1"/>
    <trip id="bike607" type="bike_bicycle" depart="1383.81" departLane="best" from="24733611#2" to="581145162"/>
    <trip id="bike608" type="bike_bicycle" depart="1386.09" departLane="best" from="38568630#2" to="-314415495#14"/>
    <trip id="bike609" type="bike_bicycle" depart="1388.37" departLane="best" from="-156071615#0" to="-24152664#1"/>
    <trip id="bike610" type="bike_bicycle" depart="1390.65" departLane="best" from="143308505#4" to="45875459#1"/>
    <trip id="bike612" type="bike_bicycle" depart="1395.21" departLane="best" from="313964778#0" to="142575739#0"/>
    <trip id="bike613" type="bike_bicycle" depart="1397.49" departLane="best" from="26816413#0" to="45875459#0"/>
    <trip id="bike614" type="bike_bicycle" depart="1399.77" departLane="best" from="-802021414#1" to="840101802"/>
    <trip id="bike615" type="bike_bicycle" depart="1402.05" departLane="best" from="142575688#5" to="24733611#1"/>
    <trip id="bike616" type="bike_bicycle" depart="1404.33" departLane="best" from="143482755#0" to="586124080"/>
    <trip id="bike617" type="bike_bicycle" depart="1406.61" departLane="best" from="143482770#0" to="-180239877#0"/>
    <trip id="bike618" type="bike_bicycle" depart="1408.88" departLane="best" from="-142575690#0" to="142575655#1"/>
    <trip id="bike619" type="bike_bicycle" depart="1411.16" departLane="best" from="-403442277#1" to="-38569946#0"/>
    <trip id="bike620" type="bike_bicycle" depart="1413.44" departLane="best" from="-142575661#1" to="143308527#0"/>
    <trip id="bike621" type="bike_bicycle" depart="1415.72" departLane="best" departSpeed="max" from="-443454546" to="142575661#4"/>
    <trip id="bike622" type="bike_bicycle" depart="1418.00" departLane="best" from="-142575661#4" to="583475562"/>
    <trip id="bike623" type="bike_bicycle" depart="1420.28" departLane="best" from="-142575701#0" to="586124080"/>
    <trip id="bike624" type="bike_bicycle" depart="1422.56" departLane="best" from="52080655#0" to="23919022#1"/>
    <trip id="bike625" type="bike_bicycle" depart="1424.84" departLane="best" from="133858467#2" to="142575688#0"/>
    <trip id="bike626" type="bike_bicycle" depart="1427.12" departLane="best" from="142575672#4" to="53529509#0"/>
    <trip id="bike627" type="bike_bicycle" depart="1429.40" departLane="best" from="617755662#0" to="142575658#3"/>
    <trip id="bike628" type="bike_bicycle" depart="1431.68" departLane="best" from="38159999#2" to="259433180"/>
    <trip id="bike629" type="bike_bicycle" depart="1433.96" departLane="best" from="-52036541#0" to="142575699#4"/>
    <trip id="bike630" type="bike_bicycle" depart="1436.24" departLane="best" from="-169076559#2" to="-142575688#0"/>
    <trip id="bike631" type="bike_bicycle" depart="1438.52" departLane="best" from="-143308523#3" to="71960633#2"/>
    <trip id="bike632" type="bike_bicycle" depart="1440.80" departLane="best" from="-54039583#21" to="33690600"/>
    <trip id="bike634" type="bike_bicycle" depart="1445.36" departLane="best" departSpeed="max" from="-312192780#1" to="141968823#1"/>
    <trip id="bike635" type="bike_bicycle" depart="1447.64" departLane="best" departSpeed="max" from="-721625615#2" to="143308629#1"/>
    <trip id="bike636" type="bike_bicycle" depart="1449.92" departLane="best" from="-178028204#1" to="-841976395#1"/>
    <trip id="bike637" type="bike_bicycle" depart="1452.20" departLane="best" from="-38159999#6" to="135777010#18"/>
    <trip id="bike639" type="bike_bicycle" depart="1456.76" departLane="best" from="320741892#1" to="257072321#3"/>
    <trip id="bike640" type="bike_bicycle" depart="1459.04" departLane="best" from="-142575688#2" to="-143308493#1"/>
    <trip id="bike641" type="bike_bicycle" depart="1461.32" departLane="best" from="187122892#9" to="-40089662#1"/>
    <trip id="bike642" type="bike_bicycle" depart="1463.60" departLane="best" from="24152660#1" to="25944536#0"/>
    <trip id="bike643" type="bike_bicycle" depart="1465.88" departLane="best" from="683972875#1" to="629992782"/>
    <trip id="bike644" type="bike_bicycle" depart="1468.16" departLane="best" from="-53529286#0" to="187122892#10"/>
    <trip id="bike645" type="bike_bicycle" depart="1470.44" departLane="best" from="-149670379#0" to="-702305710#0"/>
    <trip id="bike646" type="bike_bicycle" depart="1472.72" departLane="best" from="887712505#1" to="318210373#2"/>
    <trip id="bike647" type="bike_bicycle" depart="1475.00" departLane="best" departSpeed="max" from="-586124053" to="206579062#2"/>
    <trip id="bike648" type="bike_bicycle" depart="1477.28" departLane="best" departSpeed="max" from="840101815" to="-53529200#3"/>
    <trip id="bike649" type="bike_bicycle" depart="1479.56" departLane="best" departSpeed="max" from="-586124012" to="53529509#0"/>
    <trip id="bike650" type="bike_bicycle" depart="1481.84" departLane="best" from="38507369#2" to="26843019#1"/>
    <trip id="bike651" type="bike_bicycle" depart="1484.12" departLane="best" from="40089662#6" to="38574189#7"/>
    <trip id="bike652" type="bike_bicycle" depart="1486.40" departLane="best" from="20553068#0" to="143308686#0"/>
    <trip id="bike653" type="bike_bicycle" depart="1488.68" departLane="best" from="152447118#3" to="138624438#6"/>
    <trip id="bike654" type="bike_bicycle" depart="1490.96" departLane="best" departSpeed="max" from="-581145162" to="-774644126"/>
    <trip id="bike656" type="bike_bicycle" depart="1495.52" departLane="best" departSpeed="max" from="886496546#0" to="142575720#3"/>
    <trip id="bike657" type="bike_bicycle" depart="1497.80" departLane="best" from="-26444467#6" to="-161788772"/>
    <trip id="bike658" type="bike_bicycle" depart="1500.07" departLane="best" from="-142575701#3" to="586124044"/>
    <trip id="bike659" type="bike_bicycle" depart="1502.35" departLane="best" from="-143308521#12" to="503159210"/>
    <trip id="bike660" type="bike_bicycle" depart="1504.63" departLane="best" departSpeed="max" from="40985814#0" to="688303295#1"/>
    <trip id="bike661" type="bike_bicycle" depart="1506.91" departLane="best" from="-138624445#5" to="-629595835#1"/>
    <trip id="bike662" type="bike_bicycle" depart="1509.19" departLane="best" departSpeed="max" from="302943908#0" to="-152447118#0"/>
    <trip id="bike663" type="bike_bicycle" depart="1511.47" departLane="best" departSpeed="max" from="-586124012" to="-20553068#1"/>
    <trip id="bike664" type="bike_bicycle" depart="1513.75" departLane="best" from="403442277#0" to="503159211"/>
    <trip id="bike666" type="bike_bicycle" depart="1518.31" departLane="best" departSpeed="max" from="-71960756" to="135777010#9"/>
    <trip id="bike667" type="bike_bicycle" depart="1520.59" departLane="best" from="187122892#11" to="-314415495#21"/>
    <trip id="bike668" type="bike_bicycle" depart="1522.87" departLane="best" from="-747488078" to="-403442277#0"/>
    <trip id="bike669" type="bike_bicycle" depart="1525.15" departLane="best" from="25951597#0" to="142575657#9"/>
    <trip id="bike670" type="bike_bicycle" depart="1527.43" departLane="best" from="140295392" to="-53529200#2"/>
    <trip id="bike671" type="bike_bicycle" depart="1529.71" departLane="best" from="37958340#2" to="142575692#1"/>
    <trip id="bike672" type="bike_bicycle" depart="1531.99" departLane="best" departSpeed="max" from="40985814#0" to="-840101793"/>
    <trip id="bike673" type="bike_bicycle" depart="1534.27" departLane="best" from="875752724#2" to="917750390#1"/>
    <trip id="bike674" type="bike_bicycle" depart="1536.55" departLane="best" from="-841345129#1" to="-38915289#6"/>
    <trip id="bike675" type="bike_bicycle" depart="1538.83" departLane="best" departSpeed="max" from="-586124030" to="143308695#1"/>
    <trip id="bike676" type="bike_bicycle" depart="1541.11" departLane="best" from="887612169#3" to="579613014"/>
    <trip id="bike677" type="bike_bicycle" depart="1543.39" departLane="best" from="347935096#3" to="-166142951#1"/>
    <trip id="bike678" type="bike_bicycle" depart="1545.67" departLane="best" departSpeed="max" from="-312192836" to="24791997#0"/>
    <trip id="bike679" type="bike_bicycle" depart="1547.95" departLane="best" from="53529509#2" to="152495083"/>
    <trip id="bike680" type="bike_bicycle" depart="1550.23" departLane="best" from="-143308521#9" to="586124046"/>
    <trip id="bike681" type="bike_bicycle" depart="1552.51" departLane="best" from="47765623#0" to="-403442277#1"/>
    <trip id="bike682" type="bike_bicycle" depart="1554.79" departLane="best" from="26991766#6" to="-38568640#0"/>
    <trip id="bike683" type="bike_bicycle" depart="1557.07" departLane="best" from="679901151" to="-175357042"/>
    <trip id="bike684" type="bike_bicycle" depart="1559.35" departLane="best" departSpeed="max" from="-71960756" to="883118225"/>
    <trip id="bike685" type="bike_bicycle" depart="1561.63" departLane="best" from="-259433181#1" to="142575661#1"/>
    <trip id="bike686" type="bike_bicycle" depart="1563.91" departLane="best" departSpeed="max" from="-573938814" to="-138624421#33"/>
    <trip id="bike687" type="bike_bicycle" depart="1566.19" departLane="best" from="-142575657#3" to="143308505#4"/>
    <trip id="bike688" type="bike_bicycle" depart="1568.47" departLane="best" from="-26843019#4" to="976390656#6"/>
    <trip id="bike689" type="bike_bicycle" depart="1570.75" departLane="best" departSpeed="max" from="-583563978#2" to="-138624426"/>
    <trip id="bike690" type="bike_bicycle" depart="1573.03" departLane="best" from="8025704#0" to="586124030"/>
    <trip id="bike691" type="bike_bicycle" depart="1575.31" departLane="best" from="153021549#3" to="53529476#1"/>
    <trip id="bike692" type="bike_bicycle" depart="1577.59" departLane="best" from="-149611524#0" to="-40985813#0"/>
    <trip id="bike693" type="bike_bicycle" depart="1579.87" departLane="best" from="40191605#2" to="318210361#0"/>
    <trip id="bike694" type="bike_bicycle" depart="1582.15" departLane="best" from="-149611534#0" to="320741895#0"/>
    <trip id="bike695" type="bike_bicycle" depart="1584.43" departLane="best" departSpeed="max" from="-801469870#1" to="-114952399#1"/>
    <trip id="bike696" type="bike_bicycle" depart="1586.71" departLane="best" from="-142575704#16" to="-334308450#0"/>
    <trip id="bike697" type="bike_bicycle" depart="1588.99" departLane="best" departSpeed="max" from="40985814#0" to="149611534#1"/>
    <trip id="bike698" type="bike_bicycle" depart="1591.26" departLane="best" from="24733611#1" to="143308695#1"/>
    <trip id="bike699" type="bike_bicycle" depart="1593.54" departLane="best" from="-143308618#0" to="-40985814#2"/>
    <trip id="bike700" type="bike_bicycle" depart="1595.82" departLane="best" departSpeed="max" from="-397678489" to="-142575656#4"/>
    <trip id="bike701" type="bike_bicycle" depart="1598.10" departLane="best" from="-683972872" to="53529600#3"/>
    <trip id="bike702" type="bike_bicycle" depart="1600.38" departLane="best" departSpeed="max" from="-840101798" to="-143482755#0"/>
    <trip id="bike703" type="bike_bicycle" depart="1602.66" departLane="best" from="679901151" to="207086005"/>
    <trip id="bike704" type="bike_bicycle" depart="1604.94" departLane="best" departSpeed="max" from="-134100875" to="143308562#2"/>
    <trip id="bike705" type="bike_bicycle" depart="1607.22" departLane="best" from="-290288344" to="-175355252"/>
    <trip id="bike706" type="bike_bicycle" depart="1609.50" departLane="best" from="-708544920#0" to="23919022#0"/>
    <trip id="bike707" type="bike_bicycle" depart="1611.78" departLane="best" from="-28888490#0" to="138624421#14"/>
    <trip id="bike708" type="bike_bicycle" depart="1614.06" departLane="best" from="175357592" to="-142575726#1"/>
    <trip id="bike709" type="bike_bicycle" depart="1616.34" departLane="best" from="887910341#12" to="-142575691#4"/>
    <trip id="bike710" type="bike_bicycle" depart="1618.62" departLane="best" from="138624445#3" to="143308527#0"/>
    <trip id="bike712" type="bike_bicycle" depart="1623.18" departLane="best" departSpeed="max" from="-586124050" to="142575692#6"/>
    <trip id="bike713" type="bike_bicycle" depart="1625.46" departLane="best" from="147859765#8" to="887919962#6"/>
    <trip id="bike714" type="bike_bicycle" depart="1627.74" departLane="best" from="-314415495#15" to="-135777010#18"/>
    <trip id="bike715" type="bike_bicycle" depart="1630.02" departLane="best" from="320154321#0" to="-686430666"/>
    <trip id="bike716" type="bike_bicycle" depart="1632.30" departLane="best" from="24792006#1" to="24152593#3"/>
    <trip id="bike717" type="bike_bicycle" depart="1634.58" departLane="best" from="31344737#2" to="38569946#4"/>
    <trip id="bike718" type="bike_bicycle" depart="1636.86" departLane="best" from="-53529255#4" to="-142575655#13"/>
    <trip id="bike719" type="bike_bicycle" depart="1639.14" departLane="best" from="142575656#3" to="579269913#1"/>
    <trip id="bike720" type="bike_bicycle" depart="1641.42" departLane="best" from="-206579064#0" to="52460499#12"/>
    <trip id="bike721" type="bike_bicycle" depart="1643.70" departLane="best" from="-841345135#1" to="318210353"/>
    <trip id="bike722" type="bike_bicycle" depart="1645.98" departLane="best" from="146511461#6" to="579048920"/>
    <trip id="bike723" type="bike_bicycle" depart="1648.26" departLane="best" from="-142575679#9" to="52081116#2"/>
    <trip id="bike724" type="bike_bicycle" depart="1650.54" departLane="best" departSpeed="max" from="-840101802" to="-443454549#3"/>
    <trip id="bike725" type="bike_bicycle" depart="1652.82" departLane="best" from="-138624477#3" to="-24733611#0"/>
    <trip id="bike726" type="bike_bicycle" depart="1655.10" departLane="best" from="-138624469#4" to="841976396#1"/>
    <trip id="bike727" type="bike_bicycle" depart="1657.38" departLane="best" from="138624421#11" to="96834893"/>
    <trip id="bike728" type="bike_bicycle" depart="1659.66" departLane="best" from="142575655#13" to="-328868438#0"/>
    <trip id="bike729" type="bike_bicycle" depart="1661.94" departLane="best" from="26444469#1" to="-24152593#8"/>
    <trip id="bike730" type="bike_bicycle" depart="1664.22" departLane="best" departSpeed="max" from="-579269929#1" to="52460499#8"/>
    <trip id="bike731" type="bike_bicycle" depart="1666.50" departLane="best" from="53529200#1" to="-581636339"/>
    <trip id="bike732" type="bike_bicycle" depart="1668.78" departLane="best" departSpeed="max" from="-143482774#1" to="-840101793"/>
    <trip id="bike733" type="bike_bicycle" depart="1671.06" departLane="best" from="579671869#0" to="397678489"/>
    <trip id="bike734" type="bike_bicycle" depart="1673.34" departLane="best" from="59461375#2" to="-92914055#1"/>
    <trip id="bike735" type="bike_bicycle" depart="1675.62" departLane="best" from="887862705#4" to="142575742#2"/>
    <trip id="bike736" type="bike_bicycle" depart="1677.90" departLane="best" from="114697065#1" to="840101802"/>
    <trip id="bike737" type="bike_bicycle" depart="1680.18" departLane="best" from="138624421#33" to="54039583#9"/>
    <trip id="bike738" type="bike_bicycle" depart="1682.45" departLane="best" from="24733611#1" to="-142575704#5"/>
    <trip id="bike739" type="bike_bicycle" depart="1684.73" departLane="best" from="143308505#4" to="581596944"/>
    <trip id="bike740" type="bike_bicycle" depart="1687.01" departLane="best" from="142575656#14" to="-54039583#12"/>
    <trip id="bike741" type="bike_bicycle" depart="1689.29" departLane="best" from="-142575704#2" to="26444467#3"/>
    <trip id="bike743" type="bike_bicycle" depart="1693.85" departLane="best" from="-702305709#0" to="314415495#12"/>
    <trip id="bike744" type="bike_bicycle" depart="1696.13" departLane="best" from="-579026240#0" to="-141968830#2"/>
    <trip id="bike745" type="bike_bicycle" depart="1698.41" departLane="best" from="53529255#7" to="-708544920#5"/>
    <trip id="bike746" type="bike_bicycle" depart="1700.69" departLane="best" from="976918148#2" to="-38569937#0"/>
    <trip id="bike747" type="bike_bicycle" depart="1702.97" departLane="best" from="887919959#4" to="886496552#11"/>
    <trip id="bike748" type="bike_bicycle" depart="1705.25" departLane="best" from="-142575700#1" to="24733697#1"/>
    <trip id="bike749" type="bike_bicycle" depart="1707.53" departLane="best" departSpeed="max" from="-581569019" to="54039583#9"/>
    <trip id="bike750" type="bike_bicycle" depart="1709.81" departLane="best" from="187123053#1" to="886496559#2"/>
    <trip id="bike751" type="bike_bicycle" depart="1712.09" departLane="best" from="-152447118#2" to="220194458#3"/>
    <trip id="bike752" type="bike_bicycle" depart="1714.37" departLane="best" from="318210363#0" to="-138624445#8"/>
    <trip id="bike753" type="bike_bicycle" depart="1716.65" departLane="best" from="-142575688#8" to="52460499#0"/>
    <trip id="bike754" type="bike_bicycle" depart="1718.93" departLane="best" departSpeed="max" from="-581596947" to="-91218499#0"/>
    <trip id="bike756" type="bike_bicycle" depart="1723.49" departLane="best" departSpeed="max" from="187123053#0" to="886496552#2"/>
    <trip id="bike757" type="bike_bicycle" depart="1725.77" departLane="best" departSpeed="max" from="-581938382" to="461093303#1"/>
    <trip id="bike758" type="bike_bicycle" depart="1728.05" departLane="best" from="142575694#4" to="143482755#2"/>
    <trip id="bike759" type="bike_bicycle" depart="1730.33" departLane="best" from="-586124064#1" to="257131026"/>
    <trip id="bike760" type="bike_bicycle" depart="1732.61" departLane="best" departSpeed="max" from="-312192836" to="-143482770#0"/>
    <trip id="bike761" type="bike_bicycle" depart="1734.89" departLane="best" from="257005614#7" to="143308484"/>
    <trip id="bike762" type="bike_bicycle" depart="1737.17" departLane="best" departSpeed="max" from="-586124043" to="169076556#0"/>
    <trip id="bike763" type="bike_bicycle" depart="1739.45" departLane="best" from="-318210380#1" to="-354084467#0"/>
    <trip id="bike764" type="bike_bicycle" depart="1741.73" departLane="best" departSpeed="max" from="-776919032" to="976735032#1"/>
    <trip id="bike765" type="bike_bicycle" depart="1744.01" departLane="best" from="-38568627#1" to="81639675#1"/>
    <trip id="bike766" type="bike_bicycle" depart="1746.29" departLane="best" departSpeed="max" from="-976735033#1" to="-149611511#0"/>
    <trip id="bike767" type="bike_bicycle" depart="1748.57" departLane="best" from="48858191#1" to="142575661#4"/>
    <trip id="bike768" type="bike_bicycle" depart="1750.85" departLane="best" departSpeed="max" from="630078115" to="142575656#11"/>
    <trip id="bike769" type="bike_bicycle" depart="1753.13" departLane="best" from="-142575726#0" to="31100755#3"/>
    <trip id="bike771" type="bike_bicycle" depart="1757.69" departLane="best" from="-543699379" to="-142575690#0"/>
    <trip id="bike772" type="bike_bicycle" depart="1759.97" departLane="best" from="142575655#1" to="708544918"/>
    <trip id="bike773" type="bike_bicycle" depart="1762.25" departLane="best" from="47765623#0" to="328868438#1"/>
    <trip id="bike774" type="bike_bicycle" depart="1764.53" departLane="best" from="747943675" to="24733697#2"/>
    <trip id="bike775" type="bike_bicycle" depart="1766.81" departLane="best" from="32235088#4" to="143308532#1"/>
    <trip id="bike776" type="bike_bicycle" depart="1769.09" departLane="best" departSpeed="max" from="-143482761" to="-24733617#3"/>
    <trip id="bike777" type="bike_bicycle" depart="1771.36" departLane="best" from="-149611534#0" to="53529431#1"/>
    <trip id="bike778" type="bike_bicycle" depart="1773.64" departLane="best" from="-138624421#10" to="152495083"/>
    <trip id="bike779" type="bike_bicycle" depart="1775.92" departLane="best" from="-581636334#2" to="543699380#1"/>
    <trip id="bike780" type="bike_bicycle" depart="1778.20" departLane="best" from="142575661#3" to="231626692#1"/>
    <trip id="bike781" type="bike_bicycle" depart="1780.48" departLane="best" from="-142575725#0" to="-53529200#2"/>
    <trip id="bike782" type="bike_bicycle" depart="1782.76" departLane="best" from="977639651#1" to="357043350"/>
    <trip id="bike783" type="bike_bicycle" depart="1785.04" departLane="best" from="138624445#17" to="48858193#1"/>
    <trip id="bike784" type="bike_bicycle" depart="1787.32" departLane="best" from="38574189#8" to="-142575701#2"/>
    <trip id="bike785" type="bike_bicycle" depart="1789.60" departLane="best" from="887860359#2" to="24931845#1"/>
    <trip id="bike786" type="bike_bicycle" depart="1791.88" departLane="best" from="-81096582#0" to="302944175#1"/>
    <trip id="bike787" type="bike_bicycle" depart="1794.16" departLane="best" from="-54039583#5" to="670062930#5"/>
    <trip id="bike788" type="bike_bicycle" depart="1796.44" departLane="best" departSpeed="max" from="318210355" to="24791993#2"/>
</routes>
