<?xml version="1.0" encoding="UTF-8"?>

<!-- generated on 2021-09-07 14:48:42 by Eclipse SUMO sumo Version v1_10_0+0551-f581c04ba63
<configuration xmlns:xsi="http://www.w3.org/2001/XMLSchema-instance" xsi:noNamespaceSchemaLocation="http://sumo.dlr.de/xsd/sumoConfiguration.xsd">

    <input>
        <net-file value="osm.net.xml"/>
        <route-files value="trips.trips.xml"/>
        <additional-files value="osm_stops.add.xml"/>
    </input>

    <output>
        <vehroute-output value="vehroutes.xml"/>
        <stop-output value="stopinfos.xml"/>
    </output>

    <time>
        <begin value="0"/>
    </time>

    <processing>
        <ignore-route-errors value="true"/>
    </processing>

    <routing>
        <device.rerouting.adaptation-interval value="0"/>
    </routing>

    <report>
        <aggregate-warnings value="5"/>
        <error-log value="trips.trips.xml.errorlog"/>
        <no-step-log value="true"/>
    </report>

</configuration>
-->

<stops xmlns:xsi="http://www.w3.org/2001/XMLSchema-instance" xsi:noNamespaceSchemaLocation="http://sumo.dlr.de/xsd/stopinfo_file.xsd">
    <stopinfo id="0_bus_160:0" type="pt_bus" lane="141968799_1" pos="367.35" parking="0" started="41.00" ended="71.00" delay="-1.00" initialPersons="0" loadedPersons="0" unloadedPersons="0" initialContainers="0" loadedContainers="0" unloadedContainers="0" busStop="837697182"/>
    <stopinfo id="5_bus_162:0" type="pt_bus" lane="206889086#1_2" pos="29.35" parking="0" started="64.00" ended="94.00" delay="-1.00" initialPersons="0" loadedPersons="0" unloadedPersons="0" initialContainers="0" loadedContainers="0" unloadedContainers="0" busStop="1656195133"/>
    <stopinfo id="4_bus_172:1" type="pt_bus" lane="145586617#0_1" pos="84.75" parking="0" started="69.00" ended="99.00" delay="-1.00" initialPersons="0" loadedPersons="0" unloadedPersons="0" initialContainers="0" loadedContainers="0" unloadedContainers="0" busStop="664609175"/>
    <stopinfo id="6_bus_162:1" type="pt_bus" lane="-46150481#0_2" pos="33.53" parking="0" started="73.00" ended="103.00" delay="-1.00" initialPersons="0" loadedPersons="0" unloadedPersons="0" initialContainers="0" loadedContainers="0" unloadedContainers="0" busStop="-851572693"/>
    <stopinfo id="7_bus_163:0" type="pt_bus" lane="144909690_1" pos="40.48" parking="0" started="102.00" ended="132.00" delay="-1.00" initialPersons="0" loadedPersons="0" unloadedPersons="0" initialContainers="0" loadedContainers="0" unloadedContainers="0" busStop="301263813"/>
    <stopinfo id="8_bus_163:1" type="pt_bus" lane="806903753_1" pos="3.92" parking="0" started="120.00" ended="150.00" delay="-1.00" initialPersons="0" loadedPersons="0" unloadedPersons="0" initialContainers="0" loadedContainers="0" unloadedContainers="0" busStop="5315085711"/>
    <stopinfo id="0_bus_160:0" type="pt_bus" lane="141968853#1_1" pos="24.35" parking="0" started="131.00" ended="161.00" delay="-1.00" initialPersons="0" loadedPersons="0" unloadedPersons="0" initialContainers="0" loadedContainers="0" unloadedContainers="0" busStop="837696912"/>
    <stopinfo id="3_bus_172:0" type="pt_bus" lane="145586617#6_1" pos="1067.79" parking="0" started="133.00" ended="163.00" delay="-1.00" initialPersons="0" loadedPersons="0" unloadedPersons="0" initialContainers="0" loadedContainers="0" unloadedContainers="0" busStop="664609197"/>
    <stopinfo id="11_bus_260:0" type="pt_bus" lane="206889086#1_2" pos="29.34" parking="0" started="140.00" ended="170.00" delay="-1.00" initialPersons="0" loadedPersons="0" unloadedPersons="0" initialContainers="0" loadedContainers="0" unloadedContainers="0" busStop="1656195133"/>
    <stopinfo id="4_bus_172:1" type="pt_bus" lane="145586617#6_1" pos="223.64" parking="0" started="147.00" ended="177.00" delay="-1.00" initialPersons="0" loadedPersons="0" unloadedPersons="0" initialContainers="0" loadedContainers="0" unloadedContainers="0" busStop="664609167"/>
    <stopinfo id="9_bus_163:2" type="pt_bus" lane="70130339#1_2" pos="91.75" parking="0" started="149.00" ended="179.00" delay="-1.00" initialPersons="0" loadedPersons="0" unloadedPersons="0" initialContainers="0" loadedContainers="0" unloadedContainers="0" busStop="2050022025"/>
    <stopinfo id="12_bus_164:0" type="pt_bus" lane="-23913524#3_1" pos="90.78" parking="0" started="188.00" ended="218.00" delay="-1.00" initialPersons="0" loadedPersons="0" unloadedPersons="0" initialContainers="0" loadedContainers="0" unloadedContainers="0" busStop="-1383533494"/>
    <stopinfo id="7_bus_163:0" type="pt_bus" lane="144909690_1" pos="439.21" parking="0" started="188.00" ended="218.00" delay="-1.00" initialPersons="0" loadedPersons="0" unloadedPersons="0" initialContainers="0" loadedContainers="0" unloadedContainers="0" busStop="94487938"/>
    <stopinfo id="4_bus_172:1" type="pt_bus" lane="145586617#6_1" pos="508.36" parking="0" started="208.00" ended="238.00" delay="-1.00" initialPersons="0" loadedPersons="0" unloadedPersons="0" initialContainers="0" loadedContainers="0" unloadedContainers="0" busStop="664609202"/>
    <stopinfo id="6_bus_162:1" type="pt_bus" lane="143308542#1_1" pos="45.43" parking="0" started="209.00" ended="239.00" delay="-1.00" initialPersons="0" loadedPersons="0" unloadedPersons="0" initialContainers="0" loadedContainers="0" unloadedContainers="0" busStop="464396487"/>
    <stopinfo id="13_tram_61:0" type="pt_tram" lane="385981675#1_0" pos="69.93" parking="0" started="213.00" ended="243.00" delay="-1.00" initialPersons="0" loadedPersons="0" unloadedPersons="0" initialContainers="0" loadedContainers="0" unloadedContainers="0" busStop="1704693343"/>
    <stopinfo id="5_bus_162:0" type="pt_bus" lane="670062907#1_1" pos="38.13" parking="0" started="222.00" ended="252.00" delay="-1.00" initialPersons="0" loadedPersons="0" unloadedPersons="0" initialContainers="0" loadedContainers="0" unloadedContainers="0" busStop="464396566"/>
    <stopinfo id="9_bus_163:2" type="pt_bus" lane="-887919960#5_2" pos="22.40" parking="0" started="227.00" ended="257.00" delay="-1.00" initialPersons="0" loadedPersons="0" unloadedPersons="0" initialContainers="0" loadedContainers="0" unloadedContainers="0" busStop="-945142208"/>
    <stopinfo id="12_bus_164:0" type="pt_bus" lane="137534616#0_1" pos="41.05" parking="0" started="251.00" ended="281.00" delay="-1.00" initialPersons="0" loadedPersons="0" unloadedPersons="0" initialContainers="0" loadedContainers="0" unloadedContainers="0" busStop="1383533577"/>
    <stopinfo id="0_bus_160:0" type="pt_bus" lane="46039050#4_1" pos="42.33" parking="0" started="252.00" ended="282.00" delay="-1.00" initialPersons="0" loadedPersons="0" unloadedPersons="0" initialContainers="0" loadedContainers="0" unloadedContainers="0" busStop="837696524"/>
    <stopinfo id="15_tram_63:0" type="pt_tram" lane="385981675#1_0" pos="69.93" parking="0" started="252.00" ended="282.00" delay="-1.00" initialPersons="0" loadedPersons="0" unloadedPersons="0" initialContainers="0" loadedContainers="0" unloadedContainers="0" busStop="1704693343"/>
    <stopinfo id="11_bus_260:0" type="pt_bus" lane="-314415495#16_2" pos="9.00" parking="0" started="272.00" ended="302.00" delay="-1.00" initialPersons="0" loadedPersons="0" unloadedPersons="0" initialContainers="0" loadedContainers="0" unloadedContainers="0" busStop="-385200818"/>
    <stopinfo id="8_bus_163:1" type="pt_bus" lane="977639651#1_2" pos="47.43" parking="0" started="278.00" ended="308.00" delay="-1.00" initialPersons="0" loadedPersons="0" unloadedPersons="0" initialContainers="0" loadedContainers="0" unloadedContainers="0" busStop="3812676495"/>
    <stopinfo id="4_bus_172:1" type="pt_bus" lane="145586617#6_1" pos="914.03" parking="0" started="279.00" ended="309.00" delay="-1.00" initialPersons="0" loadedPersons="0" unloadedPersons="0" initialContainers="0" loadedContainers="0" unloadedContainers="0" busStop="664609200"/>
    <stopinfo id="6_bus_162:1" type="pt_bus" lane="143308542#6_1" pos="29.77" parking="0" started="281.00" ended="311.00" delay="-1.00" initialPersons="0" loadedPersons="0" unloadedPersons="0" initialContainers="0" loadedContainers="0" unloadedContainers="0" busStop="306982602"/>
    <stopinfo id="13_tram_61:0" type="pt_tram" lane="158236729#9_0" pos="35.44" parking="0" started="303.00" ended="333.00" delay="-1.00" initialPersons="0" loadedPersons="0" unloadedPersons="0" initialContainers="0" loadedContainers="0" unloadedContainers="0" busStop="1704693389"/>
    <stopinfo id="14_tram_61:1" type="pt_tram" lane="179699938#6_0" pos="45.90" parking="0" started="315.00" ended="345.00" delay="-1.00" initialPersons="0" loadedPersons="0" unloadedPersons="0" initialContainers="0" loadedContainers="0" unloadedContainers="0" busStop="1704693444"/>
    <stopinfo id="12_bus_164:0" type="pt_bus" lane="149611526#0_1" pos="38.98" parking="0" started="321.00" ended="351.00" delay="-1.00" initialPersons="0" loadedPersons="0" unloadedPersons="0" initialContainers="0" loadedContainers="0" unloadedContainers="0" busStop="1383533575"/>
    <stopinfo id="4_bus_172:1" type="pt_bus" lane="145586617#6_1" pos="1067.80" parking="0" started="330.00" ended="360.00" delay="-1.00" initialPersons="0" loadedPersons="0" unloadedPersons="0" initialContainers="0" loadedContainers="0" unloadedContainers="0" busStop="664609198"/>
    <stopinfo id="8_bus_163:1" type="pt_bus" lane="318210360#0_2" pos="75.53" parking="0" started="339.00" ended="369.00" delay="-1.00" initialPersons="0" loadedPersons="0" unloadedPersons="0" initialContainers="0" loadedContainers="0" unloadedContainers="0" busStop="1383533461"/>
    <stopinfo id="5_bus_162:0" type="pt_bus" lane="143308546#1_1" pos="54.40" parking="0" started="340.00" ended="370.00" delay="-1.00" initialPersons="0" loadedPersons="0" unloadedPersons="0" initialContainers="0" loadedContainers="0" unloadedContainers="0" busStop="301331956"/>
    <stopinfo id="11_bus_260:0" type="pt_bus" lane="-314415495#6_2" pos="14.08" parking="0" started="344.00" ended="374.00" delay="-1.00" initialPersons="0" loadedPersons="0" unloadedPersons="0" initialContainers="0" loadedContainers="0" unloadedContainers="0" busStop="-1560223790"/>
    <stopinfo id="6_bus_162:1" type="pt_bus" lane="143308542#15_1" pos="41.27" parking="0" started="350.00" ended="380.00" delay="-1.00" initialPersons="0" loadedPersons="0" unloadedPersons="0" initialContainers="0" loadedContainers="0" unloadedContainers="0" busStop="464396589"/>
    <stopinfo id="0_bus_160:0" type="pt_bus" lane="143308587#1_2" pos="37.34" parking="0" started="352.00" ended="382.00" delay="-1.00" initialPersons="0" loadedPersons="0" unloadedPersons="0" initialContainers="0" loadedContainers="0" unloadedContainers="0" busStop="1560223236"/>
    <stopinfo id="16_tram_63:1" type="pt_tram" lane="179699938#6_0" pos="45.90" parking="0" started="354.00" ended="384.00" delay="-1.00" initialPersons="0" loadedPersons="0" unloadedPersons="0" initialContainers="0" loadedContainers="0" unloadedContainers="0" busStop="1704693444"/>
    <stopinfo id="15_tram_63:0" type="pt_tram" lane="158236729#9_0" pos="35.44" parking="0" started="359.00" ended="389.00" delay="-1.00" initialPersons="0" loadedPersons="0" unloadedPersons="0" initialContainers="0" loadedContainers="0" unloadedContainers="0" busStop="1704693389"/>
    <stopinfo id="17_train_S45:0" type="pt_train" lane="22917994_0" pos="485.90" parking="0" started="361.00" ended="391.00" delay="-1.00" initialPersons="0" loadedPersons="0" unloadedPersons="0" initialContainers="0" loadedContainers="0" unloadedContainers="0" busStop="3508654675"/>
    <stopinfo id="21_bus_260:1" type="pt_bus" lane="144909690_1" pos="40.47" parking="0" started="364.00" ended="394.00" delay="-1.00" initialPersons="0" loadedPersons="0" unloadedPersons="0" initialContainers="0" loadedContainers="0" unloadedContainers="0" busStop="301263813"/>
    <stopinfo id="13_tram_61:0" type="pt_tram" lane="220198808#6_0" pos="49.13" parking="0" started="371.00" ended="401.00" delay="-1.00" initialPersons="0" loadedPersons="0" unloadedPersons="0" initialContainers="0" loadedContainers="0" unloadedContainers="0" busStop="1704693457"/>
    <stopinfo id="3_bus_172:0" type="pt_bus" lane="145586617#6_1" pos="991.99" parking="0" started="382.00" ended="412.00" delay="-1.00" initialPersons="0" loadedPersons="0" unloadedPersons="0" initialContainers="0" loadedContainers="0" unloadedContainers="0" busStop="664609199"/>
    <stopinfo id="7_bus_163:0" type="pt_bus" lane="204721579#2_1" pos="105.00" parking="0" started="394.00" ended="424.00" delay="-1.00" initialPersons="0" loadedPersons="0" unloadedPersons="0" initialContainers="0" loadedContainers="0" unloadedContainers="0" busStop="1383533462"/>
    <stopinfo id="11_bus_260:0" type="pt_bus" lane="-314415495#3_2" pos="101.91" parking="0" started="398.00" ended="428.00" delay="-1.00" initialPersons="0" loadedPersons="0" unloadedPersons="0" initialContainers="0" loadedContainers="0" unloadedContainers="0" busStop="-1560223555"/>
    <stopinfo id="24_bus_164:1" type="pt_bus" lane="-46150481#0_2" pos="33.51" parking="0" started="404.00" ended="434.00" delay="-1.00" initialPersons="0" loadedPersons="0" unloadedPersons="0" initialContainers="0" loadedContainers="0" unloadedContainers="0" busStop="-851572693"/>
    <stopinfo id="12_bus_164:0" type="pt_bus" lane="206889086#1_2" pos="29.33" parking="0" started="407.00" ended="437.00" delay="-1.00" initialPersons="0" loadedPersons="0" unloadedPersons="0" initialContainers="0" loadedContainers="0" unloadedContainers="0" busStop="1656195133"/>
    <stopinfo id="23_train_S8:1" type="pt_train" lane="22917994_0" pos="485.90" parking="0" started="441.00" ended="471.00" delay="-1.00" initialPersons="0" loadedPersons="0" unloadedPersons="0" initialContainers="0" loadedContainers="0" unloadedContainers="0" busStop="3508654675"/>
    <stopinfo id="14_tram_61:1" type="pt_tram" lane="206889079#9_0" pos="49.08" parking="0" started="443.00" ended="473.00" delay="-1.00" initialPersons="0" loadedPersons="0" unloadedPersons="0" initialContainers="0" loadedContainers="0" unloadedContainers="0" busStop="1704693451"/>
    <stopinfo id="18_train_S45:1" type="pt_train" lane="431786563_0" pos="1709.12" parking="0" started="444.00" ended="474.00" delay="-1.00" initialPersons="0" loadedPersons="0" unloadedPersons="0" initialContainers="0" loadedContainers="0" unloadedContainers="0" busStop="30499115"/>
    <stopinfo id="21_bus_260:1" type="pt_bus" lane="144909690_1" pos="439.21" parking="0" started="449.00" ended="479.00" delay="-1.00" initialPersons="0" loadedPersons="0" unloadedPersons="0" initialContainers="0" loadedContainers="0" unloadedContainers="0" busStop="94487938"/>
    <stopinfo id="0_bus_160:0" type="pt_bus" lane="46150481#0_2" pos="49.01" parking="0" started="467.00" ended="497.00" delay="-1.00" initialPersons="0" loadedPersons="0" unloadedPersons="0" initialContainers="0" loadedContainers="0" unloadedContainers="0" busStop="852932398"/>
    <stopinfo id="15_tram_63:0" type="pt_tram" lane="220198808#6_0" pos="49.13" parking="0" started="471.00" ended="501.00" delay="-1.00" initialPersons="0" loadedPersons="0" unloadedPersons="0" initialContainers="0" loadedContainers="0" unloadedContainers="0" busStop="1704693457"/>
    <stopinfo id="9_bus_163:2" type="pt_bus" lane="806903753_1" pos="3.89" parking="0" started="472.00" ended="502.00" delay="-1.00" initialPersons="0" loadedPersons="0" unloadedPersons="0" initialContainers="0" loadedContainers="0" unloadedContainers="0" busStop="5315085711"/>
    <stopinfo id="5_bus_162:0" type="pt_bus" lane="143308587#1_2" pos="37.36" parking="0" started="482.00" ended="512.00" delay="-1.00" initialPersons="0" loadedPersons="0" unloadedPersons="0" initialContainers="0" loadedContainers="0" unloadedContainers="0" busStop="1560223236"/>
    <stopinfo id="31_bus_163:3" type="pt_bus" lane="144909690_1" pos="40.45" parking="0" started="495.00" ended="525.00" delay="-1.00" initialPersons="0" loadedPersons="0" unloadedPersons="0" initialContainers="0" loadedContainers="0" unloadedContainers="0" busStop="301263813"/>
    <stopinfo id="16_tram_63:1" type="pt_tram" lane="206889079#9_0" pos="49.08" parking="0" started="495.00" ended="525.00" delay="-1.00" initialPersons="0" loadedPersons="0" unloadedPersons="0" initialContainers="0" loadedContainers="0" unloadedContainers="0" busStop="1704693451"/>
    <stopinfo id="7_bus_163:0" type="pt_bus" lane="153021549#1_1" pos="46.73" parking="0" started="500.00" ended="530.00" delay="-1.00" initialPersons="0" loadedPersons="0" unloadedPersons="0" initialContainers="0" loadedContainers="0" unloadedContainers="0" busStop="1862990707"/>
    <stopinfo id="25_train_S9:0" type="pt_train" lane="22917994_0" pos="485.90" parking="0" started="508.00" ended="538.00" delay="-1.00" initialPersons="0" loadedPersons="0" unloadedPersons="0" initialContainers="0" loadedContainers="0" unloadedContainers="0" busStop="3508654675"/>
    <stopinfo id="22_train_S8:0" type="pt_train" lane="431786563_0" pos="1709.12" parking="0" started="511.00" ended="541.00" delay="-1.00" initialPersons="0" loadedPersons="0" unloadedPersons="0" initialContainers="0" loadedContainers="0" unloadedContainers="0" busStop="30499115"/>
    <stopinfo id="32_bus_160:1" type="pt_bus" lane="81096611#0_1" pos="49.02" parking="0" started="520.00" ended="550.00" delay="-1.00" initialPersons="0" loadedPersons="0" unloadedPersons="0" initialContainers="0" loadedContainers="0" unloadedContainers="0" busStop="1568240825"/>
    <stopinfo id="24_bus_164:1" type="pt_bus" lane="143308542#1_1" pos="45.40" parking="0" started="521.00" ended="551.00" delay="-1.00" initialPersons="0" loadedPersons="0" unloadedPersons="0" initialContainers="0" loadedContainers="0" unloadedContainers="0" busStop="464396487"/>
    <stopinfo id="14_tram_61:1" type="pt_tram" lane="206889079#15_0" pos="47.68" parking="0" started="522.00" ended="552.00" delay="-1.00" initialPersons="0" loadedPersons="0" unloadedPersons="0" initialContainers="0" loadedContainers="0" unloadedContainers="0" busStop="1704693381"/>
    <stopinfo id="11_bus_260:0" type="pt_bus" lane="-144909690_1" pos="90.84" parking="0" started="535.00" ended="565.00" delay="-1.00" initialPersons="0" loadedPersons="0" unloadedPersons="0" initialContainers="0" loadedContainers="0" unloadedContainers="0" busStop="-942861696"/>
    <stopinfo id="6_bus_162:1" type="pt_bus" lane="806903753_1" pos="3.91" parking="0" started="552.00" ended="582.00" delay="-1.00" initialPersons="0" loadedPersons="0" unloadedPersons="0" initialContainers="0" loadedContainers="0" unloadedContainers="0" busStop="5315085711"/>
    <stopinfo id="5_bus_162:0" type="pt_bus" lane="46150481#0_2" pos="48.99" parking="0" started="557.00" ended="587.00" delay="-1.00" initialPersons="0" loadedPersons="0" unloadedPersons="0" initialContainers="0" loadedContainers="0" unloadedContainers="0" busStop="852932398"/>
    <stopinfo id="21_bus_260:1" type="pt_bus" lane="314415495#1_2" pos="43.77" parking="0" started="564.00" ended="594.00" delay="-1.00" initialPersons="0" loadedPersons="0" unloadedPersons="0" initialContainers="0" loadedContainers="0" unloadedContainers="0" busStop="945142241"/>
    <stopinfo id="8_bus_163:1" type="pt_bus" lane="-144909690_1" pos="90.86" parking="0" started="574.00" ended="604.00" delay="-1.00" initialPersons="0" loadedPersons="0" unloadedPersons="0" initialContainers="0" loadedContainers="0" unloadedContainers="0" busStop="-942861696"/>
    <stopinfo id="16_tram_63:1" type="pt_tram" lane="206889079#15_0" pos="47.68" parking="0" started="574.00" ended="604.00" delay="-1.00" initialPersons="0" loadedPersons="0" unloadedPersons="0" initialContainers="0" loadedContainers="0" unloadedContainers="0" busStop="1704693381"/>
    <stopinfo id="27_train_S46:0" type="pt_train" lane="22917994_0" pos="485.90" parking="0" started="575.00" ended="605.00" delay="-1.00" initialPersons="0" loadedPersons="0" unloadedPersons="0" initialContainers="0" loadedContainers="0" unloadedContainers="0" busStop="3508654675"/>
    <stopinfo id="26_train_S9:1" type="pt_train" lane="431786563_0" pos="1709.12" parking="0" started="578.00" ended="608.00" delay="-1.00" initialPersons="0" loadedPersons="0" unloadedPersons="0" initialContainers="0" loadedContainers="0" unloadedContainers="0" busStop="30499115"/>
    <stopinfo id="31_bus_163:3" type="pt_bus" lane="144909690_1" pos="439.20" parking="0" started="580.00" ended="610.00" delay="-1.00" initialPersons="0" loadedPersons="0" unloadedPersons="0" initialContainers="0" loadedContainers="0" unloadedContainers="0" busStop="94487938"/>
    <stopinfo id="9_bus_163:2" type="pt_bus" lane="977639651#1_2" pos="47.43" parking="0" started="585.00" ended="615.00" delay="-1.00" initialPersons="0" loadedPersons="0" unloadedPersons="0" initialContainers="0" loadedContainers="0" unloadedContainers="0" busStop="3812676495"/>
    <stopinfo id="24_bus_164:1" type="pt_bus" lane="143308542#6_1" pos="29.77" parking="0" started="586.00" ended="616.00" delay="-1.00" initialPersons="0" loadedPersons="0" unloadedPersons="0" initialContainers="0" loadedContainers="0" unloadedContainers="0" busStop="306982602"/>
    <stopinfo id="12_bus_164:0" type="pt_bus" lane="670062907#1_1" pos="38.12" parking="0" started="587.00" ended="617.00" delay="-1.00" initialPersons="0" loadedPersons="0" unloadedPersons="0" initialContainers="0" loadedContainers="0" unloadedContainers="0" busStop="464396566"/>
    <stopinfo id="34_bus_162:2" type="pt_bus" lane="-23913524#3_1" pos="90.77" parking="0" started="598.00" ended="628.00" delay="-1.00" initialPersons="0" loadedPersons="0" unloadedPersons="0" initialContainers="0" loadedContainers="0" unloadedContainers="0" busStop="-1383533494"/>
    <stopinfo id="35_bus_162:3" type="pt_bus" lane="-46150481#0_2" pos="33.53" parking="0" started="599.00" ended="629.00" delay="-1.00" initialPersons="0" loadedPersons="0" unloadedPersons="0" initialContainers="0" loadedContainers="0" unloadedContainers="0" busStop="-851572693"/>
    <stopinfo id="3_bus_172:0" type="pt_bus" lane="145586617#6_1" pos="538.36" parking="0" started="602.00" ended="632.00" delay="-1.00" initialPersons="0" loadedPersons="0" unloadedPersons="0" initialContainers="0" loadedContainers="0" unloadedContainers="0" busStop="664609203"/>
    <stopinfo id="11_bus_260:0" type="pt_bus" lane="-144909690_1" pos="421.42" parking="0" started="612.00" ended="642.00" delay="-1.00" initialPersons="0" loadedPersons="0" unloadedPersons="0" initialContainers="0" loadedContainers="0" unloadedContainers="0" busStop="-94487924"/>
    <stopinfo id="21_bus_260:1" type="pt_bus" lane="314415495#6_2" pos="57.33" parking="0" started="619.00" ended="649.00" delay="-1.00" initialPersons="0" loadedPersons="0" unloadedPersons="0" initialContainers="0" loadedContainers="0" unloadedContainers="0" busStop="664208807"/>
    <stopinfo id="32_bus_160:1" type="pt_bus" lane="81096611#0_1" pos="549.07" parking="0" started="619.00" ended="649.00" delay="-1.00" initialPersons="0" loadedPersons="0" unloadedPersons="0" initialContainers="0" loadedContainers="0" unloadedContainers="0" busStop="851572829"/>
    <stopinfo id="7_bus_163:0" type="pt_bus" lane="206889086#1_2" pos="29.34" parking="0" started="628.00" ended="658.00" delay="-1.00" initialPersons="0" loadedPersons="0" unloadedPersons="0" initialContainers="0" loadedContainers="0" unloadedContainers="0" busStop="1656195133"/>
    <stopinfo id="14_tram_61:1" type="pt_tram" lane="220198810#9_0" pos="42.30" parking="0" started="633.00" ended="663.00" delay="-1.00" initialPersons="0" loadedPersons="0" unloadedPersons="0" initialContainers="0" loadedContainers="0" unloadedContainers="0" busStop="1704693369"/>
    <stopinfo id="29_train_S85:0" type="pt_train" lane="22917994_0" pos="485.90" parking="0" started="642.00" ended="672.00" delay="-1.00" initialPersons="0" loadedPersons="0" unloadedPersons="0" initialContainers="0" loadedContainers="0" unloadedContainers="0" busStop="3508654675"/>
    <stopinfo id="9_bus_163:2" type="pt_bus" lane="318210360#0_2" pos="75.54" parking="0" started="645.00" ended="675.00" delay="-1.00" initialPersons="0" loadedPersons="0" unloadedPersons="0" initialContainers="0" loadedContainers="0" unloadedContainers="0" busStop="1383533461"/>
    <stopinfo id="28_train_S46:1" type="pt_train" lane="431786563_0" pos="1709.12" parking="0" started="645.00" ended="675.00" delay="-1.00" initialPersons="0" loadedPersons="0" unloadedPersons="0" initialContainers="0" loadedContainers="0" unloadedContainers="0" busStop="30499115"/>
    <stopinfo id="8_bus_163:1" type="pt_bus" lane="-144909690_1" pos="421.40" parking="0" started="651.00" ended="681.00" delay="-1.00" initialPersons="0" loadedPersons="0" unloadedPersons="0" initialContainers="0" loadedContainers="0" unloadedContainers="0" busStop="-94487924"/>
    <stopinfo id="12_bus_164:0" type="pt_bus" lane="143308546#1_1" pos="54.40" parking="0" started="657.00" ended="687.00" delay="-1.00" initialPersons="0" loadedPersons="0" unloadedPersons="0" initialContainers="0" loadedContainers="0" unloadedContainers="0" busStop="301331956"/>
    <stopinfo id="34_bus_162:2" type="pt_bus" lane="137534616#0_1" pos="41.04" parking="0" started="662.00" ended="692.00" delay="-1.00" initialPersons="0" loadedPersons="0" unloadedPersons="0" initialContainers="0" loadedContainers="0" unloadedContainers="0" busStop="1383533577"/>
    <stopinfo id="24_bus_164:1" type="pt_bus" lane="143308542#15_1" pos="41.27" parking="0" started="667.00" ended="697.00" delay="-1.00" initialPersons="0" loadedPersons="0" unloadedPersons="0" initialContainers="0" loadedContainers="0" unloadedContainers="0" busStop="464396589"/>
    <stopinfo id="21_bus_260:1" type="pt_bus" lane="314415495#15_2" pos="13.74" parking="0" started="687.00" ended="717.00" delay="-1.00" initialPersons="0" loadedPersons="0" unloadedPersons="0" initialContainers="0" loadedContainers="0" unloadedContainers="0" busStop="385200819"/>
    <stopinfo id="16_tram_63:1" type="pt_tram" lane="220198810#9_0" pos="42.30" parking="0" started="689.00" ended="719.00" delay="-1.00" initialPersons="0" loadedPersons="0" unloadedPersons="0" initialContainers="0" loadedContainers="0" unloadedContainers="0" busStop="1704693369"/>
    <stopinfo id="32_bus_160:1" type="pt_bus" lane="169076556#3_1" pos="21.00" parking="0" started="699.00" ended="729.00" delay="-1.00" initialPersons="0" loadedPersons="0" unloadedPersons="0" initialContainers="0" loadedContainers="0" unloadedContainers="0" busStop="301292770"/>
    <stopinfo id="30_train_S85:1" type="pt_train" lane="431786563_0" pos="1709.12" parking="0" started="712.00" ended="742.00" delay="-1.00" initialPersons="0" loadedPersons="0" unloadedPersons="0" initialContainers="0" loadedContainers="0" unloadedContainers="0" busStop="30499115"/>
    <stopinfo id="35_bus_162:3" type="pt_bus" lane="143308542#1_1" pos="45.42" parking="0" started="729.00" ended="759.00" delay="-1.00" initialPersons="0" loadedPersons="0" unloadedPersons="0" initialContainers="0" loadedContainers="0" unloadedContainers="0" busStop="464396487"/>
    <stopinfo id="34_bus_162:2" type="pt_bus" lane="149611526#0_1" pos="38.98" parking="0" started="732.00" ended="762.00" delay="-1.00" initialPersons="0" loadedPersons="0" unloadedPersons="0" initialContainers="0" loadedContainers="0" unloadedContainers="0" busStop="1383533575"/>
    <stopinfo id="31_bus_163:3" type="pt_bus" lane="204721579#2_1" pos="105.00" parking="0" started="744.00" ended="774.00" delay="-1.00" initialPersons="0" loadedPersons="0" unloadedPersons="0" initialContainers="0" loadedContainers="0" unloadedContainers="0" busStop="1383533462"/>
    <stopinfo id="35_bus_162:3" type="pt_bus" lane="143308542#6_1" pos="29.75" parking="0" started="784.00" ended="814.00" delay="-1.00" initialPersons="0" loadedPersons="0" unloadedPersons="0" initialContainers="0" loadedContainers="0" unloadedContainers="0" busStop="306982602"/>
    <stopinfo id="12_bus_164:0" type="pt_bus" lane="143308587#1_2" pos="37.36" parking="0" started="795.00" ended="825.00" delay="-1.00" initialPersons="0" loadedPersons="0" unloadedPersons="0" initialContainers="0" loadedContainers="0" unloadedContainers="0" busStop="1560223236"/>
    <stopinfo id="31_bus_163:3" type="pt_bus" lane="153021549#1_1" pos="46.73" parking="0" started="807.00" ended="837.00" delay="-1.00" initialPersons="0" loadedPersons="0" unloadedPersons="0" initialContainers="0" loadedContainers="0" unloadedContainers="0" busStop="1862990707"/>
    <stopinfo id="9_bus_163:2" type="pt_bus" lane="-144909690_1" pos="90.86" parking="0" started="831.00" ended="861.00" delay="-1.00" initialPersons="0" loadedPersons="0" unloadedPersons="0" initialContainers="0" loadedContainers="0" unloadedContainers="0" busStop="-942861696"/>
    <stopinfo id="3_bus_172:0" type="pt_bus" lane="145586617#6_1" pos="235.35" parking="0" started="833.00" ended="863.00" delay="-1.00" initialPersons="0" loadedPersons="0" unloadedPersons="0" initialContainers="0" loadedContainers="0" unloadedContainers="0" busStop="664609166"/>
    <stopinfo id="32_bus_160:1" type="pt_bus" lane="143308532#1_1" pos="42.28" parking="0" started="835.00" ended="865.00" delay="-1.00" initialPersons="0" loadedPersons="0" unloadedPersons="0" initialContainers="0" loadedContainers="0" unloadedContainers="0" busStop="671564316"/>
    <stopinfo id="24_bus_164:1" type="pt_bus" lane="806903753_1" pos="3.90" parking="0" started="867.00" ended="897.00" delay="-1.00" initialPersons="0" loadedPersons="0" unloadedPersons="0" initialContainers="0" loadedContainers="0" unloadedContainers="0" busStop="5315085711"/>
    <stopinfo id="34_bus_162:2" type="pt_bus" lane="206889086#1_2" pos="29.34" parking="0" started="868.00" ended="898.00" delay="-1.00" initialPersons="0" loadedPersons="0" unloadedPersons="0" initialContainers="0" loadedContainers="0" unloadedContainers="0" busStop="1656195133"/>
    <stopinfo id="35_bus_162:3" type="pt_bus" lane="143308542#15_1" pos="41.26" parking="0" started="875.00" ended="905.00" delay="-1.00" initialPersons="0" loadedPersons="0" unloadedPersons="0" initialContainers="0" loadedContainers="0" unloadedContainers="0" busStop="464396589"/>
    <stopinfo id="12_bus_164:0" type="pt_bus" lane="46150481#0_2" pos="49.00" parking="0" started="891.00" ended="921.00" delay="-1.00" initialPersons="0" loadedPersons="0" unloadedPersons="0" initialContainers="0" loadedContainers="0" unloadedContainers="0" busStop="852932398"/>
    <stopinfo id="32_bus_160:1" type="pt_bus" lane="143308532#7_1" pos="41.91" parking="0" started="897.00" ended="927.00" delay="-1.00" initialPersons="0" loadedPersons="0" unloadedPersons="0" initialContainers="0" loadedContainers="0" unloadedContainers="0" busStop="837696418"/>
    <stopinfo id="21_bus_260:1" type="pt_bus" lane="806903753_1" pos="3.92" parking="0" started="907.00" ended="937.00" delay="-1.00" initialPersons="0" loadedPersons="0" unloadedPersons="0" initialContainers="0" loadedContainers="0" unloadedContainers="0" busStop="5315085711"/>
    <stopinfo id="9_bus_163:2" type="pt_bus" lane="-144909690_1" pos="421.42" parking="0" started="907.00" ended="937.00" delay="-1.00" initialPersons="0" loadedPersons="0" unloadedPersons="0" initialContainers="0" loadedContainers="0" unloadedContainers="0" busStop="-94487924"/>
    <stopinfo id="24_bus_164:1" type="pt_bus" lane="24152326#0_1" pos="67.12" parking="0" started="929.00" ended="959.00" delay="-1.00" initialPersons="0" loadedPersons="0" unloadedPersons="0" initialContainers="0" loadedContainers="0" unloadedContainers="0" busStop="1383533459"/>
    <stopinfo id="31_bus_163:3" type="pt_bus" lane="206889086#1_2" pos="29.33" parking="0" started="971.00" ended="1001.00" delay="-1.00" initialPersons="0" loadedPersons="0" unloadedPersons="0" initialContainers="0" loadedContainers="0" unloadedContainers="0" busStop="1656195133"/>
    <stopinfo id="24_bus_164:1" type="pt_bus" lane="-137534616#0_1" pos="40.65" parking="0" started="1017.00" ended="1047.00" delay="-1.00" initialPersons="0" loadedPersons="0" unloadedPersons="0" initialContainers="0" loadedContainers="0" unloadedContainers="0" busStop="-1383533578"/>
    <stopinfo id="35_bus_162:3" type="pt_bus" lane="806903753_1" pos="3.88" parking="0" started="1026.00" ended="1056.00" delay="-1.00" initialPersons="0" loadedPersons="0" unloadedPersons="0" initialContainers="0" loadedContainers="0" unloadedContainers="0" busStop="5315085711"/>
    <stopinfo id="32_bus_160:1" type="pt_bus" lane="-141968830#1_1" pos="44.07" parking="0" started="1033.00" ended="1063.00" delay="-1.00" initialPersons="0" loadedPersons="0" unloadedPersons="0" initialContainers="0" loadedContainers="0" unloadedContainers="0" busStop="-1553912606"/>
    <stopinfo id="34_bus_162:2" type="pt_bus" lane="670062907#1_1" pos="38.09" parking="0" started="1055.00" ended="1085.00" delay="-1.00" initialPersons="0" loadedPersons="0" unloadedPersons="0" initialContainers="0" loadedContainers="0" unloadedContainers="0" busStop="464396566"/>
    <stopinfo id="32_bus_160:1" type="pt_bus" lane="-141968830#0_1" pos="65.59" parking="0" started="1078.00" ended="1108.00" delay="-1.00" initialPersons="0" loadedPersons="0" unloadedPersons="0" initialContainers="0" loadedContainers="0" unloadedContainers="0" busStop="-1094134880"/>
    <stopinfo id="24_bus_164:1" type="pt_bus" lane="23913524#3_1" pos="53.06" parking="0" started="1079.00" ended="1109.00" delay="-1.00" initialPersons="0" loadedPersons="0" unloadedPersons="0" initialContainers="0" loadedContainers="0" unloadedContainers="0" busStop="1383533492"/>
    <stopinfo id="35_bus_162:3" type="pt_bus" lane="24152326#0_1" pos="67.14" parking="0" started="1087.00" ended="1117.00" delay="-1.00" initialPersons="0" loadedPersons="0" unloadedPersons="0" initialContainers="0" loadedContainers="0" unloadedContainers="0" busStop="1383533459"/>
    <stopinfo id="31_bus_163:3" type="pt_bus" lane="318210378#0_2" pos="20.36" parking="0" started="1121.00" ended="1151.00" delay="-1.00" initialPersons="0" loadedPersons="0" unloadedPersons="0" initialContainers="0" loadedContainers="0" unloadedContainers="0" busStop="945142098"/>
    <stopinfo id="34_bus_162:2" type="pt_bus" lane="143308546#1_1" pos="54.40" parking="0" started="1123.00" ended="1153.00" delay="-1.00" initialPersons="0" loadedPersons="0" unloadedPersons="0" initialContainers="0" loadedContainers="0" unloadedContainers="0" busStop="301331956"/>
    <stopinfo id="3_bus_172:0" type="pt_bus" lane="145586617#0_1" pos="56.43" parking="0" started="1130.00" ended="1160.00" delay="-1.00" initialPersons="0" loadedPersons="0" unloadedPersons="0" initialContainers="0" loadedContainers="0" unloadedContainers="0" busStop="664609173"/>
    <stopinfo id="35_bus_162:3" type="pt_bus" lane="-137534616#0_1" pos="40.65" parking="0" started="1175.00" ended="1205.00" delay="-1.00" initialPersons="0" loadedPersons="0" unloadedPersons="0" initialContainers="0" loadedContainers="0" unloadedContainers="0" busStop="-1383533578"/>
    <stopinfo id="31_bus_163:3" type="pt_bus" lane="231626692#1_2" pos="183.36" parking="0" started="1197.00" ended="1227.00" delay="-1.00" initialPersons="0" loadedPersons="0" unloadedPersons="0" initialContainers="0" loadedContainers="0" unloadedContainers="0" busStop="2050022029"/>
    <stopinfo id="34_bus_162:2" type="pt_bus" lane="143308587#1_2" pos="37.35" parking="0" started="1210.00" ended="1240.00" delay="-1.00" initialPersons="0" loadedPersons="0" unloadedPersons="0" initialContainers="0" loadedContainers="0" unloadedContainers="0" busStop="1560223236"/>
    <stopinfo id="35_bus_162:3" type="pt_bus" lane="23913524#3_1" pos="53.04" parking="0" started="1237.00" ended="1267.00" delay="-1.00" initialPersons="0" loadedPersons="0" unloadedPersons="0" initialContainers="0" loadedContainers="0" unloadedContainers="0" busStop="1383533492"/>
    <stopinfo id="34_bus_162:2" type="pt_bus" lane="46150481#0_2" pos="49.00" parking="0" started="1316.00" ended="1346.00" delay="-1.00" initialPersons="0" loadedPersons="0" unloadedPersons="0" initialContainers="0" loadedContainers="0" unloadedContainers="0" busStop="852932398"/>
</stops>
