<viewsettings>
    <scheme name="custom_1">
        <opengl dither="0" fps="0" drawBoundaries="0" forceDrawPositionSelection="0" forceDrawRectangleSelection="0"/>
        <background backgroundColor="51,128,51" showGrid="0" gridXSize="100.00" gridYSize="100.00"/>
        <edges laneEdgeMode="0" scaleMode="0" laneShowBorders="1" showBikeMarkings="1" showLinkDecals="1" realisticLinkRules="0" showLinkRules="1" showRails="1" hideConnectors="1" widthExaggeration="1.00" minSize="0.00" showDirection="0" showSublanes="0" spreadSuperposed="0" edgeParam="EDGE_KEY" laneParam="LANE_KEY" vehicleParam="PARAM_NUMERICAL" vehicleScaleParam="PARAM_NUMERICAL" vehicleTextParam="PARAM_TEXT" edgeData="speed" edgeValueHideCheck="0" edgeValueHideThreshold="0.00"
                edgeName_show="0" edgeName_size="60.00" edgeName_color="orange" edgeName_bgColor="128,0,0,0" edgeName_constantSize="1" edgeName_onlySelected="0"
                internalEdgeName_show="0" internalEdgeName_size="45.00" internalEdgeName_color="128,64,0" internalEdgeName_bgColor="128,0,0,0" internalEdgeName_constantSize="1" internalEdgeName_onlySelected="0"
                cwaEdgeName_show="0" cwaEdgeName_size="60.00" cwaEdgeName_color="magenta" cwaEdgeName_bgColor="128,0,0,0" cwaEdgeName_constantSize="1" cwaEdgeName_onlySelected="0"
                streetName_show="0" streetName_size="60.00" streetName_color="yellow" streetName_bgColor="128,0,0,0" streetName_constantSize="1" streetName_onlySelected="0"
                edgeValue_show="0" edgeValue_size="100.00" edgeValue_color="cyan" edgeValue_bgColor="128,0,0,0" edgeValue_constantSize="1" edgeValue_onlySelected="0">
            <colorScheme name="uniform">
                <entry color="black" name="road"/>
                <entry color="grey" name="sidewalk"/>
                <entry color="192,66,44" name="bike lane"/>
                <entry color="0,0,0,0" name="green verge"/>
                <entry color="150,200,200" name="waterway"/>
                <entry color="black" name="railway"/>
                <entry color="64,0,64" name="rails on road"/>
                <entry color="92,92,92" name="no passenger"/>
                <entry color="red" name="closed"/>
                <entry color="green" name="connector"/>
                <entry color="orange" name="forbidden"/>
            </colorScheme>
            <colorScheme name="by selection">
                <entry color="grey" name="unselected"/>
                <entry color="0,80,180" name="selected"/>
            </colorScheme>
            <colorScheme name="by permission code" interpolated="1">
                <entry color="240,240,240" threshold="0.00" name="nobody"/>
                <entry color="grey" threshold="32.00" name="pedestrian"/>
                <entry color="10,10,10" threshold="64.00" name="passenger"/>
                <entry color="166,147,26" threshold="256.00" name="taxi"/>
                <entry color="40,100,40" threshold="512.00" name="bus"/>
                <entry color="80,80,80" threshold="2080.00" name="pedestrian_delivery"/>
                <entry color="192,66,44" threshold="65536.00" name="bicycle"/>
                <entry color="150,200,200" threshold="8388608.00" name="waterway"/>
                <entry color="255,206,0" threshold="50495455.00" name="motorway"/>
                <entry color="black" threshold="50593759.00" name="disallow_pedestrian"/>
                <entry color="black" threshold="50593791.00" name="normal_road"/>
                <entry color="green" threshold="67108863.00" name="all"/>
            </colorScheme>
            <colorScheme name="by allowed speed (lanewise)" interpolated="1">
                <entry color="red" threshold="0.00"/>
                <entry color="yellow" threshold="8.33"/>
                <entry color="green" threshold="15.28"/>
                <entry color="cyan" threshold="22.22"/>
                <entry color="blue" threshold="33.33"/>
                <entry color="magenta" threshold="41.67"/>
            </colorScheme>
            <colorScheme name="by current occupancy (lanewise, brutto)" interpolated="1">
                <entry color="235,235,235" threshold="0.00"/>
                <entry color="green" threshold="0.25"/>
                <entry color="yellow" threshold="0.50"/>
                <entry color="orange" threshold="0.75"/>
                <entry color="red" threshold="1.00"/>
            </colorScheme>
            <colorScheme name="by current occupancy (lanewise, netto)" interpolated="1">
                <entry color="235,235,235" threshold="0.00"/>
                <entry color="green" threshold="0.25"/>
                <entry color="yellow" threshold="0.50"/>
                <entry color="orange" threshold="0.75"/>
                <entry color="red" threshold="1.00"/>
            </colorScheme>
            <colorScheme name="by first vehicle waiting time (lanewise)" interpolated="1">
                <entry color="235,235,235" threshold="0.00"/>
                <entry color="cyan" threshold="30.00"/>
                <entry color="green" threshold="100.00"/>
                <entry color="yellow" threshold="200.00"/>
                <entry color="red" threshold="300.00"/>
            </colorScheme>
            <colorScheme name="by lane number (streetwise)" interpolated="1">
                <entry color="red" threshold="0.00"/>
                <entry color="blue" threshold="5.00"/>
            </colorScheme>
            <colorScheme name="by CO2 emissions" interpolated="1">
                <entry color="grey" threshold="0.00"/>
                <entry color="cyan" threshold="450.00"/>
                <entry color="green" threshold="900.00"/>
                <entry color="yellow" threshold="1350.00"/>
                <entry color="orange" threshold="1800.00"/>
                <entry color="red" threshold="2250.00"/>
                <entry color="magenta" threshold="3000.00"/>
            </colorScheme>
            <colorScheme name="by CO emissions" interpolated="1">
                <entry color="grey" threshold="0.00"/>
                <entry color="cyan" threshold="30.00"/>
                <entry color="green" threshold="60.00"/>
                <entry color="yellow" threshold="90.00"/>
                <entry color="orange" threshold="120.00"/>
                <entry color="red" threshold="150.00"/>
                <entry color="magenta" threshold="200.00"/>
            </colorScheme>
            <colorScheme name="by PMx emissions" interpolated="1">
                <entry color="grey" threshold="0.00"/>
                <entry color="cyan" threshold="0.30"/>
                <entry color="green" threshold="0.50"/>
                <entry color="yellow" threshold="0.80"/>
                <entry color="orange" threshold="1.00"/>
                <entry color="red" threshold="1.30"/>
                <entry color="magenta" threshold="1.60"/>
            </colorScheme>
            <colorScheme name="by NOx emissions" interpolated="1">
                <entry color="grey" threshold="0.00"/>
                <entry color="cyan" threshold="6.00"/>
                <entry color="green" threshold="12.00"/>
                <entry color="yellow" threshold="18.00"/>
                <entry color="orange" threshold="24.00"/>
                <entry color="red" threshold="30.00"/>
                <entry color="magenta" threshold="40.00"/>
            </colorScheme>
            <colorScheme name="by HC emissions" interpolated="1">
                <entry color="grey" threshold="0.00"/>
                <entry color="cyan" threshold="8.00"/>
                <entry color="green" threshold="16.00"/>
                <entry color="yellow" threshold="24.00"/>
                <entry color="orange" threshold="32.00"/>
                <entry color="red" threshold="40.00"/>
                <entry color="magenta" threshold="50.00"/>
            </colorScheme>
            <colorScheme name="by fuel consumption" interpolated="1">
                <entry color="grey" threshold="0.00"/>
                <entry color="cyan" threshold="0.20"/>
                <entry color="green" threshold="0.40"/>
                <entry color="yellow" threshold="0.60"/>
                <entry color="orange" threshold="0.80"/>
                <entry color="red" threshold="1.00"/>
                <entry color="magenta" threshold="1.30"/>
            </colorScheme>
            <colorScheme name="by noise emissions (Harmonoise)" interpolated="1">
                <entry color="grey" threshold="0.00"/>
                <entry color="cyan" threshold="1.30"/>
                <entry color="green" threshold="1.40"/>
                <entry color="yellow" threshold="1.60"/>
                <entry color="orange" threshold="1.70"/>
                <entry color="red" threshold="1.90"/>
                <entry color="magenta" threshold="2.40"/>
            </colorScheme>
            <colorScheme name="by global travel time" interpolated="1">
                <entry color="green" threshold="0.00"/>
                <entry color="red" threshold="100.00"/>
            </colorScheme>
            <colorScheme name="by global speed percentage" interpolated="1">
                <entry color="red" threshold="0.00"/>
                <entry color="yellow" threshold="50.00"/>
                <entry color="green" threshold="100.00"/>
            </colorScheme>
            <colorScheme name="by given length/geometrical length" interpolated="1">
                <entry color="red" threshold="0.00"/>
                <entry color="orange" threshold="0.25"/>
                <entry color="yellow" threshold="0.50"/>
                <entry color="179,179,179" threshold="1.00"/>
                <entry color="green" threshold="2.00"/>
                <entry color="cyan" threshold="4.00"/>
                <entry color="blue" threshold="100.00"/>
            </colorScheme>
            <colorScheme name="by angle">
                <entry color="yellow"/>
            </colorScheme>
            <colorScheme name="by loaded weight" interpolated="1">
                <entry color="green" threshold="0.00"/>
                <entry color="red" threshold="100.00"/>
            </colorScheme>
            <colorScheme name="by priority" interpolated="1">
                <entry color="red" threshold="-20.00"/>
                <entry color="yellow" threshold="0.00"/>
                <entry color="green" threshold="20.00"/>
            </colorScheme>
            <colorScheme name="by height at start" interpolated="1">
                <entry color="blue" threshold="-10.00"/>
                <entry color="grey" threshold="0.00"/>
                <entry color="red" threshold="10.00"/>
                <entry color="yellow" threshold="50.00"/>
                <entry color="green" threshold="100.00"/>
                <entry color="magenta" threshold="200.00"/>
            </colorScheme>
            <colorScheme name="by height at geometry-segment start" interpolated="1">
                <entry color="blue" threshold="-10.00"/>
                <entry color="grey" threshold="0.00"/>
                <entry color="red" threshold="10.00"/>
                <entry color="yellow" threshold="50.00"/>
                <entry color="green" threshold="100.00"/>
                <entry color="magenta" threshold="200.00"/>
            </colorScheme>
            <colorScheme name="by inclination" interpolated="1">
                <entry color="blue" threshold="-0.30"/>
                <entry color="green" threshold="-0.10"/>
                <entry color="grey" threshold="0.00"/>
                <entry color="yellow" threshold="0.10"/>
                <entry color="red" threshold="0.30"/>
            </colorScheme>
            <colorScheme name="by geometry-segment inclination" interpolated="1">
                <entry color="blue" threshold="-0.30"/>
                <entry color="green" threshold="-0.10"/>
                <entry color="grey" threshold="0.00"/>
                <entry color="yellow" threshold="0.10"/>
                <entry color="red" threshold="0.30"/>
            </colorScheme>
            <colorScheme name="by average speed" interpolated="1">
                <entry color="red" threshold="0.00"/>
                <entry color="yellow" threshold="8.33"/>
                <entry color="green" threshold="15.28"/>
                <entry color="cyan" threshold="22.22"/>
                <entry color="blue" threshold="33.33"/>
                <entry color="magenta" threshold="41.67"/>
            </colorScheme>
            <colorScheme name="by average relative speed " interpolated="1">
                <entry color="red" threshold="0.00"/>
                <entry color="yellow" threshold="0.25"/>
                <entry color="green" threshold="0.50"/>
                <entry color="cyan" threshold="0.75"/>
                <entry color="blue" threshold="1.00"/>
                <entry color="magenta" threshold="1.25"/>
            </colorScheme>
            <colorScheme name="by routing device assumed speed " interpolated="1">
                <entry color="red" threshold="0.00"/>
                <entry color="yellow" threshold="8.33"/>
                <entry color="green" threshold="15.28"/>
                <entry color="cyan" threshold="22.22"/>
                <entry color="blue" threshold="33.33"/>
                <entry color="magenta" threshold="41.67"/>
            </colorScheme>
            <colorScheme name="by electricity consumption" interpolated="1">
                <entry color="green" threshold="0.00"/>
                <entry color="cyan" threshold="0.20"/>
                <entry color="green" threshold="0.40"/>
                <entry color="yellow" threshold="0.60"/>
                <entry color="orange" threshold="0.80"/>
                <entry color="red" threshold="1.00"/>
                <entry color="magenta" threshold="2.00"/>
            </colorScheme>
            <colorScheme name="by insertion-backlog (streetwise)" interpolated="1">
                <entry color="204,204,204" threshold="0.00"/>
                <entry color="green" threshold="1.00"/>
                <entry color="yellow" threshold="10.00"/>
                <entry color="red" threshold="100.00"/>
            </colorScheme>
            <colorScheme name="by TAZ (streetwise)">
                <entry color="204,204,204" name="no TAZ"/>
            </colorScheme>
            <colorScheme name="by param (numerical, streetwise)" interpolated="1">
                <entry color="204,204,204" threshold="0.00"/>
            </colorScheme>
            <colorScheme name="by param (numerical, lanewise)" interpolated="1">
                <entry color="204,204,204" threshold="0.00"/>
            </colorScheme>
            <colorScheme name="by edgeData (numerical, streetwise)" interpolated="1">
                <entry color="204,204,204" name="missing data"/>
            </colorScheme>
            <colorScheme name="by distance (kilometrage)" interpolated="1">
                <entry color="blue" threshold="-10000.00"/>
                <entry color="204,204,255" threshold="-1.00"/>
                <entry color="204,204,204" threshold="0.00"/>
                <entry color="255,204,204" threshold="1.00"/>
                <entry color="red" threshold="10000.00"/>
            </colorScheme>
            <colorScheme name="by abs distance (kilometrage)" interpolated="1">
                <entry color="204,204,204" threshold="0.00"/>
                <entry color="red" threshold="1.00"/>
            </colorScheme>
            <colorScheme name="by reachability (traveltime)" interpolated="1">
                <entry color="204,204,204" threshold="0.00"/>
                <entry color="red" threshold="1.00"/>
            </colorScheme>
            <colorScheme name="by thread index" interpolated="1">
                <entry color="204,204,204" threshold="0.00"/>
                <entry color="red" threshold="1.00"/>
            </colorScheme>
            <colorScheme name="free parking spaces" interpolated="1">
                <entry color="204,204,204" threshold="0.00"/>
                <entry color="red" threshold="1.00"/>
                <entry color="yellow" threshold="10.00"/>
                <entry color="green" threshold="100.00"/>
                <entry color="blue" threshold="1000.00"/>
            </colorScheme>
            <scalingScheme name="default">
                <entry color="1.00" name="uniform"/>
            </scalingScheme>
            <scalingScheme name="by selection">
                <entry color="0.50" name="unselected"/>
                <entry color="5.00" name="selected"/>
            </scalingScheme>
            <scalingScheme name="by allowed speed (lanewise)" interpolated="1">
                <entry color="0.00" threshold="0.00"/>
                <entry color="10.00" threshold="41.67"/>
            </scalingScheme>
            <scalingScheme name="by current occupancy (lanewise, brutto)" interpolated="1">
                <entry color="0.00" threshold="0.00"/>
                <entry color="10.00" threshold="0.95"/>
            </scalingScheme>
            <scalingScheme name="by current occupancy (lanewise, netto)" interpolated="1">
                <entry color="0.00" threshold="0.00"/>
                <entry color="10.00" threshold="0.95"/>
            </scalingScheme>
            <scalingScheme name="by first vehicle waiting time (lanewise)" interpolated="1">
                <entry color="0.00" threshold="0.00"/>
                <entry color="10.00" threshold="300.00"/>
            </scalingScheme>
            <scalingScheme name="by lane number (streetwise)" interpolated="1">
                <entry color="1.00" threshold="0.00"/>
                <entry color="10.00" threshold="5.00"/>
            </scalingScheme>
            <scalingScheme name="by CO2 emissions" interpolated="1">
                <entry color="0.00" threshold="0.00"/>
                <entry color="10.00" threshold="0.27"/>
            </scalingScheme>
            <scalingScheme name="by CO emissions" interpolated="1">
                <entry color="0.00" threshold="0.00"/>
                <entry color="10.00" threshold="0.00"/>
            </scalingScheme>
            <scalingScheme name="by PMx emissions" interpolated="1">
                <entry color="0.00" threshold="0.00"/>
                <entry color="10.00" threshold="0.00"/>
            </scalingScheme>
            <scalingScheme name="by NOx emissions" interpolated="1">
                <entry color="0.00" threshold="0.00"/>
                <entry color="10.00" threshold="0.00"/>
            </scalingScheme>
            <scalingScheme name="by HC emissions" interpolated="1">
                <entry color="0.00" threshold="0.00"/>
                <entry color="10.00" threshold="0.00"/>
            </scalingScheme>
            <scalingScheme name="by fuel consumption" interpolated="1">
                <entry color="0.00" threshold="0.00"/>
                <entry color="10.00" threshold="0.07"/>
            </scalingScheme>
            <scalingScheme name="by noise emissions (Harmonoise)" interpolated="1">
                <entry color="0.00" threshold="0.00"/>
                <entry color="10.00" threshold="100.00"/>
            </scalingScheme>
            <scalingScheme name="by global travel time" interpolated="1">
                <entry color="0.00" threshold="0.00"/>
                <entry color="10.00" threshold="100.00"/>
            </scalingScheme>
            <scalingScheme name="by global speed percentage" interpolated="1">
                <entry color="0.00" threshold="0.00"/>
                <entry color="10.00" threshold="100.00"/>
            </scalingScheme>
            <scalingScheme name="by given length/geometrical length" interpolated="1">
                <entry color="0.00" threshold="0.00"/>
                <entry color="10.00" threshold="10.00"/>
            </scalingScheme>
            <scalingScheme name="by loaded weight" interpolated="1">
                <entry color="-1000.00" threshold="-1000.00"/>
                <entry color="0.00" threshold="0.00"/>
                <entry color="1000.00" threshold="1000.00"/>
            </scalingScheme>
            <scalingScheme name="by priority" interpolated="1">
                <entry color="0.50" threshold="-20.00"/>
                <entry color="1.00" threshold="0.00"/>
                <entry color="5.00" threshold="20.00"/>
            </scalingScheme>
            <scalingScheme name="by average speed" interpolated="1">
                <entry color="0.00" threshold="0.00"/>
                <entry color="10.00" threshold="41.67"/>
            </scalingScheme>
            <scalingScheme name="by average relative speed" interpolated="1">
                <entry color="0.00" threshold="0.00"/>
                <entry color="0.50" threshold="0.50"/>
                <entry color="2.00" threshold="1.00"/>
                <entry color="10.00" threshold="2.00"/>
            </scalingScheme>
            <scalingScheme name="by electricity consumption" interpolated="1">
                <entry color="0.00" threshold="0.00"/>
                <entry color="10.00" threshold="0.03"/>
            </scalingScheme>
            <scalingScheme name="by insertion-backlog (streetwise)" interpolated="1">
                <entry color="0.00" threshold="0.00"/>
                <entry color="1.00" threshold="1.00"/>
                <entry color="10.00" threshold="10.00"/>
                <entry color="50.00" threshold="100.00"/>
            </scalingScheme>
            <colorScheme name="meso:uniform">
                <entry color="0,0,0,0"/>
            </colorScheme>
            <colorScheme name="meso:by selection">
                <entry color="grey" name="unselected"/>
                <entry color="0,80,180" name="selected"/>
            </colorScheme>
            <colorScheme name="meso:by purpose (streetwise)">
                <entry color="0,0,0,0" name="normal"/>
                <entry color="128,0,128" name="connector"/>
                <entry color="blue" name="internal"/>
            </colorScheme>
            <colorScheme name="meso:by allowed speed (streetwise)" interpolated="1">
                <entry color="red" threshold="0.00"/>
                <entry color="yellow" threshold="8.33"/>
                <entry color="green" threshold="15.28"/>
                <entry color="cyan" threshold="22.22"/>
                <entry color="blue" threshold="33.33"/>
                <entry color="magenta" threshold="41.67"/>
            </colorScheme>
            <colorScheme name="meso:by current occupancy (streetwise, brutto)" interpolated="1">
                <entry color="blue" threshold="0.00"/>
                <entry color="red" threshold="0.95"/>
            </colorScheme>
            <colorScheme name="meso:by current speed (streetwise)" interpolated="1">
                <entry color="red" threshold="0.00"/>
                <entry color="yellow" threshold="8.33"/>
                <entry color="green" threshold="15.28"/>
                <entry color="cyan" threshold="22.22"/>
                <entry color="blue" threshold="33.33"/>
                <entry color="magenta" threshold="41.67"/>
            </colorScheme>
            <colorScheme name="meso:by current flow (streetwise)" interpolated="1">
                <entry color="blue" threshold="0.00"/>
                <entry color="red" threshold="5000.00"/>
            </colorScheme>
            <colorScheme name="meso:by relative speed (streetwise)" interpolated="1">
                <entry color="red" threshold="0.00"/>
                <entry color="yellow" threshold="0.25"/>
                <entry color="green" threshold="0.50"/>
                <entry color="cyan" threshold="0.75"/>
                <entry color="blue" threshold="1.00"/>
                <entry color="magenta" threshold="1.25"/>
            </colorScheme>
            <colorScheme name="meso:by routing device assumed speed" interpolated="1">
                <entry color="red" threshold="0.00"/>
                <entry color="yellow" threshold="8.33"/>
                <entry color="green" threshold="15.28"/>
                <entry color="cyan" threshold="22.22"/>
                <entry color="blue" threshold="33.33"/>
                <entry color="magenta" threshold="41.67"/>
            </colorScheme>
            <colorScheme name="meso:by angle">
                <entry color="yellow"/>
            </colorScheme>
            <colorScheme name="meso:by segments (alternating)">
                <entry color="blue" name="odd"/>
                <entry color="red" name="even"/>
            </colorScheme>
            <colorScheme name="meso:by jammed state (segmentwise)">
                <entry color="green" name="free"/>
                <entry color="yellow" name="limitedControl"/>
                <entry color="red" name="jammed"/>
            </colorScheme>
            <colorScheme name="meso:by current occupancy (segmentwise, brutto)" interpolated="1">
                <entry color="blue" threshold="0.00"/>
                <entry color="red" threshold="0.95"/>
            </colorScheme>
            <colorScheme name="meso:by current speed (segmentwise)" interpolated="1">
                <entry color="red" threshold="0.00"/>
                <entry color="yellow" threshold="8.33"/>
                <entry color="green" threshold="15.28"/>
                <entry color="cyan" threshold="22.22"/>
                <entry color="blue" threshold="33.33"/>
                <entry color="magenta" threshold="41.67"/>
            </colorScheme>
            <colorScheme name="meso:by current flow (segmentwise)" interpolated="1">
                <entry color="blue" threshold="0.00"/>
                <entry color="red" threshold="5000.00"/>
            </colorScheme>
            <colorScheme name="meso:by relative speed (segmentwise)" interpolated="1">
                <entry color="red" threshold="0.00"/>
                <entry color="yellow" threshold="0.25"/>
                <entry color="green" threshold="0.50"/>
                <entry color="cyan" threshold="0.75"/>
                <entry color="blue" threshold="1.00"/>
                <entry color="magenta" threshold="1.25"/>
            </colorScheme>
            <colorScheme name="meso:by insertion-backlog (streetwise)" interpolated="1">
                <entry color="grey" threshold="0.00"/>
                <entry color="green" threshold="1.00"/>
                <entry color="yellow" threshold="10.00"/>
                <entry color="red" threshold="100.00"/>
            </colorScheme>
            <colorScheme name="meso:by TAZ (streetwise)">
                <entry color="204,204,204" name="no TAZ"/>
            </colorScheme>
            <colorScheme name="meso:by param (numerical, streetwise)" interpolated="1">
                <entry color="204,204,204" threshold="0.00"/>
            </colorScheme>
            <colorScheme name="meso:by edgeData (numerical, streetwise)" interpolated="1">
                <entry color="204,204,204" name="missing data"/>
            </colorScheme>
            <scalingScheme name="uniform">
                <entry color="1.00"/>
            </scalingScheme>
            <scalingScheme name="by selection">
                <entry color="0.50" name="unselected"/>
                <entry color="5.00" name="selected"/>
            </scalingScheme>
            <scalingScheme name="by allowed speed (streetwise)" interpolated="1">
                <entry color="0.00" threshold="0.00"/>
                <entry color="10.00" threshold="41.67"/>
            </scalingScheme>
            <scalingScheme name="by current occupancy (streetwise, brutto)" interpolated="1">
                <entry color="0.00" threshold="0.00"/>
                <entry color="10.00" threshold="0.95"/>
            </scalingScheme>
            <scalingScheme name="by current speed (streetwise)" interpolated="1">
                <entry color="0.00" threshold="0.00"/>
                <entry color="10.00" threshold="41.67"/>
            </scalingScheme>
            <scalingScheme name="by current flow (streetwise)" interpolated="1">
                <entry color="0.00" threshold="0.00"/>
                <entry color="20.00" threshold="5000.00"/>
            </scalingScheme>
            <scalingScheme name="by relative speed (streetwise)" interpolated="1">
                <entry color="0.00" threshold="0.00"/>
                <entry color="20.00" threshold="1.00"/>
            </scalingScheme>
            <scalingScheme name="by insertion-backlog (streetwise)" interpolated="1">
                <entry color="0.00" threshold="0.00"/>
                <entry color="1.00" threshold="1.00"/>
                <entry color="10.00" threshold="10.00"/>
                <entry color="50.00" threshold="100.00"/>
            </scalingScheme>
        </edges>
        <vehicles vehicleMode="10" vehicleScaleMode="0" vehicleQuality="2" vehicle_minSize="0.00" vehicle_exaggeration="1.00" vehicle_constantSize="1" vehicle_constantSizeSelected="0" showBlinker="1" drawMinGap="0" drawBrakeGap="0" showBTRange="0" showRouteIndex="0" scaleLength="1" showParkingInfo="0"
                  vehicleName_show="0" vehicleName_size="60.00" vehicleName_color="204,153,0" vehicleName_bgColor="128,0,0,0" vehicleName_constantSize="1" vehicleName_onlySelected="0"
                  vehicleValue_show="0" vehicleValue_size="80.00" vehicleValue_color="cyan" vehicleValue_bgColor="128,0,0,0" vehicleValue_constantSize="1" vehicleValue_onlySelected="0"
                  vehicleScaleValue_show="0" vehicleScaleValue_size="80.00" vehicleScaleValue_color="grey" vehicleScaleValue_bgColor="128,0,0,0" vehicleScaleValue_constantSize="1" vehicleScaleValue_onlySelected="0"
                  vehicleText_show="0" vehicleText_size="80.00" vehicleText_color="red" vehicleText_bgColor="128,0,0,0" vehicleText_constantSize="1" vehicleText_onlySelected="0">
            <colorScheme name="given vehicle/type/route color">
                <entry color="yellow"/>
            </colorScheme>
            <colorScheme name="uniform">
                <entry color="yellow"/>
            </colorScheme>
            <colorScheme name="given/assigned vehicle color">
                <entry color="yellow"/>
            </colorScheme>
            <colorScheme name="given/assigned type color">
                <entry color="yellow"/>
            </colorScheme>
            <colorScheme name="given/assigned route color">
                <entry color="yellow"/>
            </colorScheme>
            <colorScheme name="depart position as HSV">
                <entry color="yellow"/>
            </colorScheme>
            <colorScheme name="arrival position as HSV">
                <entry color="yellow"/>
            </colorScheme>
            <colorScheme name="direction/distance as HSV">
                <entry color="yellow"/>
            </colorScheme>
            <colorScheme name="by speed" interpolated="1">
                <entry color="grey" threshold="-2.00"/>
                <entry color="red" threshold="-1.00"/>
                <entry color="red" threshold="0.00"/>
                <entry color="yellow" threshold="8.33"/>
                <entry color="green" threshold="15.28"/>
                <entry color="cyan" threshold="22.22"/>
                <entry color="blue" threshold="33.33"/>
                <entry color="magenta" threshold="41.67"/>
            </colorScheme>
            <colorScheme name="by action step">
                <entry color="grey" name="no action"/>
                <entry color="green" name="action in next step"/>
                <entry color="80,160,80" name="had action step"/>
            </colorScheme>
            <colorScheme name="by waiting time" interpolated="1">
                <entry color="blue" threshold="0.00"/>
                <entry color="cyan" threshold="30.00"/>
                <entry color="green" threshold="100.00"/>
                <entry color="yellow" threshold="200.00"/>
                <entry color="red" threshold="300.00"/>
            </colorScheme>
            <colorScheme name="by accumulated waiting time" interpolated="1">
                <entry color="blue" threshold="0.00"/>
                <entry color="cyan" threshold="25.00"/>
                <entry color="green" threshold="50.00"/>
                <entry color="yellow" threshold="75.00"/>
                <entry color="red" threshold="100.00"/>
            </colorScheme>
            <colorScheme name="by time since lane change" interpolated="1">
                <entry color="189,189,179" threshold="-180.00"/>
                <entry color="yellow" threshold="-20.00"/>
                <entry color="red" threshold="-0.01"/>
                <entry color="179,179,179" threshold="0.00" name="0"/>
                <entry color="blue" threshold="0.01"/>
                <entry color="cyan" threshold="20.00"/>
                <entry color="179,189,189" threshold="180.00"/>
            </colorScheme>
            <colorScheme name="by max speed" interpolated="1">
                <entry color="red" threshold="0.00"/>
                <entry color="yellow" threshold="8.33"/>
                <entry color="green" threshold="15.28"/>
                <entry color="cyan" threshold="22.22"/>
                <entry color="blue" threshold="33.33"/>
                <entry color="magenta" threshold="41.67"/>
            </colorScheme>
            <colorScheme name="by CO2 emissions" interpolated="1">
                <entry color="grey" threshold="0.00"/>
                <entry color="cyan" threshold="23000.00"/>
                <entry color="green" threshold="46000.00"/>
                <entry color="yellow" threshold="69000.00"/>
                <entry color="orange" threshold="92000.00"/>
                <entry color="red" threshold="115000.00"/>
                <entry color="magenta" threshold="150000.00"/>
            </colorScheme>
            <colorScheme name="by CO emissions" interpolated="1">
                <entry color="grey" threshold="0.00"/>
                <entry color="cyan" threshold="1500.00"/>
                <entry color="green" threshold="3000.00"/>
                <entry color="yellow" threshold="4500.00"/>
                <entry color="orange" threshold="6000.00"/>
                <entry color="red" threshold="7500.00"/>
                <entry color="magenta" threshold="10000.00"/>
            </colorScheme>
            <colorScheme name="by PMx emissions" interpolated="1">
                <entry color="grey" threshold="0.00"/>
                <entry color="cyan" threshold="12.00"/>
                <entry color="green" threshold="24.00"/>
                <entry color="yellow" threshold="36.00"/>
                <entry color="orange" threshold="48.00"/>
                <entry color="red" threshold="60.00"/>
                <entry color="magenta" threshold="80.00"/>
            </colorScheme>
            <colorScheme name="by NOx emissions" interpolated="1">
                <entry color="grey" threshold="0.00"/>
                <entry color="cyan" threshold="300.00"/>
                <entry color="green" threshold="600.00"/>
                <entry color="yellow" threshold="900.00"/>
                <entry color="orange" threshold="1200.00"/>
                <entry color="red" threshold="1500.00"/>
                <entry color="magenta" threshold="2000.00"/>
            </colorScheme>
            <colorScheme name="by HC emissions" interpolated="1">
                <entry color="grey" threshold="0.00"/>
                <entry color="cyan" threshold="400.00"/>
                <entry color="green" threshold="800.00"/>
                <entry color="yellow" threshold="1200.00"/>
                <entry color="orange" threshold="1600.00"/>
                <entry color="red" threshold="2000.00"/>
                <entry color="magenta" threshold="2500.00"/>
            </colorScheme>
            <colorScheme name="by fuel consumption" interpolated="1">
                <entry color="grey" threshold="0.00"/>
                <entry color="cyan" threshold="10.00"/>
                <entry color="green" threshold="20.00"/>
                <entry color="yellow" threshold="30.00"/>
                <entry color="orange" threshold="40.00"/>
                <entry color="red" threshold="50.00"/>
                <entry color="magenta" threshold="60.00"/>
            </colorScheme>
            <colorScheme name="by noise emissions (Harmonoise)" interpolated="1">
                <entry color="grey" threshold="0.00"/>
                <entry color="cyan" threshold="60.00"/>
                <entry color="green" threshold="70.00"/>
                <entry color="yellow" threshold="80.00"/>
                <entry color="orange" threshold="90.00"/>
                <entry color="red" threshold="100.00"/>
                <entry color="magenta" threshold="120.00"/>
            </colorScheme>
            <colorScheme name="by reroute number" interpolated="1">
                <entry color="grey" threshold="0.00"/>
                <entry color="yellow" threshold="1.00"/>
                <entry color="red" threshold="10.00"/>
            </colorScheme>
            <colorScheme name="by selection">
                <entry color="179,179,179" name="unselected"/>
                <entry color="0,102,204" name="selected"/>
            </colorScheme>
            <colorScheme name="by offset from best lane" interpolated="1">
                <entry color="magenta" threshold="-100.00" name="opposite lane"/>
                <entry color="red" threshold="-3.00" name="-3"/>
                <entry color="yellow" threshold="-1.00" name="-1"/>
                <entry color="179,179,179" threshold="0.00" name="0"/>
                <entry color="cyan" threshold="1.00" name="1"/>
                <entry color="blue" threshold="3.00" name="3"/>
            </colorScheme>
            <colorScheme name="by acceleration" interpolated="1">
                <entry color="64,0,0" threshold="-9.00"/>
                <entry color="red" threshold="-4.50"/>
                <entry color="yellow" threshold="-0.10"/>
                <entry color="179,179,179" threshold="0.00" name="0"/>
                <entry color="cyan" threshold="0.10"/>
                <entry color="blue" threshold="2.60"/>
                <entry color="magenta" threshold="5.20"/>
            </colorScheme>
            <colorScheme name="by time gap on lane" interpolated="1">
                <entry color="179,179,179" threshold="-1.00"/>
                <entry color="yellow" threshold="0.00" name="0"/>
                <entry color="cyan" threshold="1.00"/>
                <entry color="blue" threshold="2.00"/>
            </colorScheme>
            <colorScheme name="by depart delay" interpolated="1">
                <entry color="blue" threshold="0.00"/>
                <entry color="cyan" threshold="30.00"/>
                <entry color="green" threshold="100.00"/>
                <entry color="yellow" threshold="200.00"/>
                <entry color="red" threshold="300.00"/>
            </colorScheme>
            <colorScheme name="by electricity consumption" interpolated="1">
                <entry color="grey" threshold="0.00"/>
                <entry color="cyan" threshold="10.00"/>
                <entry color="green" threshold="20.00"/>
                <entry color="yellow" threshold="30.00"/>
                <entry color="orange" threshold="40.00"/>
                <entry color="red" threshold="60.00"/>
                <entry color="magenta" threshold="100.00"/>
            </colorScheme>
            <colorScheme name="by time loss" interpolated="1">
                <entry color="blue" threshold="0.00"/>
                <entry color="cyan" threshold="10.00"/>
                <entry color="green" threshold="60.00"/>
                <entry color="yellow" threshold="180.00"/>
                <entry color="red" threshold="900.00"/>
            </colorScheme>
            <colorScheme name="by stop delay" interpolated="1">
                <entry color="grey" threshold="-1.00"/>
                <entry color="blue" threshold="0.00"/>
                <entry color="cyan" threshold="10.00"/>
                <entry color="green" threshold="60.00"/>
                <entry color="yellow" threshold="120.00"/>
                <entry color="orange" threshold="300.00"/>
                <entry color="red" threshold="900.00"/>
            </colorScheme>
            <colorScheme name="by stop arrival delay" interpolated="1">
                <entry color="magenta" threshold="-10.00"/>
                <entry color="blue" threshold="0.00"/>
                <entry color="cyan" threshold="10.00"/>
                <entry color="green" threshold="60.00"/>
                <entry color="yellow" threshold="120.00"/>
                <entry color="orange" threshold="300.00"/>
                <entry color="red" threshold="900.00"/>
                <entry color="grey"/>
            </colorScheme>
            <colorScheme name="by lateral speed" interpolated="1">
                <entry color="red" threshold="-3.00" name="-1.5"/>
                <entry color="yellow" threshold="-1.00" name="-0.5"/>
                <entry color="179,179,179" threshold="0.00" name="0"/>
                <entry color="cyan" threshold="1.00" name="0.5"/>
                <entry color="blue" threshold="3.00" name="1.5"/>
            </colorScheme>
            <colorScheme name="by param (numerical)" interpolated="1">
                <entry color="204,204,204" threshold="0.00"/>
            </colorScheme>
            <colorScheme name="random">
                <entry color="yellow"/>
            </colorScheme>
            <colorScheme name="by angle">
                <entry color="yellow"/>
            </colorScheme>
            <scalingScheme name="uniform">
                <entry color="1.00"/>
            </scalingScheme>
            <scalingScheme name="by selection">
                <entry color="1.00" name="unselected"/>
                <entry color="5.00" name="selected"/>
            </scalingScheme>
            <scalingScheme name="by speed" interpolated="1">
                <entry color="0.50" threshold="-2.00"/>
                <entry color="1.00" threshold="-1.00"/>
                <entry color="1.00" threshold="1.00"/>
                <entry color="5.00" threshold="41.67"/>
            </scalingScheme>
            <scalingScheme name="by waiting time" interpolated="1">
                <entry color="1.00" threshold="1.00"/>
                <entry color="1.00" threshold="30.00"/>
                <entry color="2.00" threshold="100.00"/>
                <entry color="4.00" threshold="200.00"/>
                <entry color="10.00" threshold="300.00"/>
            </scalingScheme>
            <scalingScheme name="by accumulated waiting time" interpolated="1">
                <entry color="1.00" threshold="1.00"/>
                <entry color="5.00" threshold="100.00"/>
            </scalingScheme>
            <scalingScheme name="by max speed" interpolated="1">
                <entry color="1.00" threshold="0.00"/>
                <entry color="1.00" threshold="8.33"/>
                <entry color="1.00" threshold="15.28"/>
                <entry color="1.00" threshold="22.22"/>
                <entry color="1.00" threshold="33.33"/>
                <entry color="1.00" threshold="41.67"/>
            </scalingScheme>
            <scalingScheme name="by reroute number" interpolated="1">
                <entry color="1.00" threshold="0.00"/>
                <entry color="1.00" threshold="1.00"/>
                <entry color="5.00" threshold="10.00"/>
            </scalingScheme>
            <scalingScheme name="by offset from best lane" interpolated="1">
                <entry color="5.00" threshold="-100.00" name="opposite lane"/>
                <entry color="3.00" threshold="-3.00" name="-3"/>
                <entry color="1.50" threshold="-1.00" name="-1"/>
                <entry color="0.80" threshold="0.00" name="0"/>
                <entry color="1.50" threshold="1.00" name="1"/>
                <entry color="3.00" threshold="3.00" name="3"/>
            </scalingScheme>
            <scalingScheme name="by acceleration" interpolated="1">
                <entry color="4.00" threshold="-9.00"/>
                <entry color="2.00" threshold="-4.50"/>
                <entry color="1.00" threshold="-0.10"/>
                <entry color="0.80" threshold="0.00" name="0"/>
                <entry color="1.00" threshold="0.10"/>
                <entry color="1.00" threshold="2.60"/>
                <entry color="3.00" threshold="5.20"/>
            </scalingScheme>
            <scalingScheme name="by time gap on lane" interpolated="1">
                <entry color="1.00" threshold="-1.00"/>
                <entry color="5.00" threshold="0.00" name="0"/>
                <entry color="1.00" threshold="1.00"/>
                <entry color="0.50" threshold="2.00"/>
            </scalingScheme>
            <scalingScheme name="by depart delay" interpolated="1">
                <entry color="0.80" threshold="0.00"/>
                <entry color="1.00" threshold="10.00"/>
                <entry color="2.00" threshold="100.00"/>
                <entry color="3.00" threshold="200.00"/>
                <entry color="5.00" threshold="300.00"/>
            </scalingScheme>
            <scalingScheme name="by time loss" interpolated="1">
                <entry color="1.00" threshold="0.00"/>
                <entry color="1.00" threshold="10.00"/>
                <entry color="2.00" threshold="60.00"/>
                <entry color="3.00" threshold="180.00"/>
                <entry color="10.00" threshold="900.00"/>
            </scalingScheme>
            <scalingScheme name="by stop delay" interpolated="1">
                <entry color="0.10" threshold="-1.00"/>
                <entry color="1.00" threshold="0.00"/>
                <entry color="2.00" threshold="10.00"/>
                <entry color="3.00" threshold="60.00"/>
                <entry color="4.00" threshold="120.00"/>
                <entry color="5.00" threshold="300.00"/>
                <entry color="10.00" threshold="900.00"/>
            </scalingScheme>
            <scalingScheme name="by stop arrival delay" interpolated="1">
                <entry color="0.50" threshold="-10.00"/>
                <entry color="1.00" threshold="0.00"/>
                <entry color="2.00" threshold="10.00"/>
                <entry color="3.00" threshold="60.00"/>
                <entry color="4.00" threshold="120.00"/>
                <entry color="5.00" threshold="300.00"/>
                <entry color="10.00" threshold="900.00"/>
                <entry color="0.10"/>
            </scalingScheme>
            <scalingScheme name="by param (numerical)" interpolated="1">
                <entry color="1.00" threshold="0.00"/>
            </scalingScheme>
        </vehicles>
        <persons personMode="4" personQuality="1" person_minSize="1.00" person_exaggeration="1.00" person_constantSize="1" person_constantSizeSelected="0"
                 personName_show="0" personName_size="60.00" personName_color="0,153,204" personName_bgColor="128,0,0,0" personName_constantSize="1" personName_onlySelected="0"
                  personValue_show="0" personValue_size="80.00" personValue_color="cyan" personValue_bgColor="128,0,0,0" personValue_constantSize="1" personValue_onlySelected="0">
            <colorScheme name="given person/type color">
                <entry color="blue"/>
            </colorScheme>
            <colorScheme name="uniform">
                <entry color="blue"/>
            </colorScheme>
            <colorScheme name="given/assigned person color">
                <entry color="blue"/>
            </colorScheme>
            <colorScheme name="given/assigned type color">
                <entry color="blue"/>
            </colorScheme>
            <colorScheme name="by speed" interpolated="1">
                <entry color="grey" threshold="-2.00"/>
                <entry color="grey" threshold="-1.00"/>
                <entry color="red" threshold="0.00"/>
                <entry color="yellow" threshold="0.69"/>
                <entry color="green" threshold="1.39"/>
                <entry color="blue" threshold="2.78"/>
            </colorScheme>
            <colorScheme name="by mode">
                <entry color="grey" name="waiting for insertion"/>
                <entry color="red" name="stopped"/>
                <entry color="green" name="walking"/>
                <entry color="blue" name="riding"/>
                <entry color="cyan" name="accessing trainStop"/>
                <entry color="yellow" name="waiting for ride"/>
            </colorScheme>
            <colorScheme name="by waiting time" interpolated="1">
                <entry color="blue" threshold="0.00"/>
                <entry color="cyan" threshold="30.00"/>
                <entry color="green" threshold="100.00"/>
                <entry color="yellow" threshold="200.00"/>
                <entry color="red" threshold="300.00"/>
            </colorScheme>
            <colorScheme name="by jammed state" interpolated="1">
                <entry color="blue" threshold="0.00"/>
                <entry color="red" threshold="1.00"/>
            </colorScheme>
            <colorScheme name="by selection">
                <entry color="179,179,179" name="unselected"/>
                <entry color="0,102,204" name="selected"/>
            </colorScheme>
            <colorScheme name="by angle">
                <entry color="yellow"/>
            </colorScheme>
            <colorScheme name="random">
                <entry color="yellow"/>
            </colorScheme>
        </persons>
        <containers containerMode="0" containerQuality="2" container_minSize="1.00" container_exaggeration="1.00" container_constantSize="0" container_constantSizeSelected="0"
                 containerName_show="0" containerName_size="60.00" containerName_color="0,153,204" containerName_bgColor="128,0,0,0" containerName_constantSize="1" containerName_onlySelected="0">
            <colorScheme name="given container/type color">
                <entry color="yellow"/>
            </colorScheme>
            <colorScheme name="uniform">
                <entry color="yellow"/>
            </colorScheme>
            <colorScheme name="given/assigned container color">
                <entry color="yellow"/>
            </colorScheme>
            <colorScheme name="given/assigned type color">
                <entry color="yellow"/>
            </colorScheme>
            <colorScheme name="by speed" interpolated="1">
                <entry color="red" threshold="0.00"/>
                <entry color="yellow" threshold="0.69"/>
                <entry color="green" threshold="1.39"/>
                <entry color="blue" threshold="2.78"/>
            </colorScheme>
            <colorScheme name="by mode">
                <entry color="grey" name="waiting for insertion"/>
                <entry color="red" name="stopped"/>
                <entry color="green" name="tranship"/>
                <entry color="blue" name="transport"/>
                <entry color="cyan" name="accessing trainStop"/>
                <entry color="yellow" name="waiting for transport"/>
            </colorScheme>
            <colorScheme name="by waiting time" interpolated="1">
                <entry color="blue" threshold="0.00"/>
                <entry color="cyan" threshold="30.00"/>
                <entry color="green" threshold="100.00"/>
                <entry color="yellow" threshold="200.00"/>
                <entry color="red" threshold="300.00"/>
            </colorScheme>
            <colorScheme name="by selection">
                <entry color="179,179,179" name="unselected"/>
                <entry color="0,102,204" name="selected"/>
            </colorScheme>
            <colorScheme name="by angle">
                <entry color="yellow"/>
            </colorScheme>
            <colorScheme name="random">
                <entry color="yellow"/>
            </colorScheme>
        </containers>
        <junctions junctionMode="0"
                   drawLinkTLIndex_show="0" drawLinkTLIndex_size="65.00" drawLinkTLIndex_color="128,128,255" drawLinkTLIndex_bgColor="0,0,0,0" drawLinkTLIndex_constantSize="0" drawLinkTLIndex_onlySelected="0"
                   drawLinkJunctionIndex_show="0" drawLinkJunctionIndex_size="65.00" drawLinkJunctionIndex_color="128,128,255" drawLinkJunctionIndex_bgColor="0,0,0,0" drawLinkJunctionIndex_constantSize="0" drawLinkJunctionIndex_onlySelected="0"
                   junctionID_show="0" junctionID_size="60.00" junctionID_color="0,255,128" junctionID_bgColor="128,0,0,0" junctionID_constantSize="1" junctionID_onlySelected="0"
                   junctionName_show="0" junctionName_size="60.00" junctionName_color="192,255,128" junctionName_bgColor="128,0,0,0" junctionName_constantSize="1" junctionName_onlySelected="0"
                   internalJunctionName_show="0" internalJunctionName_size="50.00" internalJunctionName_color="0,204,128" internalJunctionName_bgColor="128,0,0,0" internalJunctionName_constantSize="1" internalJunctionName_onlySelected="0"
                   tlsPhaseIndex_show="0" tlsPhaseIndex_size="150.00" tlsPhaseIndex_color="yellow" tlsPhaseIndex_bgColor="128,0,0,0" tlsPhaseIndex_constantSize="1" tlsPhaseIndex_onlySelected="0" tlsPhaseName_show="0" tlsPhaseName_size="150.00" tlsPhaseName_color="orange" tlsPhaseName_bgColor="128,0,0,0" tlsPhaseName_constantSize="1" tlsPhaseName_onlySelected="0"
                   showLane2Lane="0" drawShape="1" drawCrossingsAndWalkingareas="1" junction_minSize="1.00" junction_exaggeration="1.00" junction_constantSize="0" junction_constantSizeSelected="0">
            <colorScheme name="uniform">
                <entry color="black"/>
                <entry color="150,200,200" name="waterway"/>
                <entry color="0,0,0,0" name="railway"/>
            </colorScheme>
            <colorScheme name="by selection">
                <entry color="grey" name="unselected"/>
                <entry color="0,80,180" name="selected"/>
            </colorScheme>
            <colorScheme name="by type">
                <entry color="green" name="traffic_light"/>
                <entry color="0,128,0" name="traffic_light_unregulated"/>
                <entry color="yellow" name="priority"/>
                <entry color="red" name="priority_stop"/>
                <entry color="blue" name="right_before_left"/>
                <entry color="cyan" name="allway_stop"/>
                <entry color="grey" name="district"/>
                <entry color="magenta" name="unregulated"/>
                <entry color="black" name="dead_end"/>
                <entry color="orange" name="rail_signal"/>
                <entry color="172,108,44" name="zipper"/>
                <entry color="192,255,192" name="traffic_light_right_on_red"/>
                <entry color="128,0,128" name="rail_crossing"/>
            </colorScheme>
            <colorScheme name="by height" interpolated="1">
                <entry color="blue" threshold="-10.00"/>
                <entry color="grey" threshold="0.00"/>
                <entry color="red" threshold="10.00"/>
                <entry color="yellow" threshold="50.00"/>
                <entry color="green" threshold="100.00"/>
                <entry color="magenta" threshold="200.00"/>
            </colorScheme>
        </junctions>
        <additionals addMode="0" add_minSize="1.00" add_exaggeration="1.00" add_constantSize="0" add_constantSizeSelected="0" addName_show="0" addName_size="60.00" addName_color="255,0,128" addName_bgColor="128,0,0,0" addName_constantSize="1" addName_onlySelected="0" addFullName_show="0" addFullName_size="60.00" addFullName_color="255,0,128" addFullName_bgColor="128,0,0,0" addFullName_constantSize="1" addFullName_onlySelected="0" busStopColor="76,170,50" busStopColorSign="255,235,0" chargingStationColor="114,210,252" chargingStationColorCharge="255,180,0" chargingStationColorSign="255,235,0" containerStopColor="83,89,172" containerStopColorSign="177,184,186,171" parkingAreaColor="83,89,172" parkingAreaColorSign="177,184,186" parkingSpaceColor="255,200,200" parkingSpaceColorContour="green" personTripColor="200,0,255" personTripWidth="0.25" rideColor="blue" rideWidth="0.25" selectedAdditionalColor="0,0,150" selectedConnectionColor="0,0,100" selectedContainerColor="0,0,120" selectedContainerPlanColor="0,0,130" selectedCrossingColor="0,100,196" selectedEdgeColor="0,0,204" selectedEdgeDataColor="0,0,150" selectedLaneColor="0,0,128" selectedPersonColor="0,0,120" selectedPersonPlanColor="0,0,130" selectedProhibitionColor="0,0,120" selectedRouteColor="0,0,150" selectedVehicleColor="0,0,100" selectionColor="0,0,204" stopColor="220,20,30" waypointColor="0,127,14" stopContainerColor="red" stopPersonColor="red" trainStopColor="76,170,50" trainStopColorSign="255,235,0" transhipColor="100,0,200" transhipWidth="0.25" transportColor="100,200,0" transportWidth="0.25" tripWidth="0.20" vehicleTripColor="200,0,255" walkColor="green" walkWidth="0.25"/>
        <pois poiTextParam="PARAM_TEXT" poi_minSize="0.00" poi_exaggeration="1.00" poi_constantSize="0" poi_constantSizeSelected="0" poiDetail="16" poiName_show="0" poiName_size="50.00" poiName_color="255,0,128" poiName_bgColor="128,0,0,0" poiName_constantSize="1" poiName_onlySelected="0" poiType_show="0" poiType_size="60.00" poiType_color="255,0,128" poiType_bgColor="128,0,0,0" poiType_constantSize="1" poiType_onlySelected="0" poiText_show="0" poiText_size="80.00" poiText_color="140,0,255" poiText_bgColor="128,0,0,0" poiText_constantSize="1" poiText_onlySelected="0">
            <colorScheme name="given POI color">
                <entry color="red"/>
            </colorScheme>
            <colorScheme name="by selection">
                <entry color="179,179,179" name="unselected"/>
                <entry color="0,102,204" name="selected"/>
            </colorScheme>
            <colorScheme name="uniform">
                <entry color="red"/>
            </colorScheme>
        </pois>
        <polys poly_minSize="0.00" poly_exaggeration="1.00" poly_constantSize="0" poly_constantSizeSelected="0" polyName_show="0" polyName_size="50.00" polyName_color="255,0,128" polyName_bgColor="128,0,0,0" polyName_constantSize="1" polyName_onlySelected="0" polyType_show="0" polyType_size="60.00" polyType_color="255,0,128" polyType_bgColor="128,0,0,0" polyType_constantSize="1" polyType_onlySelected="0">
            <colorScheme name="given polygon color">
                <entry color="orange"/>
            </colorScheme>
            <colorScheme name="by selection">
                <entry color="179,179,179" name="unselected"/>
                <entry color="0,102,204" name="selected"/>
            </colorScheme>
            <colorScheme name="uniform">
                <entry color="orange"/>
            </colorScheme>
        </polys>
        <legend showSizeLegend="1" showColorLegend="0" showVehicleColorLegend="0"/>
    </scheme>
</viewsettings>
