<?xml version="1.0" encoding="UTF-8"?>

<!-- generated on 2023-04-21 13:05:30.333135 by osmWebWizard.py v1_16_0+2276-4f188b51225
<configuration>
    <net-file value="C:\erdm_ja\sip-svn-trunk\papers\DLR\SUMO_Conference2023\tutorial\01_wizard\2023-04-21-13-05-22\osm.net.xml.gz"/>
    <output-trip-file value="C:\erdm_ja\sip-svn-trunk\papers\DLR\SUMO_Conference2023\tutorial\01_wizard\2023-04-21-13-05-22\osm.bicycle.trips.xml"/>
    <route-file value="C:\erdm_ja\sip-svn-trunk\papers\DLR\SUMO_Conference2023\tutorial\01_wizard\2023-04-21-13-05-22\osm.bicycle.rou.xml"/>
    <prefix value="bike"/>
    <trip-attributes value="departLane=&quot;best&quot;"/>
    <fringe-start-attributes value="departSpeed=&quot;max&quot;"/>
    <fringe-factor value="2"/>
    <max-distance value="8000.0"/>
    <vclass value="bicycle"/>
    <vehicle-class value="bicycle"/>
    <remove-loops value="True"/>
    <via-edge-types value="highway.motorway,highway.motorway_link,highway.trunk_link,highway.primary_link,highway.secondary_link,highway.tertiary_link"/>
    <validate value="True"/>
    <insertion-density value="6.0"/>
</configuration>
-->

<!-- generated on 2023-04-21 13:05:30 by Eclipse SUMO duarouter Version v1_16_0+2276-4f188b51225
<configuration xmlns:xsi="http://www.w3.org/2001/XMLSchema-instance" xsi:noNamespaceSchemaLocation="http://sumo.dlr.de/xsd/duarouterConfiguration.xsd">

    <input>
        <net-file value="C:\erdm_ja\sip-svn-trunk\papers\DLR\SUMO_Conference2023\tutorial\01_wizard\2023-04-21-13-05-22\osm.net.xml.gz"/>
        <route-files value="C:\erdm_ja\sip-svn-trunk\papers\DLR\SUMO_Conference2023\tutorial\01_wizard\2023-04-21-13-05-22\osm.bicycle.trips.xml"/>
    </input>

    <output>
        <output-file value="C:\erdm_ja\sip-svn-trunk\papers\DLR\SUMO_Conference2023\tutorial\01_wizard\2023-04-21-13-05-22\osm.bicycle.trips.xml.tmp"/>
        <alternatives-output value="NUL"/>
        <write-trips value="true"/>
    </output>

    <processing>
        <remove-loops value="true"/>
    </processing>

    <time>
        <begin value="0.0"/>
        <end value="3600.0"/>
    </time>

    <report>
        <no-warnings value="true"/>
        <ignore-errors value="true"/>
        <no-step-log value="true"/>
    </report>

</configuration>
-->

<routes xmlns:xsi="http://www.w3.org/2001/XMLSchema-instance" xsi:noNamespaceSchemaLocation="http://sumo.dlr.de/xsd/routes_file.xsd">
    <vType id="bike_bicycle" vClass="bicycle"/>
    <trip id="bike0" type="bike_bicycle" depart="0.00" departLane="best" from="-142575704#17" to="-1144883445#4"/>
    <trip id="bike1" type="bike_bicycle" depart="9.23" departLane="best" from="-31344737#1" to="-257072321#1"/>
    <trip id="bike2" type="bike_bicycle" depart="18.46" departLane="best" from="-24931878#0" to="24733617#1"/>
    <trip id="bike3" type="bike_bicycle" depart="27.69" departLane="best" departSpeed="max" from="683917425" to="142575655#19"/>
    <trip id="bike4" type="bike_bicycle" depart="36.92" departLane="best" from="-841345129#4" to="-1149091031#0"/>
    <trip id="bike5" type="bike_bicycle" depart="46.15" departLane="best" departSpeed="max" from="-246099078#1" to="-142575655#14"/>
    <trip id="bike6" type="bike_bicycle" depart="55.38" departLane="best" from="-1144883445#2" to="180789857#2"/>
    <trip id="bike7" type="bike_bicycle" depart="64.60" departLane="best" from="-1050728695#0" to="-142575691#4"/>
    <trip id="bike8" type="bike_bicycle" depart="73.83" departLane="best" from="-24733617#1" to="-143308493#2"/>
    <trip id="bike9" type="bike_bicycle" depart="83.06" departLane="best" from="-318210394" to="-1050728727"/>
    <trip id="bike10" type="bike_bicycle" depart="92.29" departLane="best" from="318210377#0" to="25728863#3"/>
    <trip id="bike11" type="bike_bicycle" depart="101.52" departLane="best" from="-465634676#1" to="-142575737#5"/>
    <trip id="bike12" type="bike_bicycle" depart="110.75" departLane="best" from="142575693#8" to="579026240#0"/>
    <trip id="bike13" type="bike_bicycle" depart="119.98" departLane="best" departSpeed="max" from="-142575659" to="-142575656#2"/>
    <trip id="bike14" type="bike_bicycle" depart="129.21" departLane="best" from="45875465" to="143308532#1"/>
    <trip id="bike15" type="bike_bicycle" depart="138.44" departLane="best" from="318210378#0" to="28888490#2"/>
    <trip id="bike16" type="bike_bicycle" depart="147.67" departLane="best" from="1155396202#1" to="887919962#2"/>
    <trip id="bike17" type="bike_bicycle" depart="156.90" departLane="best" departSpeed="max" from="-583563978#2" to="71028774#0"/>
    <trip id="bike18" type="bike_bicycle" depart="166.13" departLane="best" departSpeed="max" from="40636828#0" to="143308646#1"/>
    <trip id="bike19" type="bike_bicycle" depart="175.35" departLane="best" from="52081116#3" to="-142575710#6"/>
    <trip id="bike20" type="bike_bicycle" depart="184.58" departLane="best" from="158228537" to="-1155396201#0"/>
    <trip id="bike21" type="bike_bicycle" depart="193.81" departLane="best" from="24931845#1" to="-328868438#0"/>
    <trip id="bike22" type="bike_bicycle" depart="203.04" departLane="best" from="142575655#2" to="25728863#2"/>
    <trip id="bike23" type="bike_bicycle" depart="212.27" departLane="best" from="-142575687#2" to="-318210361#0"/>
    <trip id="bike24" type="bike_bicycle" depart="221.50" departLane="best" from="-142575701#4" to="-702305709#1"/>
    <trip id="bike26" type="bike_bicycle" depart="239.96" departLane="best" departSpeed="max" from="-28888490#3" to="843949733#0"/>
    <trip id="bike27" type="bike_bicycle" depart="249.19" departLane="best" from="142575710#6" to="143308546#7"/>
    <trip id="bike28" type="bike_bicycle" depart="258.42" departLane="best" departSpeed="max" from="-143308669#1" to="28888490#1"/>
    <trip id="bike29" type="bike_bicycle" depart="267.65" departLane="best" from="-143308560#1" to="-841345129#6"/>
    <trip id="bike30" type="bike_bicycle" depart="276.88" departLane="best" from="-976699223#0" to="149670380#1"/>
    <trip id="bike31" type="bike_bicycle" depart="286.10" departLane="best" departSpeed="max" from="1157486051" to="24931845#2"/>
    <trip id="bike32" type="bike_bicycle" depart="295.33" departLane="best" from="-45875459#0" to="357043350"/>
    <trip id="bike33" type="bike_bicycle" depart="304.56" departLane="best" from="-24931878#0" to="114207232#1"/>
    <trip id="bike34" type="bike_bicycle" depart="313.79" departLane="best" from="-38915290#2" to="-314415495#1"/>
    <trip id="bike35" type="bike_bicycle" depart="323.02" departLane="best" from="-230625607#1" to="875752723"/>
    <trip id="bike36" type="bike_bicycle" depart="332.25" departLane="best" from="-581636334#0" to="-412992935#3"/>
    <trip id="bike37" type="bike_bicycle" depart="341.48" departLane="best" from="142575737#5" to="-875752724#1"/>
    <trip id="bike38" type="bike_bicycle" depart="350.71" departLane="best" from="-802021414#3" to="1147088176"/>
    <trip id="bike39" type="bike_bicycle" depart="359.94" departLane="best" from="-28888490#0" to="26991766#1"/>
    <trip id="bike40" type="bike_bicycle" depart="369.17" departLane="best" from="-116342915" to="-31100755#3"/>
    <trip id="bike41" type="bike_bicycle" depart="378.40" departLane="best" from="142575656#2" to="81096605"/>
    <trip id="bike42" type="bike_bicycle" depart="387.63" departLane="best" from="-702305709#0" to="24791992"/>
    <trip id="bike43" type="bike_bicycle" depart="396.85" departLane="best" departSpeed="max" from="978808182" to="-142575655#7"/>
    <trip id="bike44" type="bike_bicycle" depart="406.08" departLane="best" from="-142575656#8" to="-1155396202#0"/>
    <trip id="bike45" type="bike_bicycle" depart="415.31" departLane="best" from="-142575689#1" to="143482770#0"/>
    <trip id="bike46" type="bike_bicycle" depart="424.54" departLane="best" from="-314415495#13" to="1050686766#3"/>
    <trip id="bike47" type="bike_bicycle" depart="433.77" departLane="best" from="-320741892" to="841345134#2"/>
    <trip id="bike48" type="bike_bicycle" depart="443.00" departLane="best" from="976918148#6" to="142575686#1"/>
    <trip id="bike49" type="bike_bicycle" depart="452.23" departLane="best" from="887919962#1" to="887919962#10"/>
    <trip id="bike50" type="bike_bicycle" depart="461.46" departLane="best" departSpeed="max" from="-1051024638#1" to="26991690"/>
    <trip id="bike51" type="bike_bicycle" depart="470.69" departLane="best" from="143308600#1" to="142575688#3"/>
    <trip id="bike52" type="bike_bicycle" depart="479.92" departLane="best" departSpeed="max" from="-28888490#3" to="-156071615#0"/>
    <trip id="bike53" type="bike_bicycle" depart="489.15" departLane="best" from="142575690#2" to="1051578539#3"/>
    <trip id="bike54" type="bike_bicycle" depart="498.38" departLane="best" from="-867334329#1" to="887910341#14"/>
    <trip id="bike55" type="bike_bicycle" depart="507.60" departLane="best" from="-579269933#0" to="-31100755#4"/>
    <trip id="bike56" type="bike_bicycle" depart="516.83" departLane="best" departSpeed="max" from="114024899#0" to="143482763"/>
    <trip id="bike57" type="bike_bicycle" depart="526.06" departLane="best" from="-774644126#0" to="688303295#0"/>
    <trip id="bike58" type="bike_bicycle" depart="535.29" departLane="best" departSpeed="max" from="-328288208" to="149670380#0"/>
    <trip id="bike59" type="bike_bicycle" depart="544.52" departLane="best" from="142575688#9" to="-142575737#0"/>
    <trip id="bike60" type="bike_bicycle" depart="553.75" departLane="best" from="-26843019#0" to="142575688#8"/>
    <trip id="bike61" type="bike_bicycle" depart="562.98" departLane="best" from="302943909#2" to="142575686#3"/>
    <trip id="bike62" type="bike_bicycle" depart="572.21" departLane="best" from="1050686757#0" to="-461093303#0"/>
    <trip id="bike63" type="bike_bicycle" depart="581.44" departLane="best" from="-114024903#1" to="843832577#1"/>
    <trip id="bike64" type="bike_bicycle" depart="590.67" departLane="best" from="26991766#3" to="578659364#1"/>
    <trip id="bike65" type="bike_bicycle" depart="599.90" departLane="best" departSpeed="max" from="-356766925#1" to="-1155421471#0"/>
    <trip id="bike67" type="bike_bicycle" depart="618.36" departLane="best" from="-142575656#11" to="1157486045#1"/>
    <trip id="bike68" type="bike_bicycle" depart="627.58" departLane="best" departSpeed="max" from="-134100875" to="318210378#1"/>
    <trip id="bike69" type="bike_bicycle" depart="636.81" departLane="best" from="-125399002#0" to="142575695#1"/>
    <trip id="bike70" type="bike_bicycle" depart="646.04" departLane="best" from="976918148#3" to="142575692#7"/>
    <trip id="bike71" type="bike_bicycle" depart="655.27" departLane="best" from="-28888490#0" to="689735906#0"/>
    <trip id="bike72" type="bike_bicycle" depart="664.50" departLane="best" from="-841345129#6" to="24152326#0"/>
    <trip id="bike73" type="bike_bicycle" depart="673.73" departLane="best" departSpeed="max" from="1155398308#0" to="28888490#2"/>
    <trip id="bike74" type="bike_bicycle" depart="682.96" departLane="best" from="-180789857#2" to="412992929#1"/>
    <trip id="bike75" type="bike_bicycle" depart="692.19" departLane="best" from="976918148#5" to="180789857#1"/>
    <trip id="bike76" type="bike_bicycle" depart="701.42" departLane="best" departSpeed="max" from="-841976402#1" to="-142575656#6"/>
    <trip id="bike77" type="bike_bicycle" depart="710.65" departLane="best" from="142575700#1" to="-257072321#11"/>
    <trip id="bike78" type="bike_bicycle" depart="719.88" departLane="best" from="-461093303#3" to="142598710#2"/>
    <trip id="bike79" type="bike_bicycle" depart="729.11" departLane="best" departSpeed="max" from="-24931878#2" to="24931845#0"/>
    <trip id="bike80" type="bike_bicycle" depart="738.33" departLane="best" departSpeed="max" from="-134100876" to="143482774#1"/>
    <trip id="bike81" type="bike_bicycle" depart="747.56" departLane="best" from="24931878#0" to="840221740"/>
    <trip id="bike82" type="bike_bicycle" depart="756.79" departLane="best" departSpeed="max" from="52081116#0" to="-1157488012"/>
    <trip id="bike84" type="bike_bicycle" depart="775.25" departLane="best" from="-24152326#0" to="-142575700#3"/>
    <trip id="bike85" type="bike_bicycle" depart="784.48" departLane="best" from="-843190005#3" to="142575704#20"/>
    <trip id="bike86" type="bike_bicycle" depart="793.71" departLane="best" from="976918147#1" to="-40636828#1"/>
    <trip id="bike87" type="bike_bicycle" depart="802.94" departLane="best" from="318210378#1" to="156071615#2"/>
    <trip id="bike88" type="bike_bicycle" depart="812.17" departLane="best" from="-142575672#4" to="-1051412287#1"/>
    <trip id="bike89" type="bike_bicycle" depart="821.40" departLane="best" from="841345129#6" to="1155062963#1"/>
    <trip id="bike90" type="bike_bicycle" depart="830.63" departLane="best" from="-24733617#1" to="246099078#1"/>
    <trip id="bike91" type="bike_bicycle" depart="839.86" departLane="best" from="976390654#0" to="-142575656#8"/>
    <trip id="bike92" type="bike_bicycle" depart="849.08" departLane="best" from="-71028777#0" to="-579026245"/>
    <trip id="bike93" type="bike_bicycle" depart="858.31" departLane="best" from="52081116#3" to="-26991766#14"/>
    <trip id="bike94" type="bike_bicycle" depart="867.54" departLane="best" from="155846073#2" to="114285336#1"/>
    <trip id="bike95" type="bike_bicycle" depart="876.77" departLane="best" from="-841345129#4" to="-318210361#2"/>
    <trip id="bike96" type="bike_bicycle" depart="886.00" departLane="best" from="-26816413#0" to="841976398#1"/>
    <trip id="bike97" type="bike_bicycle" depart="895.23" departLane="best" departSpeed="max" from="-843832577#1" to="670062912#1"/>
    <trip id="bike98" type="bike_bicycle" depart="904.46" departLane="best" from="1155421473#1" to="-1155396208#0"/>
    <trip id="bike99" type="bike_bicycle" depart="913.69" departLane="best" from="-998133653" to="-579026245"/>
    <trip id="bike100" type="bike_bicycle" depart="922.92" departLane="best" from="887919960#5" to="841976403"/>
    <trip id="bike101" type="bike_bicycle" depart="932.15" departLane="best" departSpeed="max" from="46039050#0" to="-143308521#3"/>
    <trip id="bike102" type="bike_bicycle" depart="941.38" departLane="best" departSpeed="max" from="1050728727" to="24733617#0"/>
    <trip id="bike103" type="bike_bicycle" depart="950.61" departLane="best" from="-71028774#0" to="-1155421471#1"/>
    <trip id="bike104" type="bike_bicycle" depart="959.83" departLane="best" departSpeed="max" from="-583563978#2" to="976390654#1"/>
    <trip id="bike105" type="bike_bicycle" depart="969.06" departLane="best" from="-28888490#1" to="397678492#1"/>
    <trip id="bike106" type="bike_bicycle" depart="978.29" departLane="best" from="-875752722" to="1050728695#1"/>
    <trip id="bike107" type="bike_bicycle" depart="987.52" departLane="best" from="142575693#8" to="-976918148#2"/>
    <trip id="bike108" type="bike_bicycle" depart="996.75" departLane="best" from="-1157486045#0" to="-26843019#3"/>
    <trip id="bike109" type="bike_bicycle" depart="1005.98" departLane="best" from="-143308505#4" to="-357043349#0"/>
    <trip id="bike110" type="bike_bicycle" depart="1015.21" departLane="best" from="887919960#4" to="142575712"/>
    <trip id="bike111" type="bike_bicycle" depart="1024.44" departLane="best" departSpeed="max" from="1155398311#0" to="314415495#16"/>
    <trip id="bike112" type="bike_bicycle" depart="1033.67" departLane="best" departSpeed="max" from="-1157486045#1" to="142575737#1"/>
    <trip id="bike113" type="bike_bicycle" depart="1042.90" departLane="best" from="-114024903#0" to="583563982"/>
    <trip id="bike114" type="bike_bicycle" depart="1052.13" departLane="best" from="-143308527#0" to="887910341#3"/>
    <trip id="bike115" type="bike_bicycle" depart="1061.36" departLane="best" from="142575655#20" to="-149670376"/>
    <trip id="bike116" type="bike_bicycle" depart="1070.59" departLane="best" departSpeed="max" from="142575677#0" to="24733616"/>
    <trip id="bike117" type="bike_bicycle" depart="1079.81" departLane="best" from="257072321#14" to="-142575690#0"/>
    <trip id="bike118" type="bike_bicycle" depart="1089.04" departLane="best" from="679901151" to="-26843019#4"/>
    <trip id="bike119" type="bike_bicycle" depart="1098.27" departLane="best" departSpeed="max" from="142575677#0" to="143308646#1"/>
    <trip id="bike120" type="bike_bicycle" depart="1107.50" departLane="best" departSpeed="max" from="-840101824#1" to="142575737#0"/>
    <trip id="bike121" type="bike_bicycle" depart="1116.73" departLane="best" from="115227682#1" to="843949729"/>
    <trip id="bike122" type="bike_bicycle" depart="1125.96" departLane="best" from="-180789857#7" to="26843019#0"/>
    <trip id="bike123" type="bike_bicycle" depart="1135.19" departLane="best" from="-257072321#8" to="-875752724#1"/>
    <trip id="bike124" type="bike_bicycle" depart="1144.42" departLane="best" from="-143308527#8" to="-38507369#1"/>
    <trip id="bike125" type="bike_bicycle" depart="1153.65" departLane="best" from="-397678492#0" to="314415495#4"/>
    <trip id="bike126" type="bike_bicycle" depart="1162.88" departLane="best" departSpeed="max" from="-137483015#2" to="114952399#1"/>
    <trip id="bike127" type="bike_bicycle" depart="1172.11" departLane="best" from="-998133305" to="-976918148#3"/>
    <trip id="bike128" type="bike_bicycle" depart="1181.34" departLane="best" departSpeed="max" from="-137483015#2" to="246099079"/>
    <trip id="bike129" type="bike_bicycle" depart="1190.56" departLane="best" from="-28888490#1" to="843832588#1"/>
    <trip id="bike130" type="bike_bicycle" depart="1199.79" departLane="best" from="-616846343#0" to="702305710#0"/>
    <trip id="bike131" type="bike_bicycle" depart="1209.02" departLane="best" departSpeed="max" from="-579269947#1" to="-143308493#1"/>
    <trip id="bike133" type="bike_bicycle" depart="1227.48" departLane="best" departSpeed="max" from="142575690#0" to="976390654#4"/>
    <trip id="bike134" type="bike_bicycle" depart="1236.71" departLane="best" from="-142575737#3" to="-1050728732"/>
    <trip id="bike135" type="bike_bicycle" depart="1245.94" departLane="best" from="334308447#4" to="-38507369#0"/>
    <trip id="bike136" type="bike_bicycle" depart="1255.17" departLane="best" departSpeed="max" from="143308521#0" to="843949736"/>
    <trip id="bike137" type="bike_bicycle" depart="1264.40" departLane="best" from="142575704#5" to="-142575688#5"/>
    <trip id="bike138" type="bike_bicycle" depart="1273.63" departLane="best" from="-142575688#6" to="142575693#6"/>
    <trip id="bike139" type="bike_bicycle" depart="1282.86" departLane="best" from="31100755#1" to="-142575674#5"/>
    <trip id="bike140" type="bike_bicycle" depart="1292.09" departLane="best" from="-180800504#2" to="180789857#9"/>
    <trip id="bike141" type="bike_bicycle" depart="1301.31" departLane="best" from="142575701#2" to="31344737#1"/>
    <trip id="bike142" type="bike_bicycle" depart="1310.54" departLane="best" from="1051263372#1" to="840101824#1"/>
    <trip id="bike143" type="bike_bicycle" depart="1319.77" departLane="best" from="45875459#5" to="-142575656#1"/>
    <trip id="bike144" type="bike_bicycle" depart="1329.00" departLane="best" from="-841345129#6" to="-314415495#5"/>
    <trip id="bike145" type="bike_bicycle" depart="1338.23" departLane="best" from="-1050686766#2" to="334308450#2"/>
    <trip id="bike146" type="bike_bicycle" depart="1347.46" departLane="best" from="-142575704#1" to="-31100755#2"/>
    <trip id="bike147" type="bike_bicycle" depart="1356.69" departLane="best" from="257072321#14" to="142575693#3"/>
    <trip id="bike148" type="bike_bicycle" depart="1365.92" departLane="best" from="-841345135#0" to="-1051263372#1"/>
    <trip id="bike149" type="bike_bicycle" depart="1375.15" departLane="best" from="-142575655#10" to="71028777#2"/>
    <trip id="bike150" type="bike_bicycle" depart="1384.38" departLane="best" from="702305709#1" to="142575691#5"/>
    <trip id="bike151" type="bike_bicycle" depart="1393.61" departLane="best" departSpeed="max" from="40985814#0" to="142575734#0"/>
    <trip id="bike152" type="bike_bicycle" depart="1402.84" departLane="best" from="-142598710#2" to="142575694#3"/>
    <trip id="bike153" type="bike_bicycle" depart="1412.06" departLane="best" departSpeed="max" from="-357043349#1" to="81096614"/>
    <trip id="bike154" type="bike_bicycle" depart="1421.29" departLane="best" from="314415495#2" to="670062909#1"/>
    <trip id="bike156" type="bike_bicycle" depart="1439.75" departLane="best" from="-26816413#0" to="-142575661#4"/>
    <trip id="bike157" type="bike_bicycle" depart="1448.98" departLane="best" from="-31050360#2" to="71028777#5"/>
    <trip id="bike158" type="bike_bicycle" depart="1458.21" departLane="best" departSpeed="max" from="-722869703#1" to="143308669#1"/>
    <trip id="bike159" type="bike_bicycle" depart="1467.44" departLane="best" from="143308505#3" to="843832577#1"/>
    <trip id="bike160" type="bike_bicycle" depart="1476.67" departLane="best" from="52081116#8" to="887919962#7"/>
    <trip id="bike161" type="bike_bicycle" depart="1485.90" departLane="best" from="-328287315#1" to="71028777#0"/>
    <trip id="bike162" type="bike_bicycle" depart="1495.13" departLane="best" from="-1144883445#0" to="-31100755#2"/>
    <trip id="bike163" type="bike_bicycle" depart="1504.36" departLane="best" from="45875459#1" to="843832585#1"/>
    <trip id="bike164" type="bike_bicycle" depart="1513.59" departLane="best" from="318210361#1" to="-679894150"/>
    <trip id="bike165" type="bike_bicycle" depart="1522.81" departLane="best" from="-328287315#1" to="-314415495#0"/>
    <trip id="bike166" type="bike_bicycle" depart="1532.04" departLane="best" departSpeed="max" from="313964778#0" to="-142575677#1"/>
    <trip id="bike167" type="bike_bicycle" depart="1541.27" departLane="best" from="-579026244" to="670062907#1"/>
    <trip id="bike169" type="bike_bicycle" depart="1559.73" departLane="best" from="-887919959#4" to="-40636828#0"/>
    <trip id="bike170" type="bike_bicycle" depart="1568.96" departLane="best" from="314415495#18" to="-257072321#3"/>
    <trip id="bike171" type="bike_bicycle" depart="1578.19" departLane="best" departSpeed="max" from="-114285336#1" to="180789857#0"/>
    <trip id="bike172" type="bike_bicycle" depart="1587.42" departLane="best" departSpeed="max" from="-439105525#1" to="-679901151"/>
    <trip id="bike173" type="bike_bicycle" depart="1596.65" departLane="best" from="-887919959#4" to="318210373#0"/>
    <trip id="bike174" type="bike_bicycle" depart="1605.88" departLane="best" from="-142575704#20" to="887919960#1"/>
    <trip id="bike175" type="bike_bicycle" depart="1615.11" departLane="best" from="92914055#5" to="142575688#2"/>
    <trip id="bike176" type="bike_bicycle" depart="1624.34" departLane="best" from="-843949737" to="142575688#5"/>
    <trip id="bike177" type="bike_bicycle" depart="1633.57" departLane="best" from="887919962#0" to="143482763"/>
    <trip id="bike178" type="bike_bicycle" depart="1642.79" departLane="best" from="887910341#5" to="-31344738#0"/>
    <trip id="bike179" type="bike_bicycle" depart="1652.02" departLane="best" from="-142575688#8" to="1051578539#3"/>
    <trip id="bike180" type="bike_bicycle" depart="1661.25" departLane="best" from="-24733617#0" to="-412992935#2"/>
    <trip id="bike181" type="bike_bicycle" depart="1670.48" departLane="best" from="-142575688#3" to="-142575656#0"/>
    <trip id="bike182" type="bike_bicycle" depart="1679.71" departLane="best" from="-670062913#0" to="142575710#1"/>
    <trip id="bike183" type="bike_bicycle" depart="1688.94" departLane="best" from="26843019#2" to="26004868#1"/>
    <trip id="bike184" type="bike_bicycle" depart="1698.17" departLane="best" departSpeed="max" from="-1050686759" to="841976402#1"/>
    <trip id="bike185" type="bike_bicycle" depart="1707.40" departLane="best" departSpeed="max" from="1155396208#0" to="26843133"/>
    <trip id="bike186" type="bike_bicycle" depart="1716.63" departLane="best" from="257072321#3" to="24152326#1"/>
    <trip id="bike187" type="bike_bicycle" depart="1725.86" departLane="best" from="-579269913#0" to="-1157488012"/>
    <trip id="bike188" type="bike_bicycle" depart="1735.09" departLane="best" departSpeed="max" from="143308521#0" to="-52081075#2"/>
    <trip id="bike189" type="bike_bicycle" depart="1744.32" departLane="best" from="-38507369#2" to="581636336#1"/>
    <trip id="bike190" type="bike_bicycle" depart="1753.54" departLane="best" from="-230625607#0" to="-38507369#2"/>
    <trip id="bike191" type="bike_bicycle" depart="1762.77" departLane="best" departSpeed="max" from="-357043349#1" to="976699223#0"/>
    <trip id="bike192" type="bike_bicycle" depart="1772.00" departLane="best" from="-71028777#0" to="-33690600#2"/>
    <trip id="bike193" type="bike_bicycle" depart="1781.23" departLane="best" from="142575704#10" to="-1050686766#1"/>
    <trip id="bike194" type="bike_bicycle" depart="1790.46" departLane="best" from="848515498" to="-24733617#2"/>
    <trip id="bike196" type="bike_bicycle" depart="1808.92" departLane="best" from="328868438#1" to="142575692#5"/>
    <trip id="bike197" type="bike_bicycle" depart="1818.15" departLane="best" from="1050686757#0" to="314415495#12"/>
    <trip id="bike198" type="bike_bicycle" depart="1827.38" departLane="best" from="-841345139#1" to="142575726#1"/>
    <trip id="bike199" type="bike_bicycle" depart="1836.61" departLane="best" from="142575737#4" to="1155013353"/>
    <trip id="bike200" type="bike_bicycle" depart="1845.84" departLane="best" departSpeed="max" from="-843832577#1" to="24733617#0"/>
    <trip id="bike201" type="bike_bicycle" depart="1855.07" departLane="best" from="-976918148#0" to="840101798"/>
    <trip id="bike202" type="bike_bicycle" depart="1864.29" departLane="best" from="314415495#2" to="143308527#5"/>
    <trip id="bike203" type="bike_bicycle" depart="1873.52" departLane="best" from="142575656#1" to="142575656#15"/>
    <trip id="bike204" type="bike_bicycle" depart="1882.75" departLane="best" from="142575700#7" to="-558305348#0"/>
    <trip id="bike205" type="bike_bicycle" depart="1891.98" departLane="best" from="334308450#2" to="-314415495#3"/>
    <trip id="bike206" type="bike_bicycle" depart="1901.21" departLane="best" from="143308542#1" to="-257072321#11"/>
    <trip id="bike207" type="bike_bicycle" depart="1910.44" departLane="best" from="-180789857#14" to="1144883445#3"/>
    <trip id="bike208" type="bike_bicycle" depart="1919.67" departLane="best" from="-26004868#0" to="1155419491#1"/>
    <trip id="bike209" type="bike_bicycle" depart="1928.90" departLane="best" from="-461093303#1" to="-1157627068"/>
    <trip id="bike210" type="bike_bicycle" depart="1938.13" departLane="best" from="81096582#3" to="143482774#0"/>
    <trip id="bike211" type="bike_bicycle" depart="1947.36" departLane="best" from="-158228538#0" to="25728863#0"/>
    <trip id="bike212" type="bike_bicycle" depart="1956.59" departLane="best" from="1051578542#1" to="26843019#1"/>
    <trip id="bike213" type="bike_bicycle" depart="1965.82" departLane="best" from="-142575737#6" to="1050728695#3"/>
    <trip id="bike215" type="bike_bicycle" depart="1984.27" departLane="best" from="-142575688#6" to="1050728696"/>
    <trip id="bike216" type="bike_bicycle" depart="1993.50" departLane="best" departSpeed="max" from="-143482765#1" to="887910341#22"/>
    <trip id="bike217" type="bike_bicycle" depart="2002.73" departLane="best" departSpeed="max" from="1149091031#0" to="-1155396208#0"/>
    <trip id="bike218" type="bike_bicycle" depart="2011.96" departLane="best" departSpeed="max" from="-26816162#1" to="581636336#1"/>
    <trip id="bike219" type="bike_bicycle" depart="2021.19" departLane="best" departSpeed="max" from="-875752723" to="-45875465"/>
    <trip id="bike220" type="bike_bicycle" depart="2030.42" departLane="best" from="-1157488013#0" to="976390654#5"/>
    <trip id="bike221" type="bike_bicycle" depart="2039.65" departLane="best" from="142575677#1" to="887910341#0"/>
    <trip id="bike222" type="bike_bicycle" depart="2048.88" departLane="best" departSpeed="max" from="683917425" to="143308587#1"/>
    <trip id="bike223" type="bike_bicycle" depart="2058.11" departLane="best" from="206889086#1" to="142575655#14"/>
    <trip id="bike224" type="bike_bicycle" depart="2067.34" departLane="best" from="40636828#1" to="142575692#4"/>
    <trip id="bike225" type="bike_bicycle" depart="2076.57" departLane="best" from="-689735906#0" to="-314415495#1"/>
    <trip id="bike226" type="bike_bicycle" depart="2085.80" departLane="best" from="-976918148#2" to="-302943909#2"/>
    <trip id="bike227" type="bike_bicycle" depart="2095.02" departLane="best" from="26004868#3" to="-149670379#0"/>
    <trip id="bike228" type="bike_bicycle" depart="2104.25" departLane="best" from="-125399002#0" to="142575661#1"/>
    <trip id="bike229" type="bike_bicycle" depart="2113.48" departLane="best" from="-142575694#2" to="-314415495#23"/>
    <trip id="bike230" type="bike_bicycle" depart="2122.71" departLane="best" from="142575655#14" to="-328287315#1"/>
    <trip id="bike231" type="bike_bicycle" depart="2131.94" departLane="best" from="-31050360#2" to="-45875459#1"/>
    <trip id="bike232" type="bike_bicycle" depart="2141.17" departLane="best" departSpeed="max" from="1155398308#0" to="-142575704#12"/>
    <trip id="bike233" type="bike_bicycle" depart="2150.40" departLane="best" from="257072321#0" to="257072321#5"/>
    <trip id="bike234" type="bike_bicycle" depart="2159.63" departLane="best" from="-180789857#10" to="-1155421474#1"/>
    <trip id="bike235" type="bike_bicycle" depart="2168.86" departLane="best" from="-774644126#1" to="-142575690#2"/>
    <trip id="bike236" type="bike_bicycle" depart="2178.09" departLane="best" departSpeed="max" from="-840101798" to="-180800504#4"/>
    <trip id="bike237" type="bike_bicycle" depart="2187.32" departLane="best" from="-689735906#0" to="840101824#1"/>
    <trip id="bike238" type="bike_bicycle" depart="2196.55" departLane="best" from="142575656#2" to="-257072321#9"/>
    <trip id="bike239" type="bike_bicycle" depart="2205.77" departLane="best" from="-52081075#3" to="328288211#0"/>
    <trip id="bike240" type="bike_bicycle" depart="2215.00" departLane="best" departSpeed="max" from="-583563982" to="-1050728727"/>
    <trip id="bike241" type="bike_bicycle" depart="2224.23" departLane="best" from="-543699380#1" to="-314415495#9"/>
    <trip id="bike242" type="bike_bicycle" depart="2233.46" departLane="best" from="-465634676#1" to="887910341#13"/>
    <trip id="bike243" type="bike_bicycle" depart="2242.69" departLane="best" departSpeed="max" from="-840101824#1" to="314415495#15"/>
    <trip id="bike244" type="bike_bicycle" depart="2251.92" departLane="best" from="1155421471#1" to="143308532#1"/>
    <trip id="bike245" type="bike_bicycle" depart="2261.15" departLane="best" from="-24733617#1" to="-24791992"/>
    <trip id="bike246" type="bike_bicycle" depart="2270.38" departLane="best" departSpeed="max" from="-841976398#1" to="-114697065#0"/>
    <trip id="bike247" type="bike_bicycle" depart="2279.61" departLane="best" from="-461093303#0" to="24733697#1"/>
    <trip id="bike248" type="bike_bicycle" depart="2288.84" departLane="best" from="-71028777#3" to="-143308521#1"/>
    <trip id="bike249" type="bike_bicycle" depart="2298.07" departLane="best" from="92914055#6" to="-142575694#4"/>
    <trip id="bike250" type="bike_bicycle" depart="2307.30" departLane="best" from="142575693#4" to="-114692703#1"/>
    <trip id="bike251" type="bike_bicycle" depart="2316.52" departLane="best" departSpeed="max" from="-688303295#1" to="-142575701#2"/>
    <trip id="bike252" type="bike_bicycle" depart="2325.75" departLane="best" from="-1144883445#3" to="155846073#1"/>
    <trip id="bike253" type="bike_bicycle" depart="2334.98" departLane="best" from="142575708#1" to="114952399#1"/>
    <trip id="bike254" type="bike_bicycle" depart="2344.21" departLane="best" departSpeed="max" from="-1155419492#1" to="-841345129#6"/>
    <trip id="bike255" type="bike_bicycle" depart="2353.44" departLane="best" from="23925119#1" to="-461093303#4"/>
    <trip id="bike256" type="bike_bicycle" depart="2362.67" departLane="best" from="-26816590#1" to="-841345129#6"/>
    <trip id="bike258" type="bike_bicycle" depart="2381.13" departLane="best" from="-26816590#1" to="-142575655#1"/>
    <trip id="bike259" type="bike_bicycle" depart="2390.36" departLane="best" from="114024903#1" to="142575688#8"/>
    <trip id="bike260" type="bike_bicycle" depart="2399.59" departLane="best" from="998243552#1" to="670062913#0"/>
    <trip id="bike261" type="bike_bicycle" depart="2408.82" departLane="best" from="-142575726#1" to="38915290#1"/>
    <trip id="bike263" type="bike_bicycle" depart="2427.27" departLane="best" departSpeed="max" from="887559886" to="180789857#2"/>
    <trip id="bike264" type="bike_bicycle" depart="2436.50" departLane="best" departSpeed="max" from="-114024905" to="-142575737#0"/>
    <trip id="bike265" type="bike_bicycle" depart="2445.73" departLane="best" from="-142575704#1" to="24152326#0"/>
    <trip id="bike266" type="bike_bicycle" depart="2454.96" departLane="best" departSpeed="max" from="125399001#0" to="-24733698#1"/>
    <trip id="bike267" type="bike_bicycle" depart="2464.19" departLane="best" from="152839448#0" to="328288211#1"/>
    <trip id="bike268" type="bike_bicycle" depart="2473.42" departLane="best" departSpeed="max" from="-143308643" to="143308546#0"/>
    <trip id="bike269" type="bike_bicycle" depart="2482.65" departLane="best" from="25728863#3" to="142575688#3"/>
    <trip id="bike270" type="bike_bicycle" depart="2491.88" departLane="best" from="33690600#1" to="887910341#9"/>
    <trip id="bike271" type="bike_bicycle" depart="2501.11" departLane="best" from="-142575688#8" to="-114692703#0"/>
    <trip id="bike272" type="bike_bicycle" depart="2510.34" departLane="best" departSpeed="max" from="-38159999#3" to="24733617#2"/>
    <trip id="bike274" type="bike_bicycle" depart="2528.80" departLane="best" from="-180789857#8" to="-125399001#0"/>
    <trip id="bike275" type="bike_bicycle" depart="2538.02" departLane="best" from="-147859763#4" to="143482765#1"/>
    <trip id="bike276" type="bike_bicycle" depart="2547.25" departLane="best" from="-142575687#4" to="-33690600#1"/>
    <trip id="bike277" type="bike_bicycle" depart="2556.48" departLane="best" from="461093303#1" to="143308527#4"/>
    <trip id="bike278" type="bike_bicycle" depart="2565.71" departLane="best" from="-142575700#1" to="976351540#1"/>
    <trip id="bike279" type="bike_bicycle" depart="2574.94" departLane="best" from="31100755#4" to="-590751236#3"/>
    <trip id="bike280" type="bike_bicycle" depart="2584.17" departLane="best" from="-841345135#1" to="774644126#0"/>
    <trip id="bike281" type="bike_bicycle" depart="2593.40" departLane="best" departSpeed="max" from="114207229" to="-579269913#1"/>
    <trip id="bike282" type="bike_bicycle" depart="2602.63" departLane="best" from="461093303#0" to="543690425"/>
    <trip id="bike283" type="bike_bicycle" depart="2611.86" departLane="best" from="-142575688#3" to="887910341#3"/>
    <trip id="bike284" type="bike_bicycle" depart="2621.09" departLane="best" from="142575701#4" to="558307101"/>
    <trip id="bike285" type="bike_bicycle" depart="2630.32" departLane="best" from="-180789857#11" to="1051578542#1"/>
    <trip id="bike286" type="bike_bicycle" depart="2639.55" departLane="best" from="24791992" to="887919959#2"/>
    <trip id="bike287" type="bike_bicycle" depart="2648.78" departLane="best" from="302943909#1" to="503159209"/>
    <trip id="bike288" type="bike_bicycle" depart="2658.00" departLane="best" departSpeed="max" from="1155396208#0" to="1157486041#0"/>
    <trip id="bike289" type="bike_bicycle" depart="2667.23" departLane="best" departSpeed="max" from="-841976396#1" to="28888490#3"/>
    <trip id="bike290" type="bike_bicycle" depart="2676.46" departLane="best" from="302943908#2" to="583563978#2"/>
    <trip id="bike291" type="bike_bicycle" depart="2685.69" departLane="best" from="40985809#0" to="142575655#19"/>
    <trip id="bike292" type="bike_bicycle" depart="2694.92" departLane="best" from="-616846343#1" to="-26843019#1"/>
    <trip id="bike293" type="bike_bicycle" depart="2704.15" departLane="best" from="92914055#1" to="143308552#1"/>
    <trip id="bike294" type="bike_bicycle" depart="2713.38" departLane="best" departSpeed="max" from="-583563978#2" to="-114697065#0"/>
    <trip id="bike295" type="bike_bicycle" depart="2722.61" departLane="best" from="461093303#2" to="147859763#4"/>
    <trip id="bike296" type="bike_bicycle" depart="2731.84" departLane="best" from="23925119#3" to="-45875459#1"/>
    <trip id="bike297" type="bike_bicycle" depart="2741.07" departLane="best" from="-465634676#1" to="71028774#0"/>
    <trip id="bike298" type="bike_bicycle" depart="2750.30" departLane="best" from="155846073#2" to="-314415495#5"/>
    <trip id="bike300" type="bike_bicycle" depart="2768.75" departLane="best" from="142575656#11" to="26843133"/>
    <trip id="bike301" type="bike_bicycle" depart="2777.98" departLane="best" from="-1051263372#1" to="318210377#0"/>
    <trip id="bike302" type="bike_bicycle" depart="2787.21" departLane="best" from="-147859763#4" to="156071615#4"/>
    <trip id="bike303" type="bike_bicycle" depart="2796.44" departLane="best" from="-70130297" to="412992935#1"/>
    <trip id="bike304" type="bike_bicycle" depart="2805.67" departLane="best" departSpeed="max" from="-142575659" to="-24931878#0"/>
    <trip id="bike305" type="bike_bicycle" depart="2814.90" departLane="best" from="-582467484#0" to="-40985809#0"/>
    <trip id="bike306" type="bike_bicycle" depart="2824.13" departLane="best" from="-142575656#12" to="1155419490"/>
    <trip id="bike307" type="bike_bicycle" depart="2833.36" departLane="best" from="-1155064037#0" to="1050728697"/>
    <trip id="bike308" type="bike_bicycle" depart="2842.59" departLane="best" from="25728863#0" to="-52081075#2"/>
    <trip id="bike309" type="bike_bicycle" depart="2851.82" departLane="best" from="156294408#1" to="-314415495#14"/>
    <trip id="bike310" type="bike_bicycle" depart="2861.05" departLane="best" from="-26816590#0" to="-142575690#1"/>
    <trip id="bike311" type="bike_bicycle" depart="2870.28" departLane="best" departSpeed="max" from="-156071615#4" to="-142575690#0"/>
    <trip id="bike312" type="bike_bicycle" depart="2879.50" departLane="best" from="1155396202#1" to="318210394"/>
    <trip id="bike313" type="bike_bicycle" depart="2888.73" departLane="best" departSpeed="max" from="-147859765#4" to="24733697#0"/>
    <trip id="bike314" type="bike_bicycle" depart="2897.96" departLane="best" from="-1050728695#3" to="26991766#17"/>
    <trip id="bike315" type="bike_bicycle" depart="2907.19" departLane="best" from="887919962#8" to="-142575674#1"/>
    <trip id="bike316" type="bike_bicycle" depart="2916.42" departLane="best" from="314415495#16" to="-142575658#0"/>
    <trip id="bike317" type="bike_bicycle" depart="2925.65" departLane="best" from="-158228538#0" to="-257072321#3"/>
    <trip id="bike318" type="bike_bicycle" depart="2934.88" departLane="best" departSpeed="max" from="-143482774#1" to="-1117718165#0"/>
    <trip id="bike319" type="bike_bicycle" depart="2944.11" departLane="best" from="1155396201#1" to="-314415495#23"/>
    <trip id="bike320" type="bike_bicycle" depart="2953.34" departLane="best" from="670062907#4" to="142575693#6"/>
    <trip id="bike321" type="bike_bicycle" depart="2962.57" departLane="best" from="149670379#1" to="-142575694#1"/>
    <trip id="bike322" type="bike_bicycle" depart="2971.80" departLane="best" from="-867334329#0" to="122666828#2"/>
    <trip id="bike323" type="bike_bicycle" depart="2981.03" departLane="best" from="579026245" to="142575704#5"/>
    <trip id="bike325" type="bike_bicycle" depart="2999.48" departLane="best" departSpeed="max" from="-147859765#4" to="-1155396208#0"/>
    <trip id="bike326" type="bike_bicycle" depart="3008.71" departLane="best" from="867334329#1" to="1155419492#1"/>
    <trip id="bike327" type="bike_bicycle" depart="3017.94" departLane="best" from="-357043350" to="-887919960#5"/>
    <trip id="bike328" type="bike_bicycle" depart="3027.17" departLane="best" from="-142575655#0" to="143482774#0"/>
    <trip id="bike329" type="bike_bicycle" depart="3036.40" departLane="best" from="1155421475#1" to="-142575710#7"/>
    <trip id="bike330" type="bike_bicycle" depart="3045.63" departLane="best" from="122666828#0" to="397678492#0"/>
    <trip id="bike331" type="bike_bicycle" depart="3054.86" departLane="best" from="976918148#2" to="-142575689#1"/>
    <trip id="bike332" type="bike_bicycle" depart="3064.09" departLane="best" from="-26843019#3" to="143308542#7"/>
    <trip id="bike333" type="bike_bicycle" depart="3073.32" departLane="best" from="314415495#10" to="-257072321#13"/>
    <trip id="bike334" type="bike_bicycle" depart="3082.55" departLane="best" from="115227682#1" to="1144883445#2"/>
    <trip id="bike335" type="bike_bicycle" depart="3091.78" departLane="best" departSpeed="max" from="-843832577#1" to="670062907#4"/>
    <trip id="bike336" type="bike_bicycle" depart="3101.01" departLane="best" from="976699223#1" to="-40636828#0"/>
    <trip id="bike337" type="bike_bicycle" depart="3110.23" departLane="best" from="142575693#2" to="143308546#8"/>
    <trip id="bike340" type="bike_bicycle" depart="3137.92" departLane="best" from="-143308497#1" to="142598710#2"/>
    <trip id="bike341" type="bike_bicycle" depart="3147.15" departLane="best" departSpeed="max" from="-143482761" to="-125399001#0"/>
    <trip id="bike342" type="bike_bicycle" depart="3156.38" departLane="best" from="1050686766#1" to="-1144883445#2"/>
    <trip id="bike343" type="bike_bicycle" depart="3165.61" departLane="best" from="142575674#4" to="-334308447#1"/>
    <trip id="bike344" type="bike_bicycle" depart="3174.84" departLane="best" from="257072321#1" to="259466417#4"/>
    <trip id="bike345" type="bike_bicycle" depart="3184.07" departLane="best" from="156294408#1" to="1145224897#4"/>
    <trip id="bike346" type="bike_bicycle" depart="3193.30" departLane="best" from="143308690" to="841976402#0"/>
    <trip id="bike347" type="bike_bicycle" depart="3202.53" departLane="best" from="313964778#1" to="143482761"/>
    <trip id="bike348" type="bike_bicycle" depart="3211.76" departLane="best" from="-143308505#1" to="843832588#1"/>
    <trip id="bike349" type="bike_bicycle" depart="3220.98" departLane="best" from="-841345134#1" to="-142575691#2"/>
    <trip id="bike350" type="bike_bicycle" depart="3230.21" departLane="best" from="142575710#6" to="-841345129#3"/>
    <trip id="bike351" type="bike_bicycle" depart="3239.44" departLane="best" from="-38915290#2" to="1157488013#0"/>
    <trip id="bike352" type="bike_bicycle" depart="3248.67" departLane="best" from="-143308600#2" to="-40985813#0"/>
    <trip id="bike353" type="bike_bicycle" depart="3257.90" departLane="best" from="259433179#2" to="142575704#17"/>
    <trip id="bike354" type="bike_bicycle" depart="3267.13" departLane="best" from="-318210361#0" to="-142575691#4"/>
    <trip id="bike355" type="bike_bicycle" depart="3276.36" departLane="best" from="-143482770#0" to="259433181#1"/>
    <trip id="bike356" type="bike_bicycle" depart="3285.59" departLane="best" from="-875752724#0" to="137483015#2"/>
    <trip id="bike357" type="bike_bicycle" depart="3294.82" departLane="best" from="1051578539#3" to="-142575709"/>
    <trip id="bike358" type="bike_bicycle" depart="3304.05" departLane="best" departSpeed="max" from="-1155062963#1" to="1051412288#1"/>
    <trip id="bike359" type="bike_bicycle" depart="3313.28" departLane="best" from="-412992929#1" to="-26991766#3"/>
    <trip id="bike360" type="bike_bicycle" depart="3322.51" departLane="best" from="-142575656#9" to="887910341#5"/>
    <trip id="bike361" type="bike_bicycle" depart="3331.73" departLane="best" from="-412992929#0" to="142575704#7"/>
    <trip id="bike362" type="bike_bicycle" depart="3340.96" departLane="best" from="887910341#1" to="998243552#1"/>
    <trip id="bike363" type="bike_bicycle" depart="3350.19" departLane="best" from="143308542#1" to="-314415495#12"/>
    <trip id="bike364" type="bike_bicycle" depart="3359.42" departLane="best" departSpeed="max" from="-1155062963#1" to="318210373#1"/>
    <trip id="bike365" type="bike_bicycle" depart="3368.65" departLane="best" from="-976699223#0" to="180789857#12"/>
    <trip id="bike366" type="bike_bicycle" depart="3377.88" departLane="best" from="-802021414#6" to="-147859763#1"/>
    <trip id="bike367" type="bike_bicycle" depart="3387.11" departLane="best" from="142575656#6" to="147859765#3"/>
    <trip id="bike368" type="bike_bicycle" depart="3396.34" departLane="best" from="1051412289" to="142575655#9"/>
    <trip id="bike369" type="bike_bicycle" depart="3405.57" departLane="best" from="-52081075#4" to="543699379"/>
    <trip id="bike370" type="bike_bicycle" depart="3414.80" departLane="best" from="143308527#5" to="617755663"/>
    <trip id="bike371" type="bike_bicycle" depart="3424.03" departLane="best" from="-45642424" to="257072321#5"/>
    <trip id="bike372" type="bike_bicycle" depart="3433.26" departLane="best" from="-314415495#9" to="-875752724#2"/>
    <trip id="bike373" type="bike_bicycle" depart="3442.48" departLane="best" departSpeed="max" from="328868437" to="142575693#1"/>
    <trip id="bike374" type="bike_bicycle" depart="3451.71" departLane="best" from="-875752722" to="-412992935#3"/>
    <trip id="bike375" type="bike_bicycle" depart="3460.94" departLane="best" from="-412992929#3" to="887919962#0"/>
    <trip id="bike376" type="bike_bicycle" depart="3470.17" departLane="best" from="-71028777#3" to="142575656#13"/>
    <trip id="bike377" type="bike_bicycle" depart="3479.40" departLane="best" from="976390655#0" to="180789857#6"/>
    <trip id="bike378" type="bike_bicycle" depart="3488.63" departLane="best" departSpeed="max" from="1155398311#0" to="-976918148#2"/>
    <trip id="bike379" type="bike_bicycle" depart="3497.86" departLane="best" departSpeed="max" from="-149670380#1" to="-69607706#1"/>
    <trip id="bike380" type="bike_bicycle" depart="3507.09" departLane="best" from="-26004868#1" to="143482763"/>
    <trip id="bike381" type="bike_bicycle" depart="3516.32" departLane="best" from="-26816413#1" to="-180789857#9"/>
    <trip id="bike382" type="bike_bicycle" depart="3525.55" departLane="best" departSpeed="max" from="1155421473#0" to="843190005#3"/>
    <trip id="bike383" type="bike_bicycle" depart="3534.78" departLane="best" departSpeed="max" from="-841976402#1" to="-25728863#3"/>
    <trip id="bike384" type="bike_bicycle" depart="3544.01" departLane="best" from="142575700#2" to="887919962#2"/>
    <trip id="bike385" type="bike_bicycle" depart="3553.23" departLane="best" from="142575688#9" to="26816162#0"/>
    <trip id="bike386" type="bike_bicycle" depart="3562.46" departLane="best" from="-143308527#1" to="142575693#2"/>
    <trip id="bike387" type="bike_bicycle" depart="3571.69" departLane="best" from="1155421474#1" to="-142575656#10"/>
    <trip id="bike388" type="bike_bicycle" depart="3580.92" departLane="best" from="976918147#1" to="841345134#2"/>
    <trip id="bike389" type="bike_bicycle" depart="3590.15" departLane="best" from="-887919960#1" to="142575688#9"/>
    <trip id="bike390" type="bike_bicycle" depart="3599.38" departLane="best" departSpeed="max" from="40985813#0" to="134100873"/>
</routes>
