<?xml version="1.0" encoding="UTF-8"?>

<!-- generated on 2025-04-30 10:54:58.795390 by generateStationEdges.py v1_22_0+1822-8d436467e00
  options: -n ../0_wizard/osm.net.xml.gz -s ../1_gtfs/gtfs_stops.add.xml -o ped_access
-->

<edges>
    <edge id="255698083.0_access" from="255698083.0_access_from" to="255698083.0_access_to" allow="pedestrian" width="8.0"/>
    <edge id="255698083.1_access" from="255698083.1_access_from" to="255698083.1_access_to" allow="pedestrian" width="8.0"/>
    <edge id="255698083.2_access" from="255698083.2_access_from" to="255698083.2_access_to" allow="pedestrian" width="8.0"/>
    <edge id="255698083.3_access" from="255698083.3_access_from" to="255698083.3_access_to" allow="pedestrian" width="8.0"/>
    <edge id="255698083.4_access" from="255698083.4_access_from" to="255698083.4_access_to" allow="pedestrian" width="8.0"/>
    <edge id="255698083.5_access" from="255698083.5_access_from" to="255698083.5_access_to" allow="pedestrian" width="8.0"/>
    <edge id="255698083.6_access" from="255698083.6_access_from" to="255698083.6_access_to" allow="pedestrian" width="8.0"/>
    <edge id="255698083.7_access" from="255698083.7_access_from" to="255698083.7_access_to" allow="pedestrian" width="8.0"/>
    <edge id="255698083.8_access" from="255698083.8_access_from" to="255698083.8_access_to" allow="pedestrian" width="8.0"/>
    <edge id="255698083.9_access" from="255698083.9_access_from" to="255698083.9_access_to" allow="pedestrian" width="8.0"/>
    <edge id="255698083.10_access" from="255698083.10_access_from" to="255698083.10_access_to" allow="pedestrian" width="8.0"/>
    <edge id="255698083.11_access" from="255698083.11_access_from" to="255698083.11_access_to" allow="pedestrian" width="8.0"/>
    <edge id="255698083.12_access" from="255698083.12_access_from" to="255698083.12_access_to" allow="pedestrian" width="8.0"/>
    <edge id="255698084.13_access" from="255698084.13_access_from" to="255698084.13_access_to" allow="pedestrian" width="8.0"/>
    <edge id="255698084.14_access" from="255698084.14_access_from" to="255698084.14_access_to" allow="pedestrian" width="8.0"/>
    <edge id="255698084.15_access" from="255698084.15_access_from" to="255698084.15_access_to" allow="pedestrian" width="8.0"/>
    <edge id="255698171.1_access" from="255698171.1_access_from" to="255698171.1_access_to" allow="pedestrian" width="8.0"/>
    <edge id="255698171.2_access" from="255698171.2_access_from" to="255698171.2_access_to" allow="pedestrian" width="8.0"/>
    <edge id="255698171.3_access" from="255698171.3_access_from" to="255698171.3_access_to" allow="pedestrian" width="8.0"/>
    <edge id="255698171.4_access" from="255698171.4_access_from" to="255698171.4_access_to" allow="pedestrian" width="8.0"/>
    <edge id="255698171.5_access" from="255698171.5_access_from" to="255698171.5_access_to" allow="pedestrian" width="8.0"/>
    <edge id="255698171.6_access" from="255698171.6_access_from" to="255698171.6_access_to" allow="pedestrian" width="8.0"/>
    <edge id="255698171.7_access" from="255698171.7_access_from" to="255698171.7_access_to" allow="pedestrian" width="8.0"/>
    <edge id="255698171.8_access" from="255698171.8_access_from" to="255698171.8_access_to" allow="pedestrian" width="8.0"/>
    <edge id="255698171.9_access" from="255698171.9_access_from" to="255698171.9_access_to" allow="pedestrian" width="8.0"/>
    <edge id="255698171.10_access" from="255698171.10_access_from" to="255698171.10_access_to" allow="pedestrian" width="8.0"/>
    <edge id="255698171.11_access" from="255698171.11_access_from" to="255698171.11_access_to" allow="pedestrian" width="8.0"/>
    <edge id="255698171.12_access" from="255698171.12_access_from" to="255698171.12_access_to" allow="pedestrian" width="8.0"/>
    <edge id="255698171.13_access" from="255698171.13_access_from" to="255698171.13_access_to" allow="pedestrian" width="8.0"/>
    <edge id="255698171.14_access" from="255698171.14_access_from" to="255698171.14_access_to" allow="pedestrian" width="8.0"/>
    <edge id="255698258.15_access" from="255698258.15_access_from" to="255698258.15_access_to" allow="pedestrian" width="8.0"/>
    <edge id="255708010.10_access" from="255708010.10_access_from" to="255708010.10_access_to" allow="pedestrian" width="8.0"/>
    <edge id="255708010.11_access" from="255708010.11_access_from" to="255708010.11_access_to" allow="pedestrian" width="8.0"/>
    <edge id="255708010.12_access" from="255708010.12_access_from" to="255708010.12_access_to" allow="pedestrian" width="8.0"/>
    <edge id="255708010.13_access" from="255708010.13_access_from" to="255708010.13_access_to" allow="pedestrian" width="8.0"/>
    <edge id="255708201.0_access" from="255708201.0_access_from" to="255708201.0_access_to" allow="pedestrian" width="8.0"/>
    <edge id="255708201.1_access" from="255708201.1_access_from" to="255708201.1_access_to" allow="pedestrian" width="8.0"/>
    <edge id="255708201.2_access" from="255708201.2_access_from" to="255708201.2_access_to" allow="pedestrian" width="8.0"/>
    <edge id="255708201.3_access" from="255708201.3_access_from" to="255708201.3_access_to" allow="pedestrian" width="8.0"/>
    <edge id="255716509.12_access" from="255716509.12_access_from" to="255716509.12_access_to" allow="pedestrian" width="8.0"/>
    <edge id="255716509.13_access" from="255716509.13_access_from" to="255716509.13_access_to" allow="pedestrian" width="8.0"/>
    <edge id="255716604.0_access" from="255716604.0_access_from" to="255716604.0_access_to" allow="pedestrian" width="8.0"/>
    <edge id="255716604.1_access" from="255716604.1_access_from" to="255716604.1_access_to" allow="pedestrian" width="8.0"/>
    <edge id="255724122.0_access" from="255724122.0_access_from" to="255724122.0_access_to" allow="pedestrian" width="8.0"/>
    <edge id="255724122.1_access" from="255724122.1_access_from" to="255724122.1_access_to" allow="pedestrian" width="8.0"/>
    <edge id="255724122.2_access" from="255724122.2_access_from" to="255724122.2_access_to" allow="pedestrian" width="8.0"/>
    <edge id="255724122.3_access" from="255724122.3_access_from" to="255724122.3_access_to" allow="pedestrian" width="8.0"/>
    <edge id="255724122.4_access" from="255724122.4_access_from" to="255724122.4_access_to" allow="pedestrian" width="8.0"/>
    <edge id="255724122.5_access" from="255724122.5_access_from" to="255724122.5_access_to" allow="pedestrian" width="8.0"/>
    <edge id="255724122.6_access" from="255724122.6_access_from" to="255724122.6_access_to" allow="pedestrian" width="8.0"/>
    <edge id="255724122.7_access" from="255724122.7_access_from" to="255724122.7_access_to" allow="pedestrian" width="8.0"/>
    <edge id="255724122.8_access" from="255724122.8_access_from" to="255724122.8_access_to" allow="pedestrian" width="8.0"/>
    <edge id="255724122.9_access" from="255724122.9_access_from" to="255724122.9_access_to" allow="pedestrian" width="8.0"/>
    <edge id="255724122.10_access" from="255724122.10_access_from" to="255724122.10_access_to" allow="pedestrian" width="8.0"/>
    <edge id="255724122.11_access" from="255724122.11_access_from" to="255724122.11_access_to" allow="pedestrian" width="8.0"/>
    <edge id="255724122.12_access" from="255724122.12_access_from" to="255724122.12_access_to" allow="pedestrian" width="8.0"/>
    <edge id="255724122.13_access" from="255724122.13_access_from" to="255724122.13_access_to" allow="pedestrian" width="8.0"/>
    <edge id="255724122.14_access" from="255724122.14_access_from" to="255724122.14_access_to" allow="pedestrian" width="8.0"/>
    <edge id="255724122.15_access" from="255724122.15_access_from" to="255724122.15_access_to" allow="pedestrian" width="8.0"/>
    <edge id="255724122.16_access" from="255724122.16_access_from" to="255724122.16_access_to" allow="pedestrian" width="8.0"/>
    <edge id="255724377.0_access" from="255724377.0_access_from" to="255724377.0_access_to" allow="pedestrian" width="8.0"/>
    <edge id="255724377.1_access" from="255724377.1_access_from" to="255724377.1_access_to" allow="pedestrian" width="8.0"/>
    <edge id="255724377.2_access" from="255724377.2_access_from" to="255724377.2_access_to" allow="pedestrian" width="8.0"/>
    <edge id="255724377.3_access" from="255724377.3_access_from" to="255724377.3_access_to" allow="pedestrian" width="8.0"/>
    <edge id="255724377.4_access" from="255724377.4_access_from" to="255724377.4_access_to" allow="pedestrian" width="8.0"/>
    <edge id="255724377.5_access" from="255724377.5_access_from" to="255724377.5_access_to" allow="pedestrian" width="8.0"/>
    <edge id="255724378.5_access" from="255724378.5_access_from" to="255724378.5_access_to" allow="pedestrian" width="8.0"/>
    <edge id="255724378.6_access" from="255724378.6_access_from" to="255724378.6_access_to" allow="pedestrian" width="8.0"/>
    <edge id="255724378.7_access" from="255724378.7_access_from" to="255724378.7_access_to" allow="pedestrian" width="8.0"/>
    <edge id="255724378.8_access" from="255724378.8_access_from" to="255724378.8_access_to" allow="pedestrian" width="8.0"/>
    <edge id="255724378.9_access" from="255724378.9_access_from" to="255724378.9_access_to" allow="pedestrian" width="8.0"/>
    <edge id="255724378.10_access" from="255724378.10_access_from" to="255724378.10_access_to" allow="pedestrian" width="8.0"/>
    <edge id="255724378.11_access" from="255724378.11_access_from" to="255724378.11_access_to" allow="pedestrian" width="8.0"/>
    <edge id="255724378.12_access" from="255724378.12_access_from" to="255724378.12_access_to" allow="pedestrian" width="8.0"/>
    <edge id="255724378.13_access" from="255724378.13_access_from" to="255724378.13_access_to" allow="pedestrian" width="8.0"/>
    <edge id="255724378.14_access" from="255724378.14_access_from" to="255724378.14_access_to" allow="pedestrian" width="8.0"/>
    <edge id="255724378.15_access" from="255724378.15_access_from" to="255724378.15_access_to" allow="pedestrian" width="8.0"/>
    <edge id="255724378.16_access" from="255724378.16_access_from" to="255724378.16_access_to" allow="pedestrian" width="8.0"/>
    <edge id="255724429.trimmed.0_access" from="255724429.trimmed.0_access_from" to="255724429.trimmed.0_access_to" allow="pedestrian" width="8.0"/>
    <edge id="255728078.15_access" from="255728078.15_access_from" to="255728078.15_access_to" allow="pedestrian" width="8.0"/>
    <edge id="255747417.0_access" from="255747417.0_access_from" to="255747417.0_access_to" allow="pedestrian" width="8.0"/>
    <edge id="255747417.1_access" from="255747417.1_access_from" to="255747417.1_access_to" allow="pedestrian" width="8.0"/>
    <edge id="255747417.2_access" from="255747417.2_access_from" to="255747417.2_access_to" allow="pedestrian" width="8.0"/>
    <edge id="255747417.3_access" from="255747417.3_access_from" to="255747417.3_access_to" allow="pedestrian" width="8.0"/>
    <edge id="255747417.4_access" from="255747417.4_access_from" to="255747417.4_access_to" allow="pedestrian" width="8.0"/>
    <edge id="255747417.5_access" from="255747417.5_access_from" to="255747417.5_access_to" allow="pedestrian" width="8.0"/>
    <edge id="255747417.6_access" from="255747417.6_access_from" to="255747417.6_access_to" allow="pedestrian" width="8.0"/>
    <edge id="255747418.trimmed.0_access" from="255747418.trimmed.0_access_from" to="255747418.trimmed.0_access_to" allow="pedestrian" width="8.0"/>
    <edge id="255747480.0_access" from="255747480.0_access_from" to="255747480.0_access_to" allow="pedestrian" width="8.0"/>
    <edge id="255747480.1_access" from="255747480.1_access_from" to="255747480.1_access_to" allow="pedestrian" width="8.0"/>
    <edge id="255747480.2_access" from="255747480.2_access_from" to="255747480.2_access_to" allow="pedestrian" width="8.0"/>
    <edge id="255747486.1_access" from="255747486.1_access_from" to="255747486.1_access_to" allow="pedestrian" width="8.0"/>
    <edge id="255747486.2_access" from="255747486.2_access_from" to="255747486.2_access_to" allow="pedestrian" width="8.0"/>
    <edge id="255747486.3_access" from="255747486.3_access_from" to="255747486.3_access_to" allow="pedestrian" width="8.0"/>
    <edge id="255747486.4_access" from="255747486.4_access_from" to="255747486.4_access_to" allow="pedestrian" width="8.0"/>
    <edge id="255747486.5_access" from="255747486.5_access_from" to="255747486.5_access_to" allow="pedestrian" width="8.0"/>
    <edge id="255747486.6_access" from="255747486.6_access_from" to="255747486.6_access_to" allow="pedestrian" width="8.0"/>
    <edge id="255747486.7_access" from="255747486.7_access_from" to="255747486.7_access_to" allow="pedestrian" width="8.0"/>
    <edge id="255747486.8_access" from="255747486.8_access_from" to="255747486.8_access_to" allow="pedestrian" width="8.0"/>
    <edge id="255747486.9_access" from="255747486.9_access_from" to="255747486.9_access_to" allow="pedestrian" width="8.0"/>
    <edge id="255747486.10_access" from="255747486.10_access_from" to="255747486.10_access_to" allow="pedestrian" width="8.0"/>
    <edge id="255747488.11_access" from="255747488.11_access_from" to="255747488.11_access_to" allow="pedestrian" width="8.0"/>
    <edge id="255747488.12_access" from="255747488.12_access_from" to="255747488.12_access_to" allow="pedestrian" width="8.0"/>
    <edge id="255747488.13_access" from="255747488.13_access_from" to="255747488.13_access_to" allow="pedestrian" width="8.0"/>
    <edge id="255752313.0_access" from="255752313.0_access_from" to="255752313.0_access_to" allow="pedestrian" width="8.0"/>
    <edge id="255752313.1_access" from="255752313.1_access_from" to="255752313.1_access_to" allow="pedestrian" width="8.0"/>
    <edge id="255752313.2_access" from="255752313.2_access_from" to="255752313.2_access_to" allow="pedestrian" width="8.0"/>
    <edge id="255752313.3_access" from="255752313.3_access_from" to="255752313.3_access_to" allow="pedestrian" width="8.0"/>
    <edge id="255752313.4_access" from="255752313.4_access_from" to="255752313.4_access_to" allow="pedestrian" width="8.0"/>
    <edge id="255752313.5_access" from="255752313.5_access_from" to="255752313.5_access_to" allow="pedestrian" width="8.0"/>
    <edge id="255752456.14_access" from="255752456.14_access_from" to="255752456.14_access_to" allow="pedestrian" width="8.0"/>
    <edge id="255752456.15_access" from="255752456.15_access_from" to="255752456.15_access_to" allow="pedestrian" width="8.0"/>
    <edge id="255752456.16_access" from="255752456.16_access_from" to="255752456.16_access_to" allow="pedestrian" width="8.0"/>
    <edge id="255761493.11_access" from="255761493.11_access_from" to="255761493.11_access_to" allow="pedestrian" width="8.0"/>
    <edge id="255761493.12_access" from="255761493.12_access_from" to="255761493.12_access_to" allow="pedestrian" width="8.0"/>
    <edge id="255761493.13_access" from="255761493.13_access_from" to="255761493.13_access_to" allow="pedestrian" width="8.0"/>
    <edge id="255761493.14_access" from="255761493.14_access_from" to="255761493.14_access_to" allow="pedestrian" width="8.0"/>
    <edge id="255761493.15_access" from="255761493.15_access_from" to="255761493.15_access_to" allow="pedestrian" width="8.0"/>
    <edge id="255761493.16_access" from="255761493.16_access_from" to="255761493.16_access_to" allow="pedestrian" width="8.0"/>
    <edge id="255761591.0_access" from="255761591.0_access_from" to="255761591.0_access_to" allow="pedestrian" width="8.0"/>
    <edge id="255761608.0_access" from="255761608.0_access_from" to="255761608.0_access_to" allow="pedestrian" width="8.0"/>
    <edge id="255761608.1_access" from="255761608.1_access_from" to="255761608.1_access_to" allow="pedestrian" width="8.0"/>
    <edge id="255761608.2_access" from="255761608.2_access_from" to="255761608.2_access_to" allow="pedestrian" width="8.0"/>
    <edge id="255761608.3_access" from="255761608.3_access_from" to="255761608.3_access_to" allow="pedestrian" width="8.0"/>
    <edge id="255761608.4_access" from="255761608.4_access_from" to="255761608.4_access_to" allow="pedestrian" width="8.0"/>
    <edge id="255772534.17_access" from="255772534.17_access_from" to="255772534.17_access_to" allow="pedestrian" width="8.0"/>
    <edge id="255772534.18_access" from="255772534.18_access_from" to="255772534.18_access_to" allow="pedestrian" width="8.0"/>
    <edge id="255772534.19_access" from="255772534.19_access_from" to="255772534.19_access_to" allow="pedestrian" width="8.0"/>
    <edge id="255772685.1_access" from="255772685.1_access_from" to="255772685.1_access_to" allow="pedestrian" width="8.0"/>
    <edge id="255772685.2_access" from="255772685.2_access_from" to="255772685.2_access_to" allow="pedestrian" width="8.0"/>
    <edge id="255772685.3_access" from="255772685.3_access_from" to="255772685.3_access_to" allow="pedestrian" width="8.0"/>
    <edge id="255780950.6_access" from="255780950.6_access_from" to="255780950.6_access_to" allow="pedestrian" width="8.0"/>
    <edge id="255780950.7_access" from="255780950.7_access_from" to="255780950.7_access_to" allow="pedestrian" width="8.0"/>
    <edge id="255781039.0_access" from="255781039.0_access_from" to="255781039.0_access_to" allow="pedestrian" width="8.0"/>
    <edge id="255781039.1_access" from="255781039.1_access_from" to="255781039.1_access_to" allow="pedestrian" width="8.0"/>
    <edge id="255788110.1_access" from="255788110.1_access_from" to="255788110.1_access_to" allow="pedestrian" width="8.0"/>
    <edge id="255788110.2_access" from="255788110.2_access_from" to="255788110.2_access_to" allow="pedestrian" width="8.0"/>
    <edge id="255788110.3_access" from="255788110.3_access_from" to="255788110.3_access_to" allow="pedestrian" width="8.0"/>
    <edge id="255788110.4_access" from="255788110.4_access_from" to="255788110.4_access_to" allow="pedestrian" width="8.0"/>
    <edge id="255788110.5_access" from="255788110.5_access_from" to="255788110.5_access_to" allow="pedestrian" width="8.0"/>
    <edge id="255788110.6_access" from="255788110.6_access_from" to="255788110.6_access_to" allow="pedestrian" width="8.0"/>
    <edge id="255788110.7_access" from="255788110.7_access_from" to="255788110.7_access_to" allow="pedestrian" width="8.0"/>
    <edge id="255788110.8_access" from="255788110.8_access_from" to="255788110.8_access_to" allow="pedestrian" width="8.0"/>
    <edge id="255788110.9_access" from="255788110.9_access_from" to="255788110.9_access_to" allow="pedestrian" width="8.0"/>
    <edge id="255788110.10_access" from="255788110.10_access_from" to="255788110.10_access_to" allow="pedestrian" width="8.0"/>
    <edge id="255788358.3_access" from="255788358.3_access_from" to="255788358.3_access_to" allow="pedestrian" width="8.0"/>
    <edge id="255788358.4_access" from="255788358.4_access_from" to="255788358.4_access_to" allow="pedestrian" width="8.0"/>
    <edge id="255788358.5_access" from="255788358.5_access_from" to="255788358.5_access_to" allow="pedestrian" width="8.0"/>
    <edge id="255788358.6_access" from="255788358.6_access_from" to="255788358.6_access_to" allow="pedestrian" width="8.0"/>
    <edge id="255788358.7_access" from="255788358.7_access_from" to="255788358.7_access_to" allow="pedestrian" width="8.0"/>
    <edge id="255788358.8_access" from="255788358.8_access_from" to="255788358.8_access_to" allow="pedestrian" width="8.0"/>
    <edge id="255788358.9_access" from="255788358.9_access_from" to="255788358.9_access_to" allow="pedestrian" width="8.0"/>
    <edge id="255788358.10_access" from="255788358.10_access_from" to="255788358.10_access_to" allow="pedestrian" width="8.0"/>
    <edge id="255788358.11_access" from="255788358.11_access_from" to="255788358.11_access_to" allow="pedestrian" width="8.0"/>
    <edge id="255796395.13_access" from="255796395.13_access_from" to="255796395.13_access_to" allow="pedestrian" width="8.0"/>
    <edge id="255796517.4_access" from="255796517.4_access_from" to="255796517.4_access_to" allow="pedestrian" width="8.0"/>
    <edge id="255733799.0_access" from="255733799.0_access_from" to="255733799.0_access_to" allow="pedestrian" width="8.0"/>
    <edge id="255733799.1_access" from="255733799.1_access_from" to="255733799.1_access_to" allow="pedestrian" width="8.0"/>
    <edge id="255733799.2_access" from="255733799.2_access_from" to="255733799.2_access_to" allow="pedestrian" width="8.0"/>
    <edge id="255733799.3_access" from="255733799.3_access_from" to="255733799.3_access_to" allow="pedestrian" width="8.0"/>
    <edge id="255733799.12_access" from="255733799.12_access_from" to="255733799.12_access_to" allow="pedestrian" width="8.0"/>
    <edge id="255733799.26_access" from="255733799.26_access_from" to="255733799.26_access_to" allow="pedestrian" width="8.0"/>
    <edge id="255740952.0_access" from="255740952.0_access_from" to="255740952.0_access_to" allow="pedestrian" width="8.0"/>
    <edge id="255740952.1_access" from="255740952.1_access_from" to="255740952.1_access_to" allow="pedestrian" width="8.0"/>
    <edge id="255740952.15_access" from="255740952.15_access_from" to="255740952.15_access_to" allow="pedestrian" width="8.0"/>
    <edge id="255740953.24_access" from="255740953.24_access_from" to="255740953.24_access_to" allow="pedestrian" width="8.0"/>
    <edge id="255740959.25_access" from="255740959.25_access_from" to="255740959.25_access_to" allow="pedestrian" width="8.0"/>
    <edge id="255740959.26_access" from="255740959.26_access_from" to="255740959.26_access_to" allow="pedestrian" width="8.0"/>
    <edge id="255741083.1_access" from="255741083.1_access_from" to="255741083.1_access_to" allow="pedestrian" width="8.0"/>
    <edge id="255757167.0_access" from="255757167.0_access_from" to="255757167.0_access_to" allow="pedestrian" width="8.0"/>
</edges>
