<additional xmlns:xsi="http://www.w3.org/2001/XMLSchema-instance" xsi:noNamespaceSchemaLocation="http://sumo.dlr.de/xsd/additional_file.xsd">
    <chargingStation id="cs0" lane="533425053_0" startPos="5.0" endPos="13.728333333333333" power="75000.0" efficiency="0.95" parkingArea="533425053"/>
    <chargingStation id="cs1" lane="9620779#2_0" startPos="5" endPos="-5" power="75000.0" efficiency="0.95" parkingArea="9620779#2"/>
    <chargingStation id="cs2" lane="41892676_0" startPos="5.0" endPos="13.554" power="75000.0" efficiency="0.95" parkingArea="41892676"/>
    <chargingStation id="cs3" lane="30140818_0" startPos="5.0" endPos="12.959375" power="75000.0" efficiency="0.95" parkingArea="30140818"/>
    <chargingStation id="cs4" lane="863325962_0" startPos="5.0" endPos="15.985" power="75000.0" efficiency="0.95" parkingArea="863325962"/>
    <chargingStation id="cs5" lane="723007529#1_0" startPos="5.0" endPos="20.625714285714285" power="75000.0" efficiency="0.95" parkingArea="723007529#1"/>
    <chargingStation id="cs6" lane="-1131162328_0" startPos="5.0" endPos="12.649999999999999" power="75000.0" efficiency="0.95" parkingArea="-1131162328"/>
    <chargingStation id="cs7" lane="20553015_0" startPos="5.0" endPos="12.658571428571427" power="75000.0" efficiency="0.95" parkingArea="20553015"/>
    <chargingStation id="cs8" lane="-143308527_0" startPos="5.0" endPos="20.183478260869567" power="75000.0" efficiency="0.95" parkingArea="-143308527"/>
    <chargingStation id="cs9" lane="10699568_0" startPos="5.0" endPos="14.025" power="75000.0" efficiency="0.95" parkingArea="10699568"/>
    <chargingStation id="cs10" lane="30081251_0" startPos="5.0" endPos="13.0225" power="75000.0" efficiency="0.95" parkingArea="30081251"/>
    <chargingStation id="cs11" lane="172014854_0" startPos="5.0" endPos="13.61" power="75000.0" efficiency="0.95" parkingArea="172014854"/>
    <chargingStation id="cs12" lane="9620952_0" startPos="5.0" endPos="12.543333333333333" power="75000.0" efficiency="0.95" parkingArea="9620952"/>
    <chargingStation id="cs13" lane="26321391_0" startPos="5.0" endPos="12.59842105263158" power="75000.0" efficiency="0.95" parkingArea="26321391"/>
    <chargingStation id="cs14" lane="-601343160_0" startPos="5.0" endPos="12.789375" power="75000.0" efficiency="0.95" parkingArea="-601343160"/>
    <chargingStation id="cs15" lane="217297603#3_0" startPos="5.0" endPos="20.369090909090907" power="75000.0" efficiency="0.95" parkingArea="217297603#3"/>
    <chargingStation id="cs16" lane="30081412#1_0" startPos="5.0" endPos="20.352307692307694" power="75000.0" efficiency="0.95" parkingArea="30081412#1"/>
    <chargingStation id="cs17" lane="-330786035_0" startPos="5.0" endPos="12.955" power="75000.0" efficiency="0.95" parkingArea="-330786035"/>
    <chargingStation id="cs18" lane="1077505710_0" startPos="5.0" endPos="13.6525" power="75000.0" efficiency="0.95" parkingArea="1077505710"/>
    <chargingStation id="cs19" lane="-4557339#0_0" startPos="5.0" endPos="12.899444444444445" power="75000.0" efficiency="0.95" parkingArea="-4557339#0"/>
    <chargingStation id="cs20" lane="1077416545_0" startPos="5.0" endPos="20.515652173913043" power="75000.0" efficiency="0.95" parkingArea="1077416545"/>
    <chargingStation id="cs21" lane="833602330#1_0" startPos="5" endPos="-5" power="75000.0" efficiency="0.95" parkingArea="833602330#1"/>
    <chargingStation id="cs22" lane="-138147741_0" startPos="5.0" endPos="65.65767441860466" power="75000.0" efficiency="0.95" parkingArea="-138147741"/>
    <chargingStation id="cs23" lane="24895070_0" startPos="5" endPos="-5" power="75000.0" efficiency="0.95" parkingArea="24895070"/>
    <chargingStation id="cs24" lane="-1234926667_0" startPos="5.0" endPos="13.444285714285714" power="75000.0" efficiency="0.95" parkingArea="-1234926667"/>
    <chargingStation id="cs25" lane="135777010#1_0" startPos="5.0" endPos="12.580555555555556" power="75000.0" efficiency="0.95" parkingArea="135777010#1"/>
    <chargingStation id="cs26" lane="-21598520#1_0" startPos="5.0" endPos="20.15714285714286" power="75000.0" efficiency="0.95" parkingArea="-21598520#1"/>
    <chargingStation id="cs27" lane="22721673#3_0" startPos="5.0" endPos="28.000625" power="75000.0" efficiency="0.95" parkingArea="22721673#3"/>
    <chargingStation id="cs28" lane="1112675356_0" startPos="5.0" endPos="15.995" power="75000.0" efficiency="0.95" parkingArea="1112675356"/>
    <chargingStation id="cs29" lane="348583831#0_0" startPos="5.0" endPos="13.824" power="75000.0" efficiency="0.95" parkingArea="348583831#0"/>
    <chargingStation id="cs30" lane="1077416573_0" startPos="5.0" endPos="12.580714285714286" power="75000.0" efficiency="0.95" parkingArea="1077416573"/>
    <chargingStation id="cs31" lane="862875711_0" startPos="5.0" endPos="12.618888888888888" power="75000.0" efficiency="0.95" parkingArea="862875711"/>
    <chargingStation id="cs32" lane="-199768813_0" startPos="5.0" endPos="20.307692307692307" power="75000.0" efficiency="0.95" parkingArea="-199768813"/>
    <chargingStation id="cs33" lane="-1301619668_0" startPos="5.0" endPos="13.17125" power="75000.0" efficiency="0.95" parkingArea="-1301619668"/>
    <chargingStation id="cs34" lane="142575674#1_0" startPos="5.0" endPos="14.463333333333333" power="75000.0" efficiency="0.95" parkingArea="142575674#1"/>
    <chargingStation id="cs35" lane="220690532#2_0" startPos="5.0" endPos="13.295" power="75000.0" efficiency="0.95" parkingArea="220690532#2"/>
    <chargingStation id="cs36" lane="-1086435183#0_0" startPos="5.0" endPos="13.282222222222224" power="75000.0" efficiency="0.95" parkingArea="-1086435183#0"/>
    <chargingStation id="cs37" lane="-412894107#1_0" startPos="5.0" endPos="12.926" power="75000.0" efficiency="0.95" parkingArea="-412894107#1"/>
    <chargingStation id="cs38" lane="-1116784111#0_0" startPos="5" endPos="-5" power="75000.0" efficiency="0.95" parkingArea="-1116784111#0"/>
    <chargingStation id="cs39" lane="314415495#2_0" startPos="5.0" endPos="20.637999999999998" power="75000.0" efficiency="0.95" parkingArea="314415495#2"/>
    <chargingStation id="cs40" lane="-833631563_0" startPos="5.0" endPos="15.66" power="75000.0" efficiency="0.95" parkingArea="-833631563"/>
    <chargingStation id="cs41" lane="-16215654#0_0" startPos="5.0" endPos="13.058333333333334" power="75000.0" efficiency="0.95" parkingArea="-16215654#0"/>
    <chargingStation id="cs42" lane="31002702_0" startPos="5.0" endPos="20.206206896551727" power="75000.0" efficiency="0.95" parkingArea="31002702"/>
    <chargingStation id="cs43" lane="-54269295_0" startPos="5.0" endPos="12.772727272727273" power="75000.0" efficiency="0.95" parkingArea="-54269295"/>
    <chargingStation id="cs44" lane="-19881557#0_0" startPos="5.0" endPos="27.58076923076923" power="75000.0" efficiency="0.95" parkingArea="-19881557#0"/>
    <chargingStation id="cs45" lane="31758906#0_0" startPos="5.0" endPos="12.693125" power="75000.0" efficiency="0.95" parkingArea="31758906#0"/>
    <chargingStation id="cs46" lane="-22753313_0" startPos="5.0" endPos="12.72111111111111" power="75000.0" efficiency="0.95" parkingArea="-22753313"/>
    <chargingStation id="cs47" lane="46039050#0_0" startPos="5.0" endPos="12.84578947368421" power="75000.0" efficiency="0.95" parkingArea="46039050#0"/>
    <chargingStation id="cs48" lane="-519741511#0_0" startPos="5.0" endPos="12.521052631578947" power="75000.0" efficiency="0.95" parkingArea="-519741511#0"/>
    <chargingStation id="cs49" lane="142575656#2_0" startPos="5.0" endPos="12.502142857142857" power="75000.0" efficiency="0.95" parkingArea="142575656#2"/>
    <chargingStation id="cs50" lane="142575659_0" startPos="5.0" endPos="20.60181818181818" power="75000.0" efficiency="0.95" parkingArea="142575659"/>
    <chargingStation id="cs51" lane="-28687324#0_0" startPos="5.0" endPos="13.97" power="75000.0" efficiency="0.95" parkingArea="-28687324#0"/>
    <chargingStation id="cs52" lane="39695156#1_0" startPos="5.0" endPos="12.706666666666667" power="75000.0" efficiency="0.95" parkingArea="39695156#1"/>
</additional>
