<?xml version="1.0"?>
<!-- generated on 2017-05-04 15:56:39.412000 by $Id: route2trips.py 23614 2017-03-22 13:02:46Z luecken $ via randomTrips.py
  options: -n osm.net.xml <doubleminus>seed 42 <doubleminus>fringe-factor 2 -p 11.748965 -r osm.bicycle.rou.xml -o osm.bicycle.trips.xml -e 1800 <doubleminus>vehicle-class bicycle <doubleminus>vclass bicycle <doubleminus>prefix bike <doubleminus>max-distance 8000 <doubleminus>trip-attributes departLane="best" <doubleminus>validate
-->
<routes xmlns:xsi="http://www.w3.org/2001/XMLSchema-instance" xsi:noNamespaceSchemaLocation="http://sumo.dlr.de/xsd/routes_file.xsd">
    <vType id="bicycle" vClass="bicycle">
    </vType>
    <trip id="bike0" depart="0.00" departLane="best" from="142598712" to="-115466410#0" type="bicycle"/>
    <trip id="bike1" depart="11.75" departLane="best" from="-246099078" to="-190083623#0" type="bicycle"/>
    <trip id="bike2" depart="23.50" departLane="best" from="172013798#1" to="143482761" type="bicycle"/>
    <trip id="bike3" depart="35.25" departLane="best" from="319580807" to="-142575688#4" type="bicycle"/>
    <trip id="bike4" depart="47.00" departLane="best" from="-414563788#1" to="-125399001#1" type="bicycle"/>
    <trip id="bike5" depart="58.74" departLane="best" from="-147859763#5" to="142575674#2" type="bicycle"/>
    <trip id="bike6" depart="70.49" departLane="best" from="-122666828#1" to="-147859765#1" type="bicycle"/>
    <trip id="bike7" depart="82.24" departLane="best" from="143308527#1" to="142575693#4" type="bicycle"/>
    <trip id="bike8" depart="93.99" departLane="best" from="-147859763#8" to="142575737#2" type="bicycle"/>
    <trip id="bike9" depart="105.74" departLane="best" from="25944603#2" to="-114024903#4" type="bicycle"/>
    <trip id="bike10" depart="117.49" departLane="best" from="25944601#0" to="147859763#5" type="bicycle"/>
    <trip id="bike11" depart="129.24" departLane="best" from="-302943908" to="-143308493#0" type="bicycle"/>
    <trip id="bike12" depart="140.99" departLane="best" from="48858191#1" to="-318210373" type="bicycle"/>
    <trip id="bike13" depart="152.74" departLane="best" from="-142575688#9" to="-142575690#3" type="bicycle"/>
    <trip id="bike14" depart="164.49" departLane="best" from="26991766#7" to="143308497#0" type="bicycle"/>
    <trip id="bike15" depart="176.23" departLane="best" from="25944603#0" to="190083608#3" type="bicycle"/>
    <trip id="bike16" depart="187.98" departLane="best" from="142575658#1" to="70214888#1" type="bicycle"/>
    <trip id="bike17" depart="199.73" departLane="best" from="-318210373" to="142575699#1" type="bicycle"/>
    <trip id="bike18" depart="211.48" departLane="best" from="26816737#2" to="143308532#5" type="bicycle"/>
    <trip id="bike19" depart="223.23" departLane="best" from="314415495#1" to="142575725#2" type="bicycle"/>
    <trip id="bike20" depart="234.98" departLane="best" from="143482766#0" to="-141968853#1" type="bicycle"/>
    <trip id="bike21" depart="246.73" departLane="best" from="-156071615#1" to="-26991766#1" type="bicycle"/>
    <trip id="bike22" depart="258.48" departLane="best" from="-142575679#5" to="-206579064#2" type="bicycle"/>
    <trip id="bike23" depart="270.23" departLane="best" from="-142575690#6" to="-26816737#1" type="bicycle"/>
    <trip id="bike24" depart="281.98" departLane="best" from="142598710#0" to="-38507369#3" type="bicycle"/>
    <trip id="bike25" depart="293.72" departLane="best" from="-318210361#1" to="-172013798#0" type="bicycle"/>
    <trip id="bike27" depart="317.22" departLane="best" from="143308505#2" to="143308505#2" type="bicycle"/>
    <trip id="bike28" depart="328.97" departLane="best" from="-143308527#2" to="190083608#3" type="bicycle"/>
    <trip id="bike29" depart="340.72" departLane="best" from="-143308497#1" to="-43660343" type="bicycle"/>
    <trip id="bike30" depart="352.47" departLane="best" from="81096582#0" to="143308546#19" type="bicycle"/>
    <trip id="bike31" depart="364.22" departLane="best" from="142575679#8" to="143482770#1" type="bicycle"/>
    <trip id="bike32" depart="375.97" departLane="best" from="26991766#2" to="24733697#2" type="bicycle"/>
    <trip id="bike33" depart="387.72" departLane="best" from="-172013798#0" to="-125399001#3" type="bicycle"/>
    <trip id="bike34" depart="399.46" departLane="best" from="-26816737#2" to="-26815978#2" type="bicycle"/>
    <trip id="bike35" depart="411.21" departLane="best" from="-146738852#1" to="414563788#0" type="bicycle"/>
    <trip id="bike36" depart="422.96" departLane="best" from="314415495#8" to="-314415495#13" type="bicycle"/>
    <trip id="bike37" depart="434.71" departLane="best" from="143308532#8" to="-71028774#0" type="bicycle"/>
    <trip id="bike38" depart="446.46" departLane="best" from="357043350" to="137483015#2" type="bicycle"/>
    <trip id="bike39" depart="458.21" departLane="best" from="-239335493" to="-24214694#2" type="bicycle"/>
    <trip id="bike40" depart="469.96" departLane="best" from="142575688#11" to="-26004868#0" type="bicycle"/>
    <trip id="bike42" depart="493.46" departLane="best" from="-356766925" to="-190083610#1" type="bicycle"/>
    <trip id="bike43" depart="505.21" departLane="best" from="81639678#1" to="142575679#5" type="bicycle"/>
    <trip id="bike44" depart="516.95" departLane="best" from="-142575688#7" to="-141968853#2" type="bicycle"/>
    <trip id="bike45" depart="528.70" departLane="best" from="-142575695#1" to="143308542#5" type="bicycle"/>
    <trip id="bike47" depart="552.20" departLane="best" from="-142575658#1" to="-458325551" type="bicycle"/>
    <trip id="bike48" depart="563.95" departLane="best" from="81639675#2" to="142575690#3" type="bicycle"/>
    <trip id="bike49" depart="575.70" departLane="best" from="70214888#1" to="31344737#0" type="bicycle"/>
    <trip id="bike50" depart="587.45" departLane="best" from="-114024906" to="174657429" type="bicycle"/>
    <trip id="bike51" depart="599.20" departLane="best" from="143308546#4" to="142575691#4" type="bicycle"/>
    <trip id="bike53" depart="622.70" departLane="best" from="-142575699#0" to="116342915" type="bicycle"/>
    <trip id="bike54" depart="634.44" departLane="best" from="114024899" to="465634676" type="bicycle"/>
    <trip id="bike55" depart="646.19" departLane="best" from="314415495#7" to="-26004868#1" type="bicycle"/>
    <trip id="bike56" depart="657.94" departLane="best" from="135777011#5" to="-143482765#0" type="bicycle"/>
    <trip id="bike57" depart="669.69" departLane="best" from="357043349#0" to="314415495#15" type="bicycle"/>
    <trip id="bike58" depart="681.44" departLane="best" from="-26004868#2" to="143308546#18" type="bicycle"/>
    <trip id="bike59" depart="693.19" departLane="best" from="142575704#9" to="-142598710#2" type="bicycle"/>
    <trip id="bike60" depart="704.94" departLane="best" from="206579063#1" to="142575692#3" type="bicycle"/>
    <trip id="bike61" depart="716.69" departLane="best" from="24214694#2" to="142575690#5" type="bicycle"/>
    <trip id="bike62" depart="728.44" departLane="best" from="-114024901" to="-314415495#7" type="bicycle"/>
    <trip id="bike63" depart="740.18" departLane="best" from="-115227682#1" to="38160001#0" type="bicycle"/>
    <trip id="bike64" depart="751.93" departLane="best" from="318210361#0" to="26843019#2" type="bicycle"/>
    <trip id="bike65" depart="763.68" departLane="best" from="-26816413#0" to="-142575656#7" type="bicycle"/>
    <trip id="bike66" depart="775.43" departLane="best" from="318210361#0" to="46039050#0" type="bicycle"/>
    <trip id="bike67" depart="787.18" departLane="best" from="-142575688#11" to="142575656#6" type="bicycle"/>
    <trip id="bike68" depart="798.93" departLane="best" from="-142575661#1" to="24152582#1" type="bicycle"/>
    <trip id="bike69" depart="810.68" departLane="best" from="230625607#0" to="-142575708#0" type="bicycle"/>
    <trip id="bike70" depart="822.43" departLane="best" from="114693738" to="142575695#1" type="bicycle"/>
    <trip id="bike72" depart="845.93" departLane="best" from="-449846249" to="-172014854#0" type="bicycle"/>
    <trip id="bike73" depart="857.67" departLane="best" from="142575659#1" to="190083610#0" type="bicycle"/>
    <trip id="bike74" depart="869.42" departLane="best" from="-143482766#2" to="-314415495#10" type="bicycle"/>
    <trip id="bike75" depart="881.17" departLane="best" from="81639675#0" to="143308552#1" type="bicycle"/>
    <trip id="bike76" depart="892.92" departLane="best" from="-70214888#0" to="142575688#3" type="bicycle"/>
    <trip id="bike77" depart="904.67" departLane="best" from="-142575704#10" to="-190083623#2" type="bicycle"/>
    <trip id="bike78" depart="916.42" departLane="best" from="-28888490" to="142575737#1" type="bicycle"/>
    <trip id="bike79" depart="928.17" departLane="best" from="-172013798#1" to="-190083616" type="bicycle"/>
    <trip id="bike80" depart="939.92" departLane="best" from="-142575661#3" to="143308546#10" type="bicycle"/>
    <trip id="bike81" depart="951.67" departLane="best" from="-172013798#0" to="320741898#1" type="bicycle"/>
    <trip id="bike82" depart="963.42" departLane="best" from="31344738#0" to="-142575661#4" type="bicycle"/>
    <trip id="bike84" depart="986.91" departLane="best" from="-147859763#1" to="-142575712" type="bicycle"/>
    <trip id="bike85" depart="998.66" departLane="best" from="411478097" to="142575712" type="bicycle"/>
    <trip id="bike86" depart="1010.41" departLane="best" from="114692703" to="257131026" type="bicycle"/>
    <trip id="bike87" depart="1022.16" departLane="best" from="25944603#0" to="-147859763#1" type="bicycle"/>
    <trip id="bike88" depart="1033.91" departLane="best" from="-142575690#2" to="115227682#1" type="bicycle"/>
    <trip id="bike89" depart="1045.66" departLane="best" from="-449846249" to="141968844#0" type="bicycle"/>
    <trip id="bike90" depart="1057.41" departLane="best" from="156071615#1" to="143482759" type="bicycle"/>
    <trip id="bike91" depart="1069.16" departLane="best" from="71596029#0" to="-142575690#5" type="bicycle"/>
    <trip id="bike92" depart="1080.90" departLane="best" from="-357043349#1" to="-318210380#1" type="bicycle"/>
    <trip id="bike93" depart="1092.65" departLane="best" from="314415495#1" to="-24214694#5" type="bicycle"/>
    <trip id="bike94" depart="1104.40" departLane="best" from="-143482755#2" to="122868966" type="bicycle"/>
    <trip id="bike95" depart="1116.15" departLane="best" from="-414563788#1" to="-26816737#2" type="bicycle"/>
    <trip id="bike96" depart="1127.90" departLane="best" from="-190083623#3" to="38159999#0" type="bicycle"/>
    <trip id="bike97" depart="1139.65" departLane="best" from="-71028774#1" to="31344737#1" type="bicycle"/>
    <trip id="bike98" depart="1151.40" departLane="best" from="142575674#2" to="-142575656#10" type="bicycle"/>
    <trip id="bike100" depart="1174.90" departLane="best" from="70139065" to="38159999#3" type="bicycle"/>
    <trip id="bike101" depart="1186.65" departLane="best" from="283317455#0" to="-143308562#2" type="bicycle"/>
    <trip id="bike102" depart="1198.39" departLane="best" from="116343628#1" to="-172014854#2" type="bicycle"/>
    <trip id="bike103" depart="1210.14" departLane="best" from="-357043349#1" to="-142575656#8" type="bicycle"/>
    <trip id="bike104" depart="1221.89" departLane="best" from="-318210373" to="71596029#2" type="bicycle"/>
    <trip id="bike106" depart="1245.39" departLane="best" from="114024900" to="114024906" type="bicycle"/>
    <trip id="bike107" depart="1257.14" departLane="best" from="48858191#1" to="81096614" type="bicycle"/>
    <trip id="bike108" depart="1268.89" departLane="best" from="142575679#7" to="172014854#2" type="bicycle"/>
    <trip id="bike109" depart="1280.64" departLane="best" from="-142598710#2" to="-283317455#1" type="bicycle"/>
    <trip id="bike110" depart="1292.39" departLane="best" from="70139065" to="142575726#1" type="bicycle"/>
    <trip id="bike111" depart="1304.14" departLane="best" from="142575661#1" to="206579064#2" type="bicycle"/>
    <trip id="bike112" depart="1315.88" departLane="best" from="-142575656#5" to="142575734#0" type="bicycle"/>
    <trip id="bike113" depart="1327.63" departLane="best" from="137483015#2" to="302943909#1" type="bicycle"/>
    <trip id="bike114" depart="1339.38" departLane="best" from="-142598713" to="478658116" type="bicycle"/>
    <trip id="bike115" depart="1351.13" departLane="best" from="-142575679#7" to="-146738852#0" type="bicycle"/>
    <trip id="bike116" depart="1362.88" departLane="best" from="142575699#3" to="143482759" type="bicycle"/>
    <trip id="bike117" depart="1374.63" departLane="best" from="-174657429" to="-142575704#2" type="bicycle"/>
    <trip id="bike118" depart="1386.38" departLane="best" from="318210388#0" to="-24214694#1" type="bicycle"/>
    <trip id="bike119" depart="1398.13" departLane="best" from="142575699#3" to="143308532#8" type="bicycle"/>
    <trip id="bike120" depart="1409.88" departLane="best" from="-411478097" to="142575728" type="bicycle"/>
    <trip id="bike121" depart="1421.62" departLane="best" from="142575656#0" to="403442280#1" type="bicycle"/>
    <trip id="bike122" depart="1433.37" departLane="best" from="-143482770#1" to="172014854#0" type="bicycle"/>
    <trip id="bike123" depart="1445.12" departLane="best" from="-190083608#0" to="-71028774#0" type="bicycle"/>
    <trip id="bike124" depart="1456.87" departLane="best" from="143308546#14" to="-302943909#2" type="bicycle"/>
    <trip id="bike125" depart="1468.62" departLane="best" from="-26816737#2" to="230625607#0" type="bicycle"/>
    <trip id="bike126" depart="1480.37" departLane="best" from="-142575661#4" to="137482783#1" type="bicycle"/>
    <trip id="bike128" depart="1503.87" departLane="best" from="-142575673#0" to="-172014854#1" type="bicycle"/>
    <trip id="bike130" depart="1527.37" departLane="best" from="318210366" to="314415495#8" type="bicycle"/>
    <trip id="bike131" depart="1539.11" departLane="best" from="-318210361#1" to="-143308493#2" type="bicycle"/>
    <trip id="bike132" depart="1550.86" departLane="best" from="26842943" to="147859765#1" type="bicycle"/>
    <trip id="bike133" depart="1562.61" departLane="best" from="142575706" to="71596031" type="bicycle"/>
    <trip id="bike134" depart="1574.36" departLane="best" from="143308532#2" to="-114024903#5" type="bicycle"/>
    <trip id="bike135" depart="1586.11" departLane="best" from="26815978#1" to="-302943909#1" type="bicycle"/>
    <trip id="bike136" depart="1597.86" departLane="best" from="143308542#5" to="40985810#1" type="bicycle"/>
    <trip id="bike137" depart="1609.61" departLane="best" from="-142575720#0" to="-142575704#0" type="bicycle"/>
    <trip id="bike138" depart="1621.36" departLane="best" from="-142575694#0" to="142575699#3" type="bicycle"/>
    <trip id="bike139" depart="1633.11" departLane="best" from="-24214694#2" to="143308497#1" type="bicycle"/>
    <trip id="bike140" depart="1644.86" departLane="best" from="147859763#4" to="-156071615#1" type="bicycle"/>
    <trip id="bike141" depart="1656.60" departLane="best" from="142575738#1" to="-26004868#1" type="bicycle"/>
    <trip id="bike142" depart="1668.35" departLane="best" from="116344154" to="320741898#1" type="bicycle"/>
    <trip id="bike143" depart="1680.10" departLane="best" from="26991766#5" to="-142575688#9" type="bicycle"/>
    <trip id="bike144" depart="1691.85" departLane="best" from="-449846249" to="-26816737#0" type="bicycle"/>
    <trip id="bike145" depart="1703.60" departLane="best" from="-114024903#1" to="24733617#0" type="bicycle"/>
    <trip id="bike147" depart="1727.10" departLane="best" from="180239842" to="142575699#1" type="bicycle"/>
    <trip id="bike148" depart="1738.85" departLane="best" from="-47770431#0" to="-114207225" type="bicycle"/>
    <trip id="bike149" depart="1750.60" departLane="best" from="-142575674#1" to="318210364" type="bicycle"/>
    <trip id="bike150" depart="1762.34" departLane="best" from="320741898#3" to="142575693#5" type="bicycle"/>
    <trip id="bike151" depart="1774.09" departLane="best" from="26843019#0" to="142575726#3" type="bicycle"/>
    <trip id="bike152" depart="1785.84" departLane="best" from="-142575737#0" to="-142575708#0" type="bicycle"/>
    <trip id="bike153" depart="1797.59" departLane="best" from="-26816413#0" to="320741892#1" type="bicycle"/>
</routes>
