<?xml version="1.0" encoding="UTF-8"?>

<!-- generated on Fri Oct  2 09:54:13 2020 by Eclipse SUMO sumo Version v1_7_0+0414-abba6bd674
<configuration xmlns:xsi="http://www.w3.org/2001/XMLSchema-instance" xsi:noNamespaceSchemaLocation="http://sumo.dlr.de/xsd/sumoConfiguration.xsd">

    <input>
        <net-file value="osm.net.xml"/>
        <route-files value="trips.trips.xml"/>
        <additional-files value="osm_stops.add.xml"/>
    </input>

    <output>
        <vehroute-output value="vehroutes.xml"/>
        <stop-output value="stopinfos.xml"/>
    </output>

    <time>
        <begin value="0"/>
    </time>

    <processing>
        <ignore-route-errors value="true"/>
    </processing>

    <routing>
        <device.rerouting.adaptation-interval value="0"/>
    </routing>

    <report>
        <error-log value="trips.trips.xml.errorlog"/>
        <no-step-log value="true"/>
    </report>

</configuration>
-->

<stops xmlns:xsi="http://www.w3.org/2001/XMLSchema-instance" xsi:noNamespaceSchemaLocation="http://sumo.dlr.de/xsd/stopinfo_file.xsd">
    <stopinfo id="2_bus_172:1" type="pt_bus" lane="145586617#1_1" pos="10.70" parking="0" started="16.00" ended="46.00" delay="-1.00" initialPersons="0" loadedPersons="0" unloadedPersons="0" initialContainers="0" loadedContainers="0" unloadedContainers="0" busStop="664609175"/>
    <stopinfo id="3_bus_162:0" type="pt_bus" lane="206889086#1_1" pos="25.67" parking="0" started="24.00" ended="54.00" delay="-1.00" initialPersons="0" loadedPersons="0" unloadedPersons="0" initialContainers="0" loadedContainers="0" unloadedContainers="0" busStop="1656195133"/>
    <stopinfo id="1_bus_172:0" type="pt_bus" lane="145586617#11_1" pos="67.60" parking="0" started="28.00" ended="58.00" delay="-1.00" initialPersons="0" loadedPersons="0" unloadedPersons="0" initialContainers="0" loadedContainers="0" unloadedContainers="0" busStop="664609197"/>
    <stopinfo id="0_bus_160:0" type="pt_bus" lane="141968799_1" pos="367.35" parking="0" started="41.00" ended="71.00" delay="-1.00" initialPersons="0" loadedPersons="0" unloadedPersons="0" initialContainers="0" loadedContainers="0" unloadedContainers="0" busStop="837697182"/>
    <stopinfo id="6_bus_163:1" type="pt_bus" lane="806903753_1" pos="3.92" parking="0" started="59.00" ended="89.00" delay="-1.00" initialPersons="0" loadedPersons="0" unloadedPersons="0" initialContainers="0" loadedContainers="0" unloadedContainers="0" busStop="5315085711"/>
    <stopinfo id="5_bus_163:0" type="pt_bus" lane="144909690#0_1" pos="40.49" parking="0" started="65.00" ended="95.00" delay="-1.00" initialPersons="0" loadedPersons="0" unloadedPersons="0" initialContainers="0" loadedContainers="0" unloadedContainers="0" busStop="301263813"/>
    <stopinfo id="4_bus_162:1" type="pt_bus" lane="-46150481#0_1" pos="27.22" parking="0" started="67.00" ended="97.00" delay="-1.00" initialPersons="0" loadedPersons="0" unloadedPersons="0" initialContainers="0" loadedContainers="0" unloadedContainers="0" busStop="-851572693"/>
    <stopinfo id="2_bus_172:1" type="pt_bus" lane="145586617#10_1" pos="53.16" parking="0" started="96.00" ended="126.00" delay="-1.00" initialPersons="0" loadedPersons="0" unloadedPersons="0" initialContainers="0" loadedContainers="0" unloadedContainers="0" busStop="664609167"/>
    <stopinfo id="7_bus_163:2" type="pt_bus" lane="70130339#1_1" pos="91.73" parking="0" started="110.00" ended="140.00" delay="-1.00" initialPersons="0" loadedPersons="0" unloadedPersons="0" initialContainers="0" loadedContainers="0" unloadedContainers="0" busStop="2050022025"/>
    <stopinfo id="0_bus_160:0" type="pt_bus" lane="141968853#1_1" pos="24.35" parking="0" started="133.00" ended="163.00" delay="-1.00" initialPersons="0" loadedPersons="0" unloadedPersons="0" initialContainers="0" loadedContainers="0" unloadedContainers="0" busStop="837696912"/>
    <stopinfo id="11_tram_61:0" type="pt_tram" lane="158236729#0_0" pos="7.07" parking="0" started="134.00" ended="164.00" delay="-1.00" initialPersons="0" loadedPersons="0" unloadedPersons="0" initialContainers="0" loadedContainers="0" unloadedContainers="0" busStop="1704693343"/>
    <stopinfo id="9_bus_260:0" type="pt_bus" lane="206889086#1_1" pos="25.69" parking="0" started="138.00" ended="168.00" delay="-1.00" initialPersons="0" loadedPersons="0" unloadedPersons="0" initialContainers="0" loadedContainers="0" unloadedContainers="0" busStop="1656195133"/>
    <stopinfo id="5_bus_163:0" type="pt_bus" lane="144909690#2_1" pos="51.52" parking="0" started="151.00" ended="181.00" delay="-1.00" initialPersons="0" loadedPersons="0" unloadedPersons="0" initialContainers="0" loadedContainers="0" unloadedContainers="0" busStop="94487938"/>
    <stopinfo id="10_bus_164:0" type="pt_bus" lane="113575152#2_1" pos="25.55" parking="0" started="153.00" ended="183.00" delay="-1.00" initialPersons="0" loadedPersons="0" unloadedPersons="0" initialContainers="0" loadedContainers="0" unloadedContainers="0" busStop="3834046603"/>
    <stopinfo id="2_bus_172:1" type="pt_bus" lane="145586617#10_1" pos="337.85" parking="0" started="156.00" ended="186.00" delay="-1.00" initialPersons="0" loadedPersons="0" unloadedPersons="0" initialContainers="0" loadedContainers="0" unloadedContainers="0" busStop="664609202"/>
    <stopinfo id="4_bus_162:1" type="pt_bus" lane="143308542#1_1" pos="44.42" parking="0" started="169.00" ended="199.00" delay="-1.00" initialPersons="0" loadedPersons="0" unloadedPersons="0" initialContainers="0" loadedContainers="0" unloadedContainers="0" busStop="464396487"/>
    <stopinfo id="6_bus_163:1" type="pt_bus" lane="153021553#1_1" pos="47.30" parking="0" started="170.00" ended="200.00" delay="-1.00" initialPersons="0" loadedPersons="0" unloadedPersons="0" initialContainers="0" loadedContainers="0" unloadedContainers="0" busStop="3812676495"/>
    <stopinfo id="7_bus_163:2" type="pt_bus" lane="-318210378#5_1" pos="22.35" parking="0" started="191.00" ended="221.00" delay="-1.00" initialPersons="0" loadedPersons="0" unloadedPersons="0" initialContainers="0" loadedContainers="0" unloadedContainers="0" busStop="-945142208"/>
    <stopinfo id="3_bus_162:0" type="pt_bus" lane="670062907#2_1" pos="12.56" parking="0" started="193.00" ended="223.00" delay="-1.00" initialPersons="0" loadedPersons="0" unloadedPersons="0" initialContainers="0" loadedContainers="0" unloadedContainers="0" busStop="464396566"/>
    <stopinfo id="11_tram_61:0" type="pt_tram" lane="220198808#0_0" pos="35.16" parking="0" started="208.00" ended="238.00" delay="-1.00" initialPersons="0" loadedPersons="0" unloadedPersons="0" initialContainers="0" loadedContainers="0" unloadedContainers="0" busStop="1704693389"/>
    <stopinfo id="4_bus_162:1" type="pt_bus" lane="143308542#6_1" pos="29.22" parking="0" started="223.00" ended="253.00" delay="-1.00" initialPersons="0" loadedPersons="0" unloadedPersons="0" initialContainers="0" loadedContainers="0" unloadedContainers="0" busStop="306982602"/>
    <stopinfo id="2_bus_172:1" type="pt_bus" lane="145586617#10_1" pos="743.50" parking="0" started="227.00" ended="257.00" delay="-1.00" initialPersons="0" loadedPersons="0" unloadedPersons="0" initialContainers="0" loadedContainers="0" unloadedContainers="0" busStop="664609200"/>
    <stopinfo id="15_tram_63:0" type="pt_tram" lane="158236729#0_0" pos="7.07" parking="0" started="228.00" ended="258.00" delay="-1.00" initialPersons="0" loadedPersons="0" unloadedPersons="0" initialContainers="0" loadedContainers="0" unloadedContainers="0" busStop="1704693343"/>
    <stopinfo id="14_tram_68:1" type="pt_tram" lane="461514289#0_0" pos="233.70" parking="0" started="229.00" ended="259.00" delay="-1.00" initialPersons="0" loadedPersons="0" unloadedPersons="0" initialContainers="0" loadedContainers="0" unloadedContainers="0" busStop="1383533590"/>
    <stopinfo id="6_bus_163:1" type="pt_bus" lane="318210360#0_1" pos="75.34" parking="0" started="231.00" ended="261.00" delay="-1.00" initialPersons="0" loadedPersons="0" unloadedPersons="0" initialContainers="0" loadedContainers="0" unloadedContainers="0" busStop="1383533461"/>
    <stopinfo id="13_tram_68:0" type="pt_tram" lane="461452916_0" pos="325.82" parking="0" started="233.00" ended="263.00" delay="-1.00" initialPersons="0" loadedPersons="0" unloadedPersons="0" initialContainers="0" loadedContainers="0" unloadedContainers="0" busStop="667031675"/>
    <stopinfo id="0_bus_160:0" type="pt_bus" lane="46039050#4_1" pos="42.32" parking="0" started="238.00" ended="268.00" delay="-1.00" initialPersons="0" loadedPersons="0" unloadedPersons="0" initialContainers="0" loadedContainers="0" unloadedContainers="0" busStop="837696524"/>
    <stopinfo id="12_tram_61:1" type="pt_tram" lane="179699938#3_0" pos="45.90" parking="0" started="250.00" ended="280.00" delay="-1.00" initialPersons="0" loadedPersons="0" unloadedPersons="0" initialContainers="0" loadedContainers="0" unloadedContainers="0" busStop="1704693444"/>
    <stopinfo id="10_bus_164:0" type="pt_bus" lane="113575152#13_1" pos="61.93" parking="0" started="252.00" ended="282.00" delay="-1.00" initialPersons="0" loadedPersons="0" unloadedPersons="0" initialContainers="0" loadedContainers="0" unloadedContainers="0" busStop="297194207"/>
    <stopinfo id="3_bus_162:0" type="pt_bus" lane="143308546#3_1" pos="54.40" parking="0" started="262.00" ended="292.00" delay="-1.00" initialPersons="0" loadedPersons="0" unloadedPersons="0" initialContainers="0" loadedContainers="0" unloadedContainers="0" busStop="301331956"/>
    <stopinfo id="9_bus_260:0" type="pt_bus" lane="-314415495#16_1" pos="9.00" parking="0" started="274.00" ended="304.00" delay="-1.00" initialPersons="0" loadedPersons="0" unloadedPersons="0" initialContainers="0" loadedContainers="0" unloadedContainers="0" busStop="-385200818"/>
    <stopinfo id="1_bus_172:0" type="pt_bus" lane="145586617#10_1" pos="821.49" parking="0" started="275.00" ended="305.00" delay="-1.00" initialPersons="0" loadedPersons="0" unloadedPersons="0" initialContainers="0" loadedContainers="0" unloadedContainers="0" busStop="664609199"/>
    <stopinfo id="11_tram_61:0" type="pt_tram" lane="220198808#3_0" pos="104.96" parking="0" started="275.00" ended="305.00" delay="-1.00" initialPersons="0" loadedPersons="0" unloadedPersons="0" initialContainers="0" loadedContainers="0" unloadedContainers="0" busStop="1704693457"/>
    <stopinfo id="2_bus_172:1" type="pt_bus" lane="145586617#11_1" pos="93.81" parking="0" started="284.00" ended="314.00" delay="-1.00" initialPersons="0" loadedPersons="0" unloadedPersons="0" initialContainers="0" loadedContainers="0" unloadedContainers="0" busStop="664609198"/>
    <stopinfo id="4_bus_162:1" type="pt_bus" lane="143308542#18_1" pos="16.10" parking="0" started="292.00" ended="322.00" delay="-1.00" initialPersons="0" loadedPersons="0" unloadedPersons="0" initialContainers="0" loadedContainers="0" unloadedContainers="0" busStop="464396589"/>
    <stopinfo id="14_tram_68:1" type="pt_tram" lane="461514289#0_0" pos="689.20" parking="0" started="301.00" ended="331.00" delay="-1.00" initialPersons="0" loadedPersons="0" unloadedPersons="0" initialContainers="0" loadedContainers="0" unloadedContainers="0" busStop="1383533471"/>
    <stopinfo id="15_tram_63:0" type="pt_tram" lane="220198808#0_0" pos="35.16" parking="0" started="302.00" ended="332.00" delay="-1.00" initialPersons="0" loadedPersons="0" unloadedPersons="0" initialContainers="0" loadedContainers="0" unloadedContainers="0" busStop="1704693389"/>
    <stopinfo id="5_bus_163:0" type="pt_bus" lane="204721579#1_1" pos="105.13" parking="0" started="305.00" ended="335.00" delay="-1.00" initialPersons="0" loadedPersons="0" unloadedPersons="0" initialContainers="0" loadedContainers="0" unloadedContainers="0" busStop="1383533462"/>
    <stopinfo id="13_tram_68:0" type="pt_tram" lane="461452916_0" pos="817.10" parking="0" started="307.00" ended="337.00" delay="-1.00" initialPersons="0" loadedPersons="0" unloadedPersons="0" initialContainers="0" loadedContainers="0" unloadedContainers="0" busStop="1383533525"/>
    <stopinfo id="0_bus_160:0" type="pt_bus" lane="143308587#1_1" pos="37.10" parking="0" started="311.00" ended="341.00" delay="-1.00" initialPersons="0" loadedPersons="0" unloadedPersons="0" initialContainers="0" loadedContainers="0" unloadedContainers="0" busStop="1560223236"/>
    <stopinfo id="10_bus_164:0" type="pt_bus" lane="-23913524#2_1" pos="90.80" parking="0" started="315.00" ended="345.00" delay="-1.00" initialPersons="0" loadedPersons="0" unloadedPersons="0" initialContainers="0" loadedContainers="0" unloadedContainers="0" busStop="-1383533494"/>
    <stopinfo id="7_bus_163:2" type="pt_bus" lane="806903753_1" pos="3.91" parking="0" started="330.00" ended="360.00" delay="-1.00" initialPersons="0" loadedPersons="0" unloadedPersons="0" initialContainers="0" loadedContainers="0" unloadedContainers="0" busStop="5315085711"/>
    <stopinfo id="9_bus_260:0" type="pt_bus" lane="-314415495#6_1" pos="14.08" parking="0" started="343.00" ended="373.00" delay="-1.00" initialPersons="0" loadedPersons="0" unloadedPersons="0" initialContainers="0" loadedContainers="0" unloadedContainers="0" busStop="-1560223790"/>
    <stopinfo id="16_tram_63:1" type="pt_tram" lane="179699938#3_0" pos="45.90" parking="0" started="344.00" ended="374.00" delay="-1.00" initialPersons="0" loadedPersons="0" unloadedPersons="0" initialContainers="0" loadedContainers="0" unloadedContainers="0" busStop="1704693444"/>
    <stopinfo id="3_bus_162:0" type="pt_bus" lane="143308587#1_1" pos="37.10" parking="0" started="350.00" ended="380.00" delay="-1.00" initialPersons="0" loadedPersons="0" unloadedPersons="0" initialContainers="0" loadedContainers="0" unloadedContainers="0" busStop="1560223236"/>
    <stopinfo id="15_tram_63:0" type="pt_tram" lane="220198808#3_0" pos="104.96" parking="0" started="369.00" ended="399.00" delay="-1.00" initialPersons="0" loadedPersons="0" unloadedPersons="0" initialContainers="0" loadedContainers="0" unloadedContainers="0" busStop="1704693457"/>
    <stopinfo id="23_bus_260:1" type="pt_bus" lane="144909690#0_1" pos="40.49" parking="0" started="374.00" ended="404.00" delay="-1.00" initialPersons="0" loadedPersons="0" unloadedPersons="0" initialContainers="0" loadedContainers="0" unloadedContainers="0" busStop="301263813"/>
    <stopinfo id="10_bus_164:0" type="pt_bus" lane="137534616#0_1" pos="44.39" parking="0" started="377.00" ended="407.00" delay="-1.00" initialPersons="0" loadedPersons="0" unloadedPersons="0" initialContainers="0" loadedContainers="0" unloadedContainers="0" busStop="1383533577"/>
    <stopinfo id="5_bus_163:0" type="pt_bus" lane="153021549#1_1" pos="46.80" parking="0" started="380.00" ended="410.00" delay="-1.00" initialPersons="0" loadedPersons="0" unloadedPersons="0" initialContainers="0" loadedContainers="0" unloadedContainers="0" busStop="1862990707"/>
    <stopinfo id="6_bus_163:1" type="pt_bus" lane="-144909690#1_1" pos="27.40" parking="0" started="394.00" ended="424.00" delay="-1.00" initialPersons="0" loadedPersons="0" unloadedPersons="0" initialContainers="0" loadedContainers="0" unloadedContainers="0" busStop="-942861696"/>
    <stopinfo id="14_tram_68:1" type="pt_tram" lane="461452920_0" pos="446.34" parking="0" started="394.00" ended="424.00" delay="-1.00" initialPersons="0" loadedPersons="0" unloadedPersons="0" initialContainers="0" loadedContainers="0" unloadedContainers="0" busStop="79408448"/>
    <stopinfo id="9_bus_260:0" type="pt_bus" lane="-314415495#3_1" pos="102.00" parking="0" started="397.00" ended="427.00" delay="-1.00" initialPersons="0" loadedPersons="0" unloadedPersons="0" initialContainers="0" loadedContainers="0" unloadedContainers="0" busStop="-1560223555"/>
    <stopinfo id="13_tram_68:0" type="pt_tram" lane="461514288#1_0" pos="88.86" parking="0" started="399.00" ended="429.00" delay="-1.00" initialPersons="0" loadedPersons="0" unloadedPersons="0" initialContainers="0" loadedContainers="0" unloadedContainers="0" busStop="1383533479"/>
    <stopinfo id="26_bus_164:1" type="pt_bus" lane="-46150481#0_1" pos="27.22" parking="0" started="405.00" ended="435.00" delay="-1.00" initialPersons="0" loadedPersons="0" unloadedPersons="0" initialContainers="0" loadedContainers="0" unloadedContainers="0" busStop="-851572693"/>
    <stopinfo id="11_tram_61:0" type="pt_tram" lane="218797686#0_1" pos="12.50" parking="0" started="409.00" ended="439.00" delay="-1.00" initialPersons="0" loadedPersons="0" unloadedPersons="0" initialContainers="0" loadedContainers="0" unloadedContainers="0" busStop="583899039"/>
    <stopinfo id="12_tram_61:1" type="pt_tram" lane="206889079#9_0" pos="59.18" parking="0" started="424.00" ended="454.00" delay="-1.00" initialPersons="0" loadedPersons="0" unloadedPersons="0" initialContainers="0" loadedContainers="0" unloadedContainers="0" busStop="1704693451"/>
    <stopinfo id="7_bus_163:2" type="pt_bus" lane="153021553#1_1" pos="47.29" parking="0" started="428.00" ended="458.00" delay="-1.00" initialPersons="0" loadedPersons="0" unloadedPersons="0" initialContainers="0" loadedContainers="0" unloadedContainers="0" busStop="3812676495"/>
    <stopinfo id="0_bus_160:0" type="pt_bus" lane="46150481#0_1" pos="49.01" parking="0" started="437.00" ended="467.00" delay="-1.00" initialPersons="0" loadedPersons="0" unloadedPersons="0" initialContainers="0" loadedContainers="0" unloadedContainers="0" busStop="852932398"/>
    <stopinfo id="17_train_S45:0" type="pt_train" lane="22917995_0" pos="55.23" parking="0" started="442.00" ended="472.00" delay="-1.00" initialPersons="0" loadedPersons="0" unloadedPersons="0" initialContainers="0" loadedContainers="0" unloadedContainers="0" busStop="3508654675"/>
    <stopinfo id="1_bus_172:0" type="pt_bus" lane="145586617#10_1" pos="367.86" parking="0" started="446.00" ended="476.00" delay="-1.00" initialPersons="0" loadedPersons="0" unloadedPersons="0" initialContainers="0" loadedContainers="0" unloadedContainers="0" busStop="664609203"/>
    <stopinfo id="10_bus_164:0" type="pt_bus" lane="149611526#0_1" pos="38.98" parking="0" started="447.00" ended="477.00" delay="-1.00" initialPersons="0" loadedPersons="0" unloadedPersons="0" initialContainers="0" loadedContainers="0" unloadedContainers="0" busStop="1383533575"/>
    <stopinfo id="18_train_S45:1" type="pt_train" lane="4782367_0" pos="182.81" parking="0" started="450.00" ended="480.00" delay="-1.00" initialPersons="0" loadedPersons="0" unloadedPersons="0" initialContainers="0" loadedContainers="0" unloadedContainers="0" busStop="30499115"/>
    <stopinfo id="23_bus_260:1" type="pt_bus" lane="144909690#2_1" pos="51.52" parking="0" started="460.00" ended="490.00" delay="-1.00" initialPersons="0" loadedPersons="0" unloadedPersons="0" initialContainers="0" loadedContainers="0" unloadedContainers="0" busStop="94487938"/>
    <stopinfo id="4_bus_162:1" type="pt_bus" lane="806903753_1" pos="3.91" parking="0" started="462.00" ended="492.00" delay="-1.00" initialPersons="0" loadedPersons="0" unloadedPersons="0" initialContainers="0" loadedContainers="0" unloadedContainers="0" busStop="5315085711"/>
    <stopinfo id="14_tram_68:1" type="pt_tram" lane="461452920_0" pos="918.66" parking="0" started="467.00" ended="497.00" delay="-1.00" initialPersons="0" loadedPersons="0" unloadedPersons="0" initialContainers="0" loadedContainers="0" unloadedContainers="0" busStop="1383533580"/>
    <stopinfo id="6_bus_163:1" type="pt_bus" lane="-144909690#0_1" pos="124.52" parking="0" started="469.00" ended="499.00" delay="-1.00" initialPersons="0" loadedPersons="0" unloadedPersons="0" initialContainers="0" loadedContainers="0" unloadedContainers="0" busStop="-94487924"/>
    <stopinfo id="13_tram_68:0" type="pt_tram" lane="461514288#1_0" pos="541.32" parking="0" started="470.00" ended="500.00" delay="-1.00" initialPersons="0" loadedPersons="0" unloadedPersons="0" initialContainers="0" loadedContainers="0" unloadedContainers="0" busStop="1383533593"/>
    <stopinfo id="3_bus_162:0" type="pt_bus" lane="46150481#0_1" pos="49.00" parking="0" started="475.00" ended="505.00" delay="-1.00" initialPersons="0" loadedPersons="0" unloadedPersons="0" initialContainers="0" loadedContainers="0" unloadedContainers="0" busStop="852932398"/>
    <stopinfo id="16_tram_63:1" type="pt_tram" lane="206889079#9_0" pos="59.18" parking="0" started="480.00" ended="510.00" delay="-1.00" initialPersons="0" loadedPersons="0" unloadedPersons="0" initialContainers="0" loadedContainers="0" unloadedContainers="0" busStop="1704693451"/>
    <stopinfo id="7_bus_163:2" type="pt_bus" lane="318210360#0_1" pos="75.35" parking="0" started="490.00" ended="520.00" delay="-1.00" initialPersons="0" loadedPersons="0" unloadedPersons="0" initialContainers="0" loadedContainers="0" unloadedContainers="0" busStop="1383533461"/>
    <stopinfo id="12_tram_61:1" type="pt_tram" lane="220198810#0_0" pos="31.09" parking="0" started="491.00" ended="521.00" delay="-1.00" initialPersons="0" loadedPersons="0" unloadedPersons="0" initialContainers="0" loadedContainers="0" unloadedContainers="0" busStop="1704693381"/>
    <stopinfo id="11_tram_61:0" type="pt_tram" lane="-179699939#0_0" pos="271.96" parking="0" started="495.00" ended="525.00" delay="-1.00" initialPersons="0" loadedPersons="0" unloadedPersons="0" initialContainers="0" loadedContainers="0" unloadedContainers="0" busStop="-766875150"/>
    <stopinfo id="15_tram_63:0" type="pt_tram" lane="218797686#0_1" pos="12.50" parking="0" started="501.00" ended="531.00" delay="-1.00" initialPersons="0" loadedPersons="0" unloadedPersons="0" initialContainers="0" loadedContainers="0" unloadedContainers="0" busStop="583899039"/>
    <stopinfo id="26_bus_164:1" type="pt_bus" lane="143308542#1_1" pos="44.41" parking="0" started="511.00" ended="541.00" delay="-1.00" initialPersons="0" loadedPersons="0" unloadedPersons="0" initialContainers="0" loadedContainers="0" unloadedContainers="0" busStop="464396487"/>
    <stopinfo id="24_train_S8:0" type="pt_train" lane="4782367_0" pos="182.81" parking="0" started="517.00" ended="547.00" delay="-1.00" initialPersons="0" loadedPersons="0" unloadedPersons="0" initialContainers="0" loadedContainers="0" unloadedContainers="0" busStop="30499115"/>
    <stopinfo id="35_bus_163:3" type="pt_bus" lane="144909690#0_1" pos="40.49" parking="0" started="518.00" ended="548.00" delay="-1.00" initialPersons="0" loadedPersons="0" unloadedPersons="0" initialContainers="0" loadedContainers="0" unloadedContainers="0" busStop="301263813"/>
    <stopinfo id="25_train_S8:1" type="pt_train" lane="22917995_0" pos="55.23" parking="0" started="522.00" ended="552.00" delay="-1.00" initialPersons="0" loadedPersons="0" unloadedPersons="0" initialContainers="0" loadedContainers="0" unloadedContainers="0" busStop="3508654675"/>
    <stopinfo id="9_bus_260:0" type="pt_bus" lane="-144909690#1_1" pos="27.40" parking="0" started="523.00" ended="553.00" delay="-1.00" initialPersons="0" loadedPersons="0" unloadedPersons="0" initialContainers="0" loadedContainers="0" unloadedContainers="0" busStop="-942861696"/>
    <stopinfo id="5_bus_163:0" type="pt_bus" lane="206889086#1_1" pos="25.69" parking="0" started="527.00" ended="557.00" delay="-1.00" initialPersons="0" loadedPersons="0" unloadedPersons="0" initialContainers="0" loadedContainers="0" unloadedContainers="0" busStop="1656195133"/>
    <stopinfo id="36_bus_160:1" type="pt_bus" lane="81096611#0_1" pos="49.02" parking="0" started="530.00" ended="560.00" delay="-1.00" initialPersons="0" loadedPersons="0" unloadedPersons="0" initialContainers="0" loadedContainers="0" unloadedContainers="0" busStop="1568240825"/>
    <stopinfo id="16_tram_63:1" type="pt_tram" lane="220198810#0_0" pos="31.09" parking="0" started="547.00" ended="577.00" delay="-1.00" initialPersons="0" loadedPersons="0" unloadedPersons="0" initialContainers="0" loadedContainers="0" unloadedContainers="0" busStop="1704693381"/>
    <stopinfo id="23_bus_260:1" type="pt_bus" lane="314415495#1_1" pos="43.79" parking="0" started="563.00" ended="593.00" delay="-1.00" initialPersons="0" loadedPersons="0" unloadedPersons="0" initialContainers="0" loadedContainers="0" unloadedContainers="0" busStop="945142241"/>
    <stopinfo id="12_tram_61:1" type="pt_tram" lane="220198810#6_0" pos="39.97" parking="0" started="563.00" ended="593.00" delay="-1.00" initialPersons="0" loadedPersons="0" unloadedPersons="0" initialContainers="0" loadedContainers="0" unloadedContainers="0" busStop="1704693369"/>
    <stopinfo id="10_bus_164:0" type="pt_bus" lane="206889086#1_1" pos="25.66" parking="0" started="564.00" ended="594.00" delay="-1.00" initialPersons="0" loadedPersons="0" unloadedPersons="0" initialContainers="0" loadedContainers="0" unloadedContainers="0" busStop="1656195133"/>
    <stopinfo id="26_bus_164:1" type="pt_bus" lane="143308542#6_1" pos="29.20" parking="0" started="568.00" ended="598.00" delay="-1.00" initialPersons="0" loadedPersons="0" unloadedPersons="0" initialContainers="0" loadedContainers="0" unloadedContainers="0" busStop="306982602"/>
    <stopinfo id="28_train_S9:1" type="pt_train" lane="4782367_0" pos="182.81" parking="0" started="584.00" ended="614.00" delay="-1.00" initialPersons="0" loadedPersons="0" unloadedPersons="0" initialContainers="0" loadedContainers="0" unloadedContainers="0" busStop="30499115"/>
    <stopinfo id="15_tram_63:0" type="pt_tram" lane="-179699939#0_0" pos="271.96" parking="0" started="586.00" ended="616.00" delay="-1.00" initialPersons="0" loadedPersons="0" unloadedPersons="0" initialContainers="0" loadedContainers="0" unloadedContainers="0" busStop="-766875150"/>
    <stopinfo id="27_train_S9:0" type="pt_train" lane="22917995_0" pos="55.23" parking="0" started="589.00" ended="619.00" delay="-1.00" initialPersons="0" loadedPersons="0" unloadedPersons="0" initialContainers="0" loadedContainers="0" unloadedContainers="0" busStop="3508654675"/>
    <stopinfo id="38_bus_162:2" type="pt_bus" lane="113575152#2_1" pos="25.56" parking="0" started="597.00" ended="627.00" delay="-1.00" initialPersons="0" loadedPersons="0" unloadedPersons="0" initialContainers="0" loadedContainers="0" unloadedContainers="0" busStop="3834046603"/>
    <stopinfo id="39_bus_162:3" type="pt_bus" lane="-46150481#0_1" pos="27.21" parking="0" started="599.00" ended="629.00" delay="-1.00" initialPersons="0" loadedPersons="0" unloadedPersons="0" initialContainers="0" loadedContainers="0" unloadedContainers="0" busStop="-851572693"/>
    <stopinfo id="9_bus_260:0" type="pt_bus" lane="-144909690#0_1" pos="124.52" parking="0" started="600.00" ended="630.00" delay="-1.00" initialPersons="0" loadedPersons="0" unloadedPersons="0" initialContainers="0" loadedContainers="0" unloadedContainers="0" busStop="-94487924"/>
    <stopinfo id="35_bus_163:3" type="pt_bus" lane="144909690#2_1" pos="51.53" parking="0" started="603.00" ended="633.00" delay="-1.00" initialPersons="0" loadedPersons="0" unloadedPersons="0" initialContainers="0" loadedContainers="0" unloadedContainers="0" busStop="94487938"/>
    <stopinfo id="23_bus_260:1" type="pt_bus" lane="314415495#6_1" pos="57.34" parking="0" started="619.00" ended="649.00" delay="-1.00" initialPersons="0" loadedPersons="0" unloadedPersons="0" initialContainers="0" loadedContainers="0" unloadedContainers="0" busStop="664208807"/>
    <stopinfo id="16_tram_63:1" type="pt_tram" lane="220198810#6_0" pos="39.97" parking="0" started="619.00" ended="649.00" delay="-1.00" initialPersons="0" loadedPersons="0" unloadedPersons="0" initialContainers="0" loadedContainers="0" unloadedContainers="0" busStop="1704693369"/>
    <stopinfo id="1_bus_172:0" type="pt_bus" lane="145586617#10_1" pos="64.88" parking="0" started="627.00" ended="657.00" delay="-1.00" initialPersons="0" loadedPersons="0" unloadedPersons="0" initialContainers="0" loadedContainers="0" unloadedContainers="0" busStop="664609166"/>
    <stopinfo id="36_bus_160:1" type="pt_bus" lane="81096611#1_1" pos="91.33" parking="0" started="629.00" ended="659.00" delay="-1.00" initialPersons="0" loadedPersons="0" unloadedPersons="0" initialContainers="0" loadedContainers="0" unloadedContainers="0" busStop="851572829"/>
    <stopinfo id="26_bus_164:1" type="pt_bus" lane="143308542#18_1" pos="16.07" parking="0" started="638.00" ended="668.00" delay="-1.00" initialPersons="0" loadedPersons="0" unloadedPersons="0" initialContainers="0" loadedContainers="0" unloadedContainers="0" busStop="464396589"/>
    <stopinfo id="30_train_S46:1" type="pt_train" lane="4782367_0" pos="182.81" parking="0" started="651.00" ended="681.00" delay="-1.00" initialPersons="0" loadedPersons="0" unloadedPersons="0" initialContainers="0" loadedContainers="0" unloadedContainers="0" busStop="30499115"/>
    <stopinfo id="29_train_S46:0" type="pt_train" lane="22917995_0" pos="55.23" parking="0" started="656.00" ended="686.00" delay="-1.00" initialPersons="0" loadedPersons="0" unloadedPersons="0" initialContainers="0" loadedContainers="0" unloadedContainers="0" busStop="3508654675"/>
    <stopinfo id="7_bus_163:2" type="pt_bus" lane="-144909690#1_1" pos="27.41" parking="0" started="658.00" ended="688.00" delay="-1.00" initialPersons="0" loadedPersons="0" unloadedPersons="0" initialContainers="0" loadedContainers="0" unloadedContainers="0" busStop="-942861696"/>
    <stopinfo id="38_bus_162:2" type="pt_bus" lane="113575152#13_1" pos="61.93" parking="0" started="664.00" ended="694.00" delay="-1.00" initialPersons="0" loadedPersons="0" unloadedPersons="0" initialContainers="0" loadedContainers="0" unloadedContainers="0" busStop="297194207"/>
    <stopinfo id="23_bus_260:1" type="pt_bus" lane="314415495#15_1" pos="13.69" parking="0" started="688.00" ended="718.00" delay="-1.00" initialPersons="0" loadedPersons="0" unloadedPersons="0" initialContainers="0" loadedContainers="0" unloadedContainers="0" busStop="385200819"/>
    <stopinfo id="36_bus_160:1" type="pt_bus" lane="169076556#3_1" pos="21.00" parking="0" started="709.00" ended="739.00" delay="-1.00" initialPersons="0" loadedPersons="0" unloadedPersons="0" initialContainers="0" loadedContainers="0" unloadedContainers="0" busStop="301292770"/>
    <stopinfo id="10_bus_164:0" type="pt_bus" lane="670062907#2_1" pos="12.55" parking="0" started="713.00" ended="743.00" delay="-1.00" initialPersons="0" loadedPersons="0" unloadedPersons="0" initialContainers="0" loadedContainers="0" unloadedContainers="0" busStop="464396566"/>
    <stopinfo id="34_train_S85:1" type="pt_train" lane="4782367_0" pos="182.81" parking="0" started="718.00" ended="748.00" delay="-1.00" initialPersons="0" loadedPersons="0" unloadedPersons="0" initialContainers="0" loadedContainers="0" unloadedContainers="0" busStop="30499115"/>
    <stopinfo id="39_bus_162:3" type="pt_bus" lane="143308542#1_1" pos="44.42" parking="0" started="723.00" ended="753.00" delay="-1.00" initialPersons="0" loadedPersons="0" unloadedPersons="0" initialContainers="0" loadedContainers="0" unloadedContainers="0" busStop="464396487"/>
    <stopinfo id="33_train_S85:0" type="pt_train" lane="22917995_0" pos="55.23" parking="0" started="723.00" ended="753.00" delay="-1.00" initialPersons="0" loadedPersons="0" unloadedPersons="0" initialContainers="0" loadedContainers="0" unloadedContainers="0" busStop="3508654675"/>
    <stopinfo id="38_bus_162:2" type="pt_bus" lane="-23913524#2_1" pos="90.79" parking="0" started="728.00" ended="758.00" delay="-1.00" initialPersons="0" loadedPersons="0" unloadedPersons="0" initialContainers="0" loadedContainers="0" unloadedContainers="0" busStop="-1383533494"/>
    <stopinfo id="35_bus_163:3" type="pt_bus" lane="204721579#1_1" pos="105.14" parking="0" started="730.00" ended="760.00" delay="-1.00" initialPersons="0" loadedPersons="0" unloadedPersons="0" initialContainers="0" loadedContainers="0" unloadedContainers="0" busStop="1383533462"/>
    <stopinfo id="7_bus_163:2" type="pt_bus" lane="-144909690#0_1" pos="124.48" parking="0" started="734.00" ended="764.00" delay="-1.00" initialPersons="0" loadedPersons="0" unloadedPersons="0" initialContainers="0" loadedContainers="0" unloadedContainers="0" busStop="-94487924"/>
    <stopinfo id="26_bus_164:1" type="pt_bus" lane="806903753_1" pos="3.89" parking="0" started="761.00" ended="791.00" delay="-1.00" initialPersons="0" loadedPersons="0" unloadedPersons="0" initialContainers="0" loadedContainers="0" unloadedContainers="0" busStop="5315085711"/>
    <stopinfo id="10_bus_164:0" type="pt_bus" lane="143308546#3_1" pos="54.40" parking="0" started="783.00" ended="813.00" delay="-1.00" initialPersons="0" loadedPersons="0" unloadedPersons="0" initialContainers="0" loadedContainers="0" unloadedContainers="0" busStop="301331956"/>
    <stopinfo id="39_bus_162:3" type="pt_bus" lane="143308542#6_1" pos="29.23" parking="0" started="786.00" ended="816.00" delay="-1.00" initialPersons="0" loadedPersons="0" unloadedPersons="0" initialContainers="0" loadedContainers="0" unloadedContainers="0" busStop="306982602"/>
    <stopinfo id="38_bus_162:2" type="pt_bus" lane="137534616#0_1" pos="44.39" parking="0" started="791.00" ended="821.00" delay="-1.00" initialPersons="0" loadedPersons="0" unloadedPersons="0" initialContainers="0" loadedContainers="0" unloadedContainers="0" busStop="1383533577"/>
    <stopinfo id="35_bus_163:3" type="pt_bus" lane="153021549#1_1" pos="46.79" parking="0" started="794.00" ended="824.00" delay="-1.00" initialPersons="0" loadedPersons="0" unloadedPersons="0" initialContainers="0" loadedContainers="0" unloadedContainers="0" busStop="1862990707"/>
    <stopinfo id="23_bus_260:1" type="pt_bus" lane="806903753_1" pos="3.92" parking="0" started="814.00" ended="844.00" delay="-1.00" initialPersons="0" loadedPersons="0" unloadedPersons="0" initialContainers="0" loadedContainers="0" unloadedContainers="0" busStop="5315085711"/>
    <stopinfo id="26_bus_164:1" type="pt_bus" lane="24152326#0_1" pos="67.16" parking="0" started="822.00" ended="852.00" delay="-1.00" initialPersons="0" loadedPersons="0" unloadedPersons="0" initialContainers="0" loadedContainers="0" unloadedContainers="0" busStop="1383533459"/>
    <stopinfo id="36_bus_160:1" type="pt_bus" lane="143308532#2_1" pos="13.44" parking="0" started="852.00" ended="882.00" delay="-1.00" initialPersons="0" loadedPersons="0" unloadedPersons="0" initialContainers="0" loadedContainers="0" unloadedContainers="0" busStop="671564316"/>
    <stopinfo id="39_bus_162:3" type="pt_bus" lane="143308542#18_1" pos="16.09" parking="0" started="856.00" ended="886.00" delay="-1.00" initialPersons="0" loadedPersons="0" unloadedPersons="0" initialContainers="0" loadedContainers="0" unloadedContainers="0" busStop="464396589"/>
    <stopinfo id="38_bus_162:2" type="pt_bus" lane="149611526#0_1" pos="38.97" parking="0" started="861.00" ended="891.00" delay="-1.00" initialPersons="0" loadedPersons="0" unloadedPersons="0" initialContainers="0" loadedContainers="0" unloadedContainers="0" busStop="1383533575"/>
    <stopinfo id="10_bus_164:0" type="pt_bus" lane="143308587#1_1" pos="37.11" parking="0" started="875.00" ended="905.00" delay="-1.00" initialPersons="0" loadedPersons="0" unloadedPersons="0" initialContainers="0" loadedContainers="0" unloadedContainers="0" busStop="1560223236"/>
    <stopinfo id="1_bus_172:0" type="pt_bus" lane="145586617#0_1" pos="56.29" parking="0" started="880.00" ended="910.00" delay="-1.00" initialPersons="0" loadedPersons="0" unloadedPersons="0" initialContainers="0" loadedContainers="0" unloadedContainers="0" busStop="664609173"/>
    <stopinfo id="26_bus_164:1" type="pt_bus" lane="-137534616#0_1" pos="41.29" parking="0" started="913.00" ended="943.00" delay="-1.00" initialPersons="0" loadedPersons="0" unloadedPersons="0" initialContainers="0" loadedContainers="0" unloadedContainers="0" busStop="-1383533578"/>
    <stopinfo id="36_bus_160:1" type="pt_bus" lane="143308532#8_1" pos="42.01" parking="0" started="913.00" ended="943.00" delay="-1.00" initialPersons="0" loadedPersons="0" unloadedPersons="0" initialContainers="0" loadedContainers="0" unloadedContainers="0" busStop="837696418"/>
    <stopinfo id="35_bus_163:3" type="pt_bus" lane="206889086#1_1" pos="25.68" parking="0" started="918.00" ended="948.00" delay="-1.00" initialPersons="0" loadedPersons="0" unloadedPersons="0" initialContainers="0" loadedContainers="0" unloadedContainers="0" busStop="1656195133"/>
    <stopinfo id="38_bus_162:2" type="pt_bus" lane="206889086#1_1" pos="25.66" parking="0" started="965.00" ended="995.00" delay="-1.00" initialPersons="0" loadedPersons="0" unloadedPersons="0" initialContainers="0" loadedContainers="0" unloadedContainers="0" busStop="1656195133"/>
    <stopinfo id="26_bus_164:1" type="pt_bus" lane="23913524#2_1" pos="53.06" parking="0" started="973.00" ended="1003.00" delay="-1.00" initialPersons="0" loadedPersons="0" unloadedPersons="0" initialContainers="0" loadedContainers="0" unloadedContainers="0" busStop="1383533492"/>
    <stopinfo id="10_bus_164:0" type="pt_bus" lane="46150481#0_1" pos="48.99" parking="0" started="990.00" ended="1020.00" delay="-1.00" initialPersons="0" loadedPersons="0" unloadedPersons="0" initialContainers="0" loadedContainers="0" unloadedContainers="0" busStop="852932398"/>
    <stopinfo id="39_bus_162:3" type="pt_bus" lane="806903753_1" pos="3.91" parking="0" started="1017.00" ended="1047.00" delay="-1.00" initialPersons="0" loadedPersons="0" unloadedPersons="0" initialContainers="0" loadedContainers="0" unloadedContainers="0" busStop="5315085711"/>
    <stopinfo id="36_bus_160:1" type="pt_bus" lane="-141968830#1_1" pos="44.07" parking="0" started="1023.00" ended="1053.00" delay="-1.00" initialPersons="0" loadedPersons="0" unloadedPersons="0" initialContainers="0" loadedContainers="0" unloadedContainers="0" busStop="-1553912606"/>
    <stopinfo id="26_bus_164:1" type="pt_bus" lane="190928927#2_1" pos="37.82" parking="0" started="1042.00" ended="1072.00" delay="-1.00" initialPersons="0" loadedPersons="0" unloadedPersons="0" initialContainers="0" loadedContainers="0" unloadedContainers="0" busStop="3834046602"/>
    <stopinfo id="35_bus_163:3" type="pt_bus" lane="318210378#8_1" pos="19.34" parking="0" started="1064.00" ended="1094.00" delay="-1.00" initialPersons="0" loadedPersons="0" unloadedPersons="0" initialContainers="0" loadedContainers="0" unloadedContainers="0" busStop="945142098"/>
    <stopinfo id="39_bus_162:3" type="pt_bus" lane="24152326#0_1" pos="67.15" parking="0" started="1079.00" ended="1109.00" delay="-1.00" initialPersons="0" loadedPersons="0" unloadedPersons="0" initialContainers="0" loadedContainers="0" unloadedContainers="0" busStop="1383533459"/>
    <stopinfo id="36_bus_160:1" type="pt_bus" lane="-141968799_1" pos="416.09" parking="0" started="1099.00" ended="1129.00" delay="-1.00" initialPersons="0" loadedPersons="0" unloadedPersons="0" initialContainers="0" loadedContainers="0" unloadedContainers="0" busStop="-1094134880"/>
    <stopinfo id="38_bus_162:2" type="pt_bus" lane="670062907#2_1" pos="12.53" parking="0" started="1100.00" ended="1130.00" delay="-1.00" initialPersons="0" loadedPersons="0" unloadedPersons="0" initialContainers="0" loadedContainers="0" unloadedContainers="0" busStop="464396566"/>
    <stopinfo id="26_bus_164:1" type="pt_bus" lane="190928927#13_1" pos="13.97" parking="0" started="1106.00" ended="1136.00" delay="-1.00" initialPersons="0" loadedPersons="0" unloadedPersons="0" initialContainers="0" loadedContainers="0" unloadedContainers="0" busStop="3834046604"/>
    <stopinfo id="35_bus_163:3" type="pt_bus" lane="231626692#1_1" pos="183.37" parking="0" started="1141.00" ended="1171.00" delay="-1.00" initialPersons="0" loadedPersons="0" unloadedPersons="0" initialContainers="0" loadedContainers="0" unloadedContainers="0" busStop="2050022029"/>
    <stopinfo id="39_bus_162:3" type="pt_bus" lane="-137534616#0_1" pos="41.30" parking="0" started="1168.00" ended="1198.00" delay="-1.00" initialPersons="0" loadedPersons="0" unloadedPersons="0" initialContainers="0" loadedContainers="0" unloadedContainers="0" busStop="-1383533578"/>
    <stopinfo id="38_bus_162:2" type="pt_bus" lane="143308546#3_1" pos="54.40" parking="0" started="1169.00" ended="1199.00" delay="-1.00" initialPersons="0" loadedPersons="0" unloadedPersons="0" initialContainers="0" loadedContainers="0" unloadedContainers="0" busStop="301331956"/>
    <stopinfo id="39_bus_162:3" type="pt_bus" lane="23913524#2_1" pos="53.04" parking="0" started="1228.00" ended="1258.00" delay="-1.00" initialPersons="0" loadedPersons="0" unloadedPersons="0" initialContainers="0" loadedContainers="0" unloadedContainers="0" busStop="1383533492"/>
    <stopinfo id="38_bus_162:2" type="pt_bus" lane="143308587#1_1" pos="37.08" parking="0" started="1237.00" ended="1267.00" delay="-1.00" initialPersons="0" loadedPersons="0" unloadedPersons="0" initialContainers="0" loadedContainers="0" unloadedContainers="0" busStop="1560223236"/>
    <stopinfo id="38_bus_162:2" type="pt_bus" lane="46150481#0_1" pos="49.01" parking="0" started="1314.00" ended="1344.00" delay="-1.00" initialPersons="0" loadedPersons="0" unloadedPersons="0" initialContainers="0" loadedContainers="0" unloadedContainers="0" busStop="852932398"/>
    <stopinfo id="39_bus_162:3" type="pt_bus" lane="190928927#2_1" pos="37.83" parking="0" started="1316.00" ended="1346.00" delay="-1.00" initialPersons="0" loadedPersons="0" unloadedPersons="0" initialContainers="0" loadedContainers="0" unloadedContainers="0" busStop="3834046602"/>
    <stopinfo id="39_bus_162:3" type="pt_bus" lane="190928927#13_1" pos="13.95" parking="0" started="1380.00" ended="1410.00" delay="-1.00" initialPersons="0" loadedPersons="0" unloadedPersons="0" initialContainers="0" loadedContainers="0" unloadedContainers="0" busStop="3834046604"/>
</stops>
