<?xml version="1.0"?>
<!-- generated on 2017-05-04 15:10:12.830000 by $Id: route2trips.py 23614 2017-03-22 13:02:46Z luecken $ via randomTrips.py
  options: -n osm.net.xml <doubleminus>seed 42 <doubleminus>fringe-factor 40 -p 92.696781 -r osm.ship.rou.xml -o osm.ship.trips.xml -e 1800 <doubleminus>vehicle-class ship <doubleminus>vclass ship <doubleminus>prefix ship <doubleminus>validate
-->
<routes xmlns:xsi="http://www.w3.org/2001/XMLSchema-instance" xsi:noNamespaceSchemaLocation="http://sumo.dlr.de/xsd/routes_file.xsd">
    <vType id="ship" vClass="ship">
    </vType>
    <trip id="ship0" depart="0.00" from="31233332#0" to="-31233332#2" type="ship"/>
    <trip id="ship1" depart="92.70" from="-160619736" to="-31233332#2" type="ship"/>
    <trip id="ship2" depart="185.39" from="31233332#0" to="160619736" type="ship"/>
    <trip id="ship3" depart="278.09" from="31233332#0" to="-31233332#2" type="ship"/>
    <trip id="ship4" depart="370.79" from="-160619736" to="-31233332#2" type="ship"/>
    <trip id="ship5" depart="463.48" from="-160619736" to="160619736" type="ship"/>
    <trip id="ship6" depart="556.18" from="-160619736" to="-31233332#2" type="ship"/>
    <trip id="ship7" depart="648.88" from="31233332#0" to="160619736" type="ship"/>
    <trip id="ship8" depart="741.57" from="-160619736" to="160619736" type="ship"/>
    <trip id="ship9" depart="834.27" from="31233332#0" to="-31233332#2" type="ship"/>
    <trip id="ship10" depart="926.97" from="31233332#0" to="160619736" type="ship"/>
    <trip id="ship11" depart="1019.66" from="-160619736" to="-31233332#2" type="ship"/>
    <trip id="ship12" depart="1112.36" from="31233332#0" to="-31233332#2" type="ship"/>
    <trip id="ship13" depart="1205.06" from="-160619736" to="-31233332#2" type="ship"/>
    <trip id="ship14" depart="1297.75" from="31233332#0" to="160619736" type="ship"/>
    <trip id="ship15" depart="1390.45" from="31233332#0" to="160619736" type="ship"/>
    <trip id="ship16" depart="1483.15" from="31233332#0" to="160619736" type="ship"/>
    <trip id="ship17" depart="1575.85" from="-160619736" to="160619736" type="ship"/>
    <trip id="ship18" depart="1668.54" from="31233332#0" to="160619736" type="ship"/>
    <trip id="ship19" depart="1761.24" from="31233332#0" to="160619736" type="ship"/>
</routes>
