<?xml version="1.0"?>
<!-- generated on 2017-05-04 15:10:10.880000 by $Id: route2trips.py 23614 2017-03-22 13:02:46Z luecken $ via randomTrips.py
  options: -n osm.net.xml <doubleminus>seed 42 <doubleminus>fringe-factor 10 -p 14.519399 -r osm.truck.rou.xml -o osm.truck.trips.xml -e 1800 <doubleminus>vehicle-class truck <doubleminus>vclass truck <doubleminus>prefix truck <doubleminus>min-distance 600 <doubleminus>trip-attributes departLane="best" <doubleminus>validate
-->
<routes xmlns:xsi="http://www.w3.org/2001/XMLSchema-instance" xsi:noNamespaceSchemaLocation="http://sumo.dlr.de/xsd/routes_file.xsd">
    <vType id="truck" vClass="truck">
    </vType>
    <trip id="truck0" depart="0.00" departLane="best" from="143308532#5" to="-141968830" type="truck"/>
    <trip id="truck5" depart="72.60" departLane="best" from="-138624421#5" to="-147859763#9" type="truck"/>
    <trip id="truck6" depart="87.12" departLane="best" from="143308542#7" to="142575699#1" type="truck"/>
    <trip id="truck7" depart="101.64" departLane="best" from="25382187" to="-135777010#6" type="truck"/>
    <trip id="truck8" depart="116.16" departLane="best" from="25382187" to="147859765#1" type="truck"/>
    <trip id="truck10" depart="145.19" departLane="best" from="52460499#0" to="-43660343" type="truck"/>
    <trip id="truck12" depart="174.23" departLane="best" from="142575684#2" to="52460499#1" type="truck"/>
    <trip id="truck13" depart="188.75" departLane="best" from="-38568628#1" to="142575704#10" type="truck"/>
    <trip id="truck14" depart="203.27" departLane="best" from="314415495#7" to="143308503#1" type="truck"/>
    <trip id="truck16" depart="232.31" departLane="best" from="-142575690#0" to="-314415495#17" type="truck"/>
    <trip id="truck17" depart="246.83" departLane="best" from="143308527#2" to="-71028774#1" type="truck"/>
    <trip id="truck19" depart="275.87" departLane="best" from="-190083610#0" to="38568628#1" type="truck"/>
    <trip id="truck20" depart="290.39" departLane="best" from="143308542#4" to="143308527#6" type="truck"/>
    <trip id="truck25" depart="362.98" departLane="best" from="-147859765#1" to="-141968830" type="truck"/>
    <trip id="truck27" depart="392.02" departLane="best" from="318210378#3" to="-38159999#1" type="truck"/>
    <trip id="truck28" depart="406.54" departLane="best" from="143308546#12" to="135777010#5" type="truck"/>
    <trip id="truck29" depart="421.06" departLane="best" from="43660343" to="142575657#3" type="truck"/>
    <trip id="truck30" depart="435.58" departLane="best" from="-190083608#1" to="-206579064#1" type="truck"/>
    <trip id="truck31" depart="450.10" departLane="best" from="142575690#4" to="-26991766#5" type="truck"/>
    <trip id="truck32" depart="464.62" departLane="best" from="142575699#3" to="38159999#1" type="truck"/>
    <trip id="truck33" depart="479.14" departLane="best" from="-52081075#8" to="-172013798#2" type="truck"/>
    <trip id="truck34" depart="493.66" departLane="best" from="81639678#1" to="142575689" type="truck"/>
    <trip id="truck35" depart="508.18" departLane="best" from="22762377" to="138624445#2" type="truck"/>
    <trip id="truck36" depart="522.70" departLane="best" from="-142575659#1" to="-81639678#0" type="truck"/>
    <trip id="truck37" depart="537.22" departLane="best" from="81639675#2" to="142575693#2" type="truck"/>
    <trip id="truck38" depart="551.74" departLane="best" from="71028777#0" to="314415495#6" type="truck"/>
    <trip id="truck40" depart="580.78" departLane="best" from="143308590#0" to="142575695#1" type="truck"/>
    <trip id="truck41" depart="595.30" departLane="best" from="-190083610#0" to="143308546#8" type="truck"/>
    <trip id="truck42" depart="609.81" departLane="best" from="-142575691#4" to="141968853#0" type="truck"/>
    <trip id="truck43" depart="624.33" departLane="best" from="138624421#4" to="48858191#3" type="truck"/>
    <trip id="truck44" depart="638.85" departLane="best" from="318210378#3" to="-26991766#5" type="truck"/>
    <trip id="truck46" depart="667.89" departLane="best" from="38915289#0" to="318210371#1" type="truck"/>
    <trip id="truck47" depart="682.41" departLane="best" from="143308505#1" to="-143308521#5" type="truck"/>
    <trip id="truck48" depart="696.93" departLane="best" from="190083616" to="142575695#1" type="truck"/>
    <trip id="truck50" depart="725.97" departLane="best" from="-137483015#0" to="38568628#1" type="truck"/>
    <trip id="truck51" depart="740.49" departLane="best" from="-31050366#2" to="-142575657#3" type="truck"/>
    <trip id="truck52" depart="755.01" departLane="best" from="318210388#0" to="461093309#0" type="truck"/>
    <trip id="truck54" depart="784.05" departLane="best" from="190083616" to="-142575704#5" type="truck"/>
    <trip id="truck55" depart="798.57" departLane="best" from="141968830" to="142575701#2" type="truck"/>
    <trip id="truck56" depart="813.09" departLane="best" from="-190083608#1" to="318210371#3" type="truck"/>
    <trip id="truck59" depart="856.64" departLane="best" from="135777010#0" to="142575690#7" type="truck"/>
    <trip id="truck61" depart="885.68" departLane="best" from="-142575662#1" to="143308546#16" type="truck"/>
    <trip id="truck62" depart="900.20" departLane="best" from="314415495#4" to="-142575662#1" type="truck"/>
    <trip id="truck66" depart="958.28" departLane="best" from="141968830" to="230625607#0" type="truck"/>
    <trip id="truck68" depart="987.32" departLane="best" from="-142575688#6" to="141968844#2" type="truck"/>
    <trip id="truck71" depart="1030.88" departLane="best" from="-143308562#0" to="142575656#12" type="truck"/>
    <trip id="truck73" depart="1059.92" departLane="best" from="-172014854#2" to="38568627#1" type="truck"/>
    <trip id="truck74" depart="1074.44" departLane="best" from="135777010#5" to="314415495#6" type="truck"/>
    <trip id="truck75" depart="1088.95" departLane="best" from="71028774#0" to="38568627#1" type="truck"/>
    <trip id="truck82" depart="1190.59" departLane="best" from="52460499#6" to="143308505#0" type="truck"/>
    <trip id="truck83" depart="1205.11" departLane="best" from="142575686#1" to="180239858#0" type="truck"/>
    <trip id="truck86" depart="1248.67" departLane="best" from="142575704#5" to="143308542#3" type="truck"/>
    <trip id="truck88" depart="1277.71" departLane="best" from="142575673#1" to="38568628#1" type="truck"/>
    <trip id="truck94" depart="1364.82" departLane="best" from="-190083608#1" to="38568628#1" type="truck"/>
    <trip id="truck98" depart="1422.90" departLane="best" from="143308546#10" to="-135777011#5" type="truck"/>
    <trip id="truck99" depart="1437.42" departLane="best" from="143308546#2" to="38574183#0" type="truck"/>
    <trip id="truck100" depart="1451.94" departLane="best" from="-142575704#11" to="-142575699#0" type="truck"/>
    <trip id="truck101" depart="1466.46" departLane="best" from="-142575690#6" to="142575704#11" type="truck"/>
    <trip id="truck102" depart="1480.98" departLane="best" from="-206579062#2" to="143308527#6" type="truck"/>
    <trip id="truck105" depart="1524.54" departLane="best" from="31050366#0" to="-142575688#12" type="truck"/>
    <trip id="truck108" depart="1568.10" departLane="best" from="-81096583" to="-137483015#0" type="truck"/>
    <trip id="truck109" depart="1582.61" departLane="best" from="-142575674#3" to="320741895#0" type="truck"/>
    <trip id="truck110" depart="1597.13" departLane="best" from="38160001#1" to="142575699#2" type="truck"/>
    <trip id="truck114" depart="1655.21" departLane="best" from="-52460499#2" to="143308542#5" type="truck"/>
    <trip id="truck116" depart="1684.25" departLane="best" from="318210361#0" to="52460499#4" type="truck"/>
    <trip id="truck118" depart="1713.29" departLane="best" from="-318210371#2" to="38568628#1" type="truck"/>
    <trip id="truck119" depart="1727.81" departLane="best" from="24214694#5" to="314415495#9" type="truck"/>
    <trip id="truck120" depart="1742.33" departLane="best" from="25382187" to="-31050360#1" type="truck"/>
    <trip id="truck121" depart="1756.85" departLane="best" from="206579064#0" to="-142575690#7" type="truck"/>
    <trip id="truck123" depart="1785.89" departLane="best" from="230625607#1" to="-190083608#1" type="truck"/>
</routes>
