<?xml version="1.0"?>
<!-- generated on 2017-05-04 15:10:14.749000 by $Id: route2trips.py 23614 2017-03-22 13:02:46Z luecken $ via randomTrips.py
  options: -n osm.net.xml <doubleminus>seed 42 <doubleminus>fringe-factor 40 -p 960.455896 -r osm.rail_urban.rou.xml -o osm.rail_urban.trips.xml -e 1800 <doubleminus>vehicle-class rail_urban <doubleminus>vclass rail_urban <doubleminus>prefix urban <doubleminus>min-distance 1800 <doubleminus>trip-attributes departLane="best" <doubleminus>validate
-->
<routes xmlns:xsi="http://www.w3.org/2001/XMLSchema-instance" xsi:noNamespaceSchemaLocation="http://sumo.dlr.de/xsd/routes_file.xsd">
</routes>
