<?xml version="1.0" encoding="UTF-8"?>

<!-- generated on 05/04/17 15:10:12 by SUMO duarouter Version dev-SVN-r24177
<?xml version="1.0" encoding="UTF-8"?>

<configuration xmlns:xsi="http://www.w3.org/2001/XMLSchema-instance" xsi:noNamespaceSchemaLocation="http://sumo.dlr.de/xsd/duarouterConfiguration.xsd">

    <input>
        <net-file value="osm.net.xml"/>
        <trip-files value="osm.ship.trips.xml"/>
    </input>

    <output>
        <output-file value="osm.ship.rou.xml"/>
    </output>

    <processing>
        <ignore-errors value="true"/>
    </processing>

    <time>
        <begin value="0"/>
        <end value="1800.0"/>
    </time>

    <report>
        <no-warnings value="true"/>
        <no-step-log value="true"/>
    </report>

</configuration>
-->

<routes xmlns:xsi="http://www.w3.org/2001/XMLSchema-instance" xsi:noNamespaceSchemaLocation="http://sumo.dlr.de/xsd/routes_file.xsd">
    <vType id="ship" vClass="ship"/>
    <vehicle id="ship0" type="ship" depart="0.00">
        <route edges="31233332#0 -31233332#2"/>
    </vehicle>
    <vehicle id="ship1" type="ship" depart="92.70">
        <route edges="-160619736 -31233332#2"/>
    </vehicle>
    <vehicle id="ship2" type="ship" depart="185.39">
        <route edges="31233332#0 160619736"/>
    </vehicle>
    <vehicle id="ship3" type="ship" depart="278.09">
        <route edges="31233332#0 -31233332#2"/>
    </vehicle>
    <vehicle id="ship4" type="ship" depart="370.79">
        <route edges="-160619736 -31233332#2"/>
    </vehicle>
    <vehicle id="ship5" type="ship" depart="463.48">
        <route edges="-160619736 160619736"/>
    </vehicle>
    <vehicle id="ship6" type="ship" depart="556.18">
        <route edges="-160619736 -31233332#2"/>
    </vehicle>
    <vehicle id="ship7" type="ship" depart="648.88">
        <route edges="31233332#0 160619736"/>
    </vehicle>
    <vehicle id="ship8" type="ship" depart="741.57">
        <route edges="-160619736 160619736"/>
    </vehicle>
    <vehicle id="ship9" type="ship" depart="834.27">
        <route edges="31233332#0 -31233332#2"/>
    </vehicle>
    <vehicle id="ship10" type="ship" depart="926.97">
        <route edges="31233332#0 160619736"/>
    </vehicle>
    <vehicle id="ship11" type="ship" depart="1019.66">
        <route edges="-160619736 -31233332#2"/>
    </vehicle>
    <vehicle id="ship12" type="ship" depart="1112.36">
        <route edges="31233332#0 -31233332#2"/>
    </vehicle>
    <vehicle id="ship13" type="ship" depart="1205.06">
        <route edges="-160619736 -31233332#2"/>
    </vehicle>
    <vehicle id="ship14" type="ship" depart="1297.75">
        <route edges="31233332#0 160619736"/>
    </vehicle>
    <vehicle id="ship15" type="ship" depart="1390.45">
        <route edges="31233332#0 160619736"/>
    </vehicle>
    <vehicle id="ship16" type="ship" depart="1483.15">
        <route edges="31233332#0 160619736"/>
    </vehicle>
    <vehicle id="ship17" type="ship" depart="1575.85">
        <route edges="-160619736 160619736"/>
    </vehicle>
    <vehicle id="ship18" type="ship" depart="1668.54">
        <route edges="31233332#0 160619736"/>
    </vehicle>
    <vehicle id="ship19" type="ship" depart="1761.24">
        <route edges="31233332#0 160619736"/>
    </vehicle>
</routes>
