<?xml version="1.0"?>
<!-- generated on 2017-05-04 15:10:08.867000 by $Id: route2trips.py 23614 2017-03-22 13:02:46Z luecken $ via randomTrips.py
  options: -n osm.net.xml <doubleminus>seed 42 <doubleminus>fringe-factor 10 -p 2.419900 -r osm.passenger.rou.xml -o osm.passenger.trips.xml -e 1800 <doubleminus>vehicle-class passenger <doubleminus>vclass passenger <doubleminus>prefix veh <doubleminus>min-distance 300 <doubleminus>trip-attributes departLane="best" <doubleminus>validate
-->
<routes xmlns:xsi="http://www.w3.org/2001/XMLSchema-instance" xsi:noNamespaceSchemaLocation="http://sumo.dlr.de/xsd/routes_file.xsd">
    <vType id="passenger" vClass="passenger">
    </vType>
    <trip id="veh0" depart="0.00" departLane="best" from="143308532#5" to="-141968830" type="passenger"/>
    <trip id="veh5" depart="12.10" departLane="best" from="-138624421#5" to="-147859763#9" type="passenger"/>
    <trip id="veh6" depart="14.52" departLane="best" from="143308542#7" to="142575699#1" type="passenger"/>
    <trip id="veh7" depart="16.94" departLane="best" from="-147859763#1" to="143308521#4" type="passenger"/>
    <trip id="veh8" depart="19.36" departLane="best" from="25382187" to="-135777010#6" type="passenger"/>
    <trip id="veh9" depart="21.78" departLane="best" from="25382187" to="147859765#1" type="passenger"/>
    <trip id="veh11" depart="26.62" departLane="best" from="52460499#0" to="-43660343" type="passenger"/>
    <trip id="veh13" depart="31.46" departLane="best" from="142575684#2" to="52460499#1" type="passenger"/>
    <trip id="veh14" depart="33.88" departLane="best" from="-38568628#1" to="142575704#10" type="passenger"/>
    <trip id="veh15" depart="36.30" departLane="best" from="26991766#3" to="143308542#15" type="passenger"/>
    <trip id="veh16" depart="38.72" departLane="best" from="314415495#7" to="143308503#1" type="passenger"/>
    <trip id="veh18" depart="43.56" departLane="best" from="-147859765#0" to="-318210367#0" type="passenger"/>
    <trip id="veh19" depart="45.98" departLane="best" from="-142575679#5" to="-190083616" type="passenger"/>
    <trip id="veh20" depart="48.40" departLane="best" from="-142575690#0" to="-314415495#17" type="passenger"/>
    <trip id="veh21" depart="50.82" departLane="best" from="143308527#2" to="-71028774#1" type="passenger"/>
    <trip id="veh23" depart="55.66" departLane="best" from="-190083610#0" to="38568628#1" type="passenger"/>
    <trip id="veh24" depart="58.08" departLane="best" from="143308542#4" to="143308527#6" type="passenger"/>
    <trip id="veh27" depart="65.34" departLane="best" from="81639675#0" to="143308546#6" type="passenger"/>
    <trip id="veh30" depart="72.60" departLane="best" from="-147859765#1" to="-141968830" type="passenger"/>
    <trip id="veh32" depart="77.44" departLane="best" from="318210378#3" to="-38159999#1" type="passenger"/>
    <trip id="veh33" depart="79.86" departLane="best" from="143308546#12" to="135777010#5" type="passenger"/>
    <trip id="veh34" depart="82.28" departLane="best" from="43660343" to="142575657#3" type="passenger"/>
    <trip id="veh35" depart="84.70" departLane="best" from="-190083608#1" to="-206579064#1" type="passenger"/>
    <trip id="veh36" depart="87.12" departLane="best" from="142575690#4" to="-26991766#5" type="passenger"/>
    <trip id="veh37" depart="89.54" departLane="best" from="142575699#3" to="38159999#1" type="passenger"/>
    <trip id="veh38" depart="91.96" departLane="best" from="-52081075#8" to="-172013798#2" type="passenger"/>
    <trip id="veh39" depart="94.38" departLane="best" from="81639678#1" to="142575689" type="passenger"/>
    <trip id="veh40" depart="96.80" departLane="best" from="22762377" to="138624445#2" type="passenger"/>
    <trip id="veh41" depart="99.22" departLane="best" from="-142575659#1" to="-81639678#0" type="passenger"/>
    <trip id="veh42" depart="101.64" departLane="best" from="81639675#2" to="142575693#2" type="passenger"/>
    <trip id="veh43" depart="104.06" departLane="best" from="71028777#0" to="314415495#6" type="passenger"/>
    <trip id="veh45" depart="108.90" departLane="best" from="143308590#0" to="142575695#1" type="passenger"/>
    <trip id="veh46" depart="111.32" departLane="best" from="-190083610#0" to="143308546#8" type="passenger"/>
    <trip id="veh47" depart="113.74" departLane="best" from="-142575691#4" to="141968853#0" type="passenger"/>
    <trip id="veh48" depart="116.16" departLane="best" from="138624421#4" to="48858191#3" type="passenger"/>
    <trip id="veh49" depart="118.58" departLane="best" from="318210378#3" to="-26991766#5" type="passenger"/>
    <trip id="veh51" depart="123.41" departLane="best" from="38915289#0" to="318210371#1" type="passenger"/>
    <trip id="veh52" depart="125.83" departLane="best" from="143308505#1" to="-143308521#5" type="passenger"/>
    <trip id="veh53" depart="128.25" departLane="best" from="190083616" to="142575695#1" type="passenger"/>
    <trip id="veh55" depart="133.09" departLane="best" from="-135777010#0" to="-38568628#0" type="passenger"/>
    <trip id="veh56" depart="135.51" departLane="best" from="-137483015#0" to="38568628#1" type="passenger"/>
    <trip id="veh57" depart="137.93" departLane="best" from="318210395" to="292525973" type="passenger"/>
    <trip id="veh58" depart="140.35" departLane="best" from="-31050366#2" to="-142575657#3" type="passenger"/>
    <trip id="veh59" depart="142.77" departLane="best" from="318210388#0" to="461093309#0" type="passenger"/>
    <trip id="veh60" depart="145.19" departLane="best" from="-142575684#3" to="142575679#8" type="passenger"/>
    <trip id="veh62" depart="150.03" departLane="best" from="190083616" to="-142575704#5" type="passenger"/>
    <trip id="veh63" depart="152.45" departLane="best" from="141968830" to="142575701#2" type="passenger"/>
    <trip id="veh64" depart="154.87" departLane="best" from="-190083608#1" to="318210371#3" type="passenger"/>
    <trip id="veh67" depart="162.13" departLane="best" from="135777010#0" to="142575690#7" type="passenger"/>
    <trip id="veh69" depart="166.97" departLane="best" from="-318210380#1" to="143308521#3" type="passenger"/>
    <trip id="veh70" depart="169.39" departLane="best" from="-147859765#2" to="-172014854#0" type="passenger"/>
    <trip id="veh71" depart="171.81" departLane="best" from="-142575662#1" to="143308546#16" type="passenger"/>
    <trip id="veh73" depart="176.65" departLane="best" from="314415495#4" to="-142575662#1" type="passenger"/>
    <trip id="veh77" depart="186.33" departLane="best" from="141968830" to="230625607#0" type="passenger"/>
    <trip id="veh79" depart="191.17" departLane="best" from="-142575688#6" to="141968844#2" type="passenger"/>
    <trip id="veh83" depart="200.85" departLane="best" from="-52081075#8" to="-461093309#0" type="passenger"/>
    <trip id="veh84" depart="203.27" departLane="best" from="314415495#7" to="-230625607#1" type="passenger"/>
    <trip id="veh85" depart="205.69" departLane="best" from="-143308562#0" to="142575656#12" type="passenger"/>
    <trip id="veh87" depart="210.53" departLane="best" from="-172014854#2" to="38568627#1" type="passenger"/>
    <trip id="veh88" depart="212.95" departLane="best" from="135777010#5" to="314415495#6" type="passenger"/>
    <trip id="veh89" depart="215.37" departLane="best" from="142575688#3" to="-142575656#3" type="passenger"/>
    <trip id="veh90" depart="217.79" departLane="best" from="71028774#0" to="38568627#1" type="passenger"/>
    <trip id="veh93" depart="225.05" departLane="best" from="-52081075#8" to="-142575657#4" type="passenger"/>
    <trip id="veh99" depart="239.57" departLane="best" from="52460499#6" to="143308505#0" type="passenger"/>
    <trip id="veh100" depart="241.99" departLane="best" from="142575686#1" to="180239858#0" type="passenger"/>
    <trip id="veh101" depart="244.41" departLane="best" from="142575656#9" to="314415495#13" type="passenger"/>
    <trip id="veh102" depart="246.83" departLane="best" from="-143308493#2" to="52081075#6" type="passenger"/>
    <trip id="veh107" depart="258.93" departLane="best" from="142575704#5" to="143308542#3" type="passenger"/>
    <trip id="veh109" depart="263.77" departLane="best" from="142575673#1" to="38568628#1" type="passenger"/>
    <trip id="veh113" depart="273.45" departLane="best" from="-142575673#1" to="142575657#1" type="passenger"/>
    <trip id="veh116" depart="280.71" departLane="best" from="-190083608#1" to="38568628#1" type="passenger"/>
    <trip id="veh120" depart="290.39" departLane="best" from="143308546#10" to="-135777011#5" type="passenger"/>
    <trip id="veh121" depart="292.81" departLane="best" from="259433184#0" to="-318210378#2" type="passenger"/>
    <trip id="veh122" depart="295.23" departLane="best" from="143308546#2" to="38574183#0" type="passenger"/>
    <trip id="veh123" depart="297.65" departLane="best" from="-142575704#11" to="-142575699#0" type="passenger"/>
    <trip id="veh124" depart="300.07" departLane="best" from="-142575690#6" to="142575704#11" type="passenger"/>
    <trip id="veh125" depart="302.49" departLane="best" from="-206579062#2" to="143308527#6" type="passenger"/>
    <trip id="veh127" depart="307.33" departLane="best" from="143308527#0" to="-26991766#6" type="passenger"/>
    <trip id="veh129" depart="312.17" departLane="best" from="31050366#0" to="-142575688#12" type="passenger"/>
    <trip id="veh132" depart="319.43" departLane="best" from="143308527#5" to="-26991766#4" type="passenger"/>
    <trip id="veh133" depart="321.85" departLane="best" from="172014854#0" to="142575704#1" type="passenger"/>
    <trip id="veh134" depart="324.27" departLane="best" from="-81096583" to="-137483015#0" type="passenger"/>
    <trip id="veh135" depart="326.69" departLane="best" from="-142575674#3" to="320741895#0" type="passenger"/>
    <trip id="veh136" depart="329.11" departLane="best" from="38160001#1" to="142575699#2" type="passenger"/>
    <trip id="veh139" depart="336.37" departLane="best" from="-314415495#0" to="38159999#2" type="passenger"/>
    <trip id="veh140" depart="338.79" departLane="best" from="230625607#2" to="314415495#6" type="passenger"/>
    <trip id="veh142" depart="343.63" departLane="best" from="-172014854#2" to="-142575690#2" type="passenger"/>
    <trip id="veh144" depart="348.47" departLane="best" from="-52460499#2" to="143308542#5" type="passenger"/>
    <trip id="veh146" depart="353.31" departLane="best" from="318210361#0" to="52460499#4" type="passenger"/>
    <trip id="veh147" depart="355.73" departLane="best" from="25382187" to="320741894#0" type="passenger"/>
    <trip id="veh149" depart="360.57" departLane="best" from="-318210371#2" to="38568628#1" type="passenger"/>
    <trip id="veh150" depart="362.98" departLane="best" from="24214694#5" to="314415495#9" type="passenger"/>
    <trip id="veh151" depart="365.40" departLane="best" from="25382187" to="-31050360#1" type="passenger"/>
    <trip id="veh152" depart="367.82" departLane="best" from="206579064#0" to="-142575690#7" type="passenger"/>
    <trip id="veh153" depart="370.24" departLane="best" from="318210371#3" to="314415495#3" type="passenger"/>
    <trip id="veh155" depart="375.08" departLane="best" from="230625607#1" to="-190083608#1" type="passenger"/>
    <trip id="veh156" depart="377.50" departLane="best" from="-138624421#2" to="-147859763#2" type="passenger"/>
    <trip id="veh157" depart="379.92" departLane="best" from="-318210369#0" to="314415495#9" type="passenger"/>
    <trip id="veh158" depart="382.34" departLane="best" from="52460499#4" to="-314415495#18" type="passenger"/>
    <trip id="veh159" depart="384.76" departLane="best" from="143308542#0" to="135777010#7" type="passenger"/>
    <trip id="veh163" depart="394.44" departLane="best" from="52460499#0" to="-26991766#7" type="passenger"/>
    <trip id="veh164" depart="396.86" departLane="best" from="-142575691#0" to="141968853#0" type="passenger"/>
    <trip id="veh166" depart="401.70" departLane="best" from="143308503#1" to="142575690#1" type="passenger"/>
    <trip id="veh167" depart="404.12" departLane="best" from="-38915289#1" to="143308503#0" type="passenger"/>
    <trip id="veh168" depart="406.54" departLane="best" from="-187122892#4" to="149611514#3" type="passenger"/>
    <trip id="veh169" depart="408.96" departLane="best" from="-135777010#1" to="38568627#1" type="passenger"/>
    <trip id="veh172" depart="416.22" departLane="best" from="-38568627#1" to="-142575662#0" type="passenger"/>
    <trip id="veh173" depart="418.64" departLane="best" from="143308546#21" to="-43660343" type="passenger"/>
    <trip id="veh174" depart="421.06" departLane="best" from="147859766" to="-318210378#3" type="passenger"/>
    <trip id="veh175" depart="423.48" departLane="best" from="-314415495#1" to="135777011#5" type="passenger"/>
    <trip id="veh176" depart="425.90" departLane="best" from="-52081075#8" to="-318210371#3" type="passenger"/>
    <trip id="veh177" depart="428.32" departLane="best" from="-142575699#3" to="138624445#0" type="passenger"/>
    <trip id="veh178" depart="430.74" departLane="best" from="461514282" to="146511461#4" type="passenger"/>
    <trip id="veh179" depart="433.16" departLane="best" from="38160001#0" to="143308542#12" type="passenger"/>
    <trip id="veh180" depart="435.58" departLane="best" from="-28888490" to="142575701#0" type="passenger"/>
    <trip id="veh181" depart="438.00" departLane="best" from="-135777010#0" to="-314415495#9" type="passenger"/>
    <trip id="veh182" depart="440.42" departLane="best" from="12749623" to="143308505#0" type="passenger"/>
    <trip id="veh183" depart="442.84" departLane="best" from="143308546#11" to="142575659#1" type="passenger"/>
    <trip id="veh185" depart="447.68" departLane="best" from="141968830" to="38160000" type="passenger"/>
    <trip id="veh186" depart="450.10" departLane="best" from="230625607#2" to="-143308527#2" type="passenger"/>
    <trip id="veh187" depart="452.52" departLane="best" from="-142575684#3" to="142575690#5" type="passenger"/>
    <trip id="veh192" depart="464.62" departLane="best" from="-172013798#0" to="142575673#0" type="passenger"/>
    <trip id="veh193" depart="467.04" departLane="best" from="314415495#10" to="-142575673#1" type="passenger"/>
    <trip id="veh194" depart="469.46" departLane="best" from="-143308562#5" to="147859763#9" type="passenger"/>
    <trip id="veh195" depart="471.88" departLane="best" from="142575656#11" to="-206579062#2" type="passenger"/>
    <trip id="veh196" depart="474.30" departLane="best" from="143308546#12" to="-135777010#5" type="passenger"/>
    <trip id="veh197" depart="476.72" departLane="best" from="-142575690#6" to="141968807" type="passenger"/>
    <trip id="veh199" depart="481.56" departLane="best" from="142575662#0" to="-142575656#3" type="passenger"/>
    <trip id="veh200" depart="483.98" departLane="best" from="-172014854#1" to="31050366#2" type="passenger"/>
    <trip id="veh201" depart="486.40" departLane="best" from="138624426" to="257072322#2" type="passenger"/>
    <trip id="veh203" depart="491.24" departLane="best" from="142575704#6" to="461093310" type="passenger"/>
    <trip id="veh205" depart="496.08" departLane="best" from="147859765#3" to="142575688#5" type="passenger"/>
    <trip id="veh206" depart="498.50" departLane="best" from="26991766#5" to="142575701#0" type="passenger"/>
    <trip id="veh207" depart="500.92" departLane="best" from="38159999#0" to="172014854#2" type="passenger"/>
    <trip id="veh208" depart="503.34" departLane="best" from="141968830" to="-26991766#1" type="passenger"/>
    <trip id="veh209" depart="505.76" departLane="best" from="-172013798#2" to="143308546#3" type="passenger"/>
    <trip id="veh210" depart="508.18" departLane="best" from="190083616" to="142575691#4" type="passenger"/>
    <trip id="veh212" depart="513.02" departLane="best" from="-142575679#3" to="-314415495#8" type="passenger"/>
    <trip id="veh213" depart="515.44" departLane="best" from="-206579062#0" to="-38507369#0" type="passenger"/>
    <trip id="veh214" depart="517.86" departLane="best" from="142575685" to="-143308493#1" type="passenger"/>
    <trip id="veh216" depart="522.70" departLane="best" from="-52460499#3" to="142575695#1" type="passenger"/>
    <trip id="veh218" depart="527.54" departLane="best" from="-73058506#1" to="383474991" type="passenger"/>
    <trip id="veh219" depart="529.96" departLane="best" from="142575699#3" to="147859763#8" type="passenger"/>
    <trip id="veh220" depart="532.38" departLane="best" from="314415495#18" to="190083608#3" type="passenger"/>
    <trip id="veh221" depart="534.80" departLane="best" from="-38568628#1" to="-135777010#6" type="passenger"/>
    <trip id="veh223" depart="539.64" departLane="best" from="314415495#14" to="48858191#3" type="passenger"/>
    <trip id="veh225" depart="544.48" departLane="best" from="142575688#0" to="143308527#6" type="passenger"/>
    <trip id="veh226" depart="546.90" departLane="best" from="12749623" to="-141968830" type="passenger"/>
    <trip id="veh229" depart="554.16" departLane="best" from="141968830" to="-142575704#4" type="passenger"/>
    <trip id="veh232" depart="561.42" departLane="best" from="-138624421#5" to="143308549#1" type="passenger"/>
    <trip id="veh233" depart="563.84" departLane="best" from="-142575704#3" to="142575658#1" type="passenger"/>
    <trip id="veh238" depart="575.94" departLane="best" from="-137483015#0" to="142575695#1" type="passenger"/>
    <trip id="veh242" depart="585.62" departLane="best" from="52081075#4" to="-147859763#9" type="passenger"/>
    <trip id="veh243" depart="588.04" departLane="best" from="-137483015#2" to="-143308521#4" type="passenger"/>
    <trip id="veh244" depart="590.46" departLane="best" from="142575690#6" to="-172013798#1" type="passenger"/>
    <trip id="veh245" depart="592.88" departLane="best" from="145586635" to="190083610#0" type="passenger"/>
    <trip id="veh246" depart="595.30" departLane="best" from="-143308521#12" to="143308527#6" type="passenger"/>
    <trip id="veh247" depart="597.72" departLane="best" from="180239858#0" to="-142575695#0" type="passenger"/>
    <trip id="veh248" depart="600.14" departLane="best" from="-142575690#7" to="-141968830" type="passenger"/>
    <trip id="veh250" depart="604.97" departLane="best" from="52460499#0" to="135777010#6" type="passenger"/>
    <trip id="veh251" depart="607.39" departLane="best" from="147859763#9" to="-142575679#0" type="passenger"/>
    <trip id="veh253" depart="612.23" departLane="best" from="-142575690#1" to="206579057" type="passenger"/>
    <trip id="veh254" depart="614.65" departLane="best" from="314415495#11" to="143308527#6" type="passenger"/>
    <trip id="veh255" depart="617.07" departLane="best" from="-142575695#1" to="71028777#3" type="passenger"/>
    <trip id="veh256" depart="619.49" departLane="best" from="206579061" to="-52081075#5" type="passenger"/>
    <trip id="veh257" depart="621.91" departLane="best" from="142575657#3" to="-461093309#2" type="passenger"/>
    <trip id="veh258" depart="624.33" departLane="best" from="314415495#10" to="28888490" type="passenger"/>
    <trip id="veh259" depart="626.75" departLane="best" from="-142575690#5" to="52081075#6" type="passenger"/>
    <trip id="veh260" depart="629.17" departLane="best" from="143308527#1" to="292525973" type="passenger"/>
    <trip id="veh262" depart="634.01" departLane="best" from="-206579060#1" to="26991766#1" type="passenger"/>
    <trip id="veh263" depart="636.43" departLane="best" from="142575684#4" to="142575679#4" type="passenger"/>
    <trip id="veh265" depart="641.27" departLane="best" from="-190083618#2" to="314415495#12" type="passenger"/>
    <trip id="veh266" depart="643.69" departLane="best" from="26991766#5" to="-142575684#5" type="passenger"/>
    <trip id="veh267" depart="646.11" departLane="best" from="320741894#0" to="-206579062#0" type="passenger"/>
    <trip id="veh268" depart="648.53" departLane="best" from="141968814" to="143308532#2" type="passenger"/>
    <trip id="veh272" depart="658.21" departLane="best" from="145586635" to="-314415495#14" type="passenger"/>
    <trip id="veh273" depart="660.63" departLane="best" from="-135777010#7" to="461093309#1" type="passenger"/>
    <trip id="veh277" depart="670.31" departLane="best" from="142575655#7" to="24733698#0" type="passenger"/>
    <trip id="veh278" depart="672.73" departLane="best" from="142575699#0" to="142575667#0" type="passenger"/>
    <trip id="veh279" depart="675.15" departLane="best" from="142575679#4" to="141968807" type="passenger"/>
    <trip id="veh280" depart="677.57" departLane="best" from="180239843" to="-43660343" type="passenger"/>
    <trip id="veh283" depart="684.83" departLane="best" from="-143308562#2" to="-142575701#0" type="passenger"/>
    <trip id="veh288" depart="696.93" departLane="best" from="-24214694#3" to="-142575689" type="passenger"/>
    <trip id="veh289" depart="699.35" departLane="best" from="-143308562#5" to="-190083608#1" type="passenger"/>
    <trip id="veh290" depart="701.77" departLane="best" from="-143308527#2" to="-138624421#2" type="passenger"/>
    <trip id="veh291" depart="704.19" departLane="best" from="142575684#0" to="-314415495#12" type="passenger"/>
    <trip id="veh292" depart="706.61" departLane="best" from="71028777#3" to="142575704#11" type="passenger"/>
    <trip id="veh293" depart="709.03" departLane="best" from="145586635" to="-142575704#3" type="passenger"/>
    <trip id="veh294" depart="711.45" departLane="best" from="318210367#1" to="142575684#4" type="passenger"/>
    <trip id="veh295" depart="713.87" departLane="best" from="318210371#3" to="143308493#0" type="passenger"/>
    <trip id="veh296" depart="716.29" departLane="best" from="141968830" to="142575655#2" type="passenger"/>
    <trip id="veh297" depart="718.71" departLane="best" from="-143308527#6" to="-142575656#5" type="passenger"/>
    <trip id="veh299" depart="723.55" departLane="best" from="259433184#0" to="135777010#7" type="passenger"/>
    <trip id="veh300" depart="725.97" departLane="best" from="-142575656#7" to="-143308521#12" type="passenger"/>
    <trip id="veh302" depart="730.81" departLane="best" from="81639675#0" to="-142575699#3" type="passenger"/>
    <trip id="veh303" depart="733.23" departLane="best" from="190083616" to="143308527#6" type="passenger"/>
    <trip id="veh305" depart="738.07" departLane="best" from="142575673#0" to="142575656#15" type="passenger"/>
    <trip id="veh306" depart="740.49" departLane="best" from="135777010#5" to="314415495#5" type="passenger"/>
    <trip id="veh309" depart="747.75" departLane="best" from="172013798#1" to="461093309#1" type="passenger"/>
    <trip id="veh310" depart="750.17" departLane="best" from="-146511461#2" to="-149611511#0" type="passenger"/>
    <trip id="veh312" depart="755.01" departLane="best" from="-143308521#9" to="-142575674#3" type="passenger"/>
    <trip id="veh313" depart="757.43" departLane="best" from="-135777010#2" to="142575656#15" type="passenger"/>
    <trip id="veh314" depart="759.85" departLane="best" from="142575704#4" to="-318210369#1" type="passenger"/>
    <trip id="veh318" depart="769.53" departLane="best" from="206579064#0" to="143308546#1" type="passenger"/>
    <trip id="veh319" depart="771.95" departLane="best" from="143308546#18" to="38568628#1" type="passenger"/>
    <trip id="veh322" depart="779.21" departLane="best" from="26991766#0" to="-142575662#1" type="passenger"/>
    <trip id="veh325" depart="786.47" departLane="best" from="-26991766#2" to="-142575704#11" type="passenger"/>
    <trip id="veh327" depart="791.31" departLane="best" from="48858191#1" to="142575688#10" type="passenger"/>
    <trip id="veh328" depart="793.73" departLane="best" from="142575656#10" to="-142575679#7" type="passenger"/>
    <trip id="veh329" depart="796.15" departLane="best" from="-142575655#4" to="141968844#3" type="passenger"/>
    <trip id="veh330" depart="798.57" departLane="best" from="-314415495#7" to="-230625607#2" type="passenger"/>
    <trip id="veh331" depart="800.99" departLane="best" from="-142575688#10" to="52081075#7" type="passenger"/>
    <trip id="veh333" depart="805.83" departLane="best" from="52081075#5" to="96834893" type="passenger"/>
    <trip id="veh335" depart="810.67" departLane="best" from="141968830" to="143308549#1" type="passenger"/>
    <trip id="veh337" depart="815.51" departLane="best" from="142575656#0" to="-142575688#10" type="passenger"/>
    <trip id="veh339" depart="820.35" departLane="best" from="-318210371#0" to="147859763#5" type="passenger"/>
    <trip id="veh340" depart="822.77" departLane="best" from="-26991766#2" to="46039050#7" type="passenger"/>
    <trip id="veh342" depart="827.61" departLane="best" from="138624421#6" to="-38159999#1" type="passenger"/>
    <trip id="veh343" depart="830.03" departLane="best" from="-314415495#8" to="52081075#7" type="passenger"/>
    <trip id="veh344" depart="832.45" departLane="best" from="-52081075#8" to="142575690#4" type="passenger"/>
    <trip id="veh345" depart="834.87" departLane="best" from="81639675#0" to="143308562#1" type="passenger"/>
    <trip id="veh346" depart="837.29" departLane="best" from="142575686#2" to="138624421#1" type="passenger"/>
    <trip id="veh347" depart="839.71" departLane="best" from="-143308527#6" to="-52460499#5" type="passenger"/>
    <trip id="veh348" depart="842.13" departLane="best" from="190083608#3" to="143308546#10" type="passenger"/>
    <trip id="veh350" depart="846.96" departLane="best" from="142575688#12" to="38568628#0" type="passenger"/>
    <trip id="veh351" depart="849.38" departLane="best" from="135777010#0" to="147859765#1" type="passenger"/>
    <trip id="veh352" depart="851.80" departLane="best" from="-142575695#1" to="52460499#1" type="passenger"/>
    <trip id="veh353" depart="854.22" departLane="best" from="143308505#1" to="-190083616" type="passenger"/>
    <trip id="veh355" depart="859.06" departLane="best" from="141873658" to="-142575699#2" type="passenger"/>
    <trip id="veh356" depart="861.48" departLane="best" from="26991766#6" to="142575688#0" type="passenger"/>
    <trip id="veh358" depart="866.32" departLane="best" from="142575688#4" to="-81639678#0" type="passenger"/>
    <trip id="veh359" depart="868.74" departLane="best" from="43660343" to="142575688#8" type="passenger"/>
    <trip id="veh360" depart="871.16" departLane="best" from="318210395" to="314415495#9" type="passenger"/>
    <trip id="veh361" depart="873.58" departLane="best" from="-230625607#0" to="24214694#1" type="passenger"/>
    <trip id="veh362" depart="876.00" departLane="best" from="-71028777#2" to="38568628#1" type="passenger"/>
    <trip id="veh363" depart="878.42" departLane="best" from="142575658#0" to="28888490" type="passenger"/>
    <trip id="veh364" depart="880.84" departLane="best" from="-24214694#3" to="-318210378#2" type="passenger"/>
    <trip id="veh365" depart="883.26" departLane="best" from="142575701#2" to="81639685#0" type="passenger"/>
    <trip id="veh366" depart="885.68" departLane="best" from="142575684#4" to="-52081075#3" type="passenger"/>
    <trip id="veh367" depart="888.10" departLane="best" from="142575688#5" to="142575699#0" type="passenger"/>
    <trip id="veh368" depart="890.52" departLane="best" from="138624421#6" to="-38507369#2" type="passenger"/>
    <trip id="veh369" depart="892.94" departLane="best" from="-143308527#6" to="147859764" type="passenger"/>
    <trip id="veh370" depart="895.36" departLane="best" from="142575692#5" to="-190083616" type="passenger"/>
    <trip id="veh373" depart="902.62" departLane="best" from="25382187" to="-81639678#0" type="passenger"/>
    <trip id="veh374" depart="905.04" departLane="best" from="143308546#2" to="28888490" type="passenger"/>
    <trip id="veh376" depart="909.88" departLane="best" from="-142575655#0" to="142575688#12" type="passenger"/>
    <trip id="veh377" depart="912.30" departLane="best" from="142575704#10" to="318210369#1" type="passenger"/>
    <trip id="veh378" depart="914.72" departLane="best" from="318210377#1" to="142575655#2" type="passenger"/>
    <trip id="veh379" depart="917.14" departLane="best" from="142575678#0" to="142575657#0" type="passenger"/>
    <trip id="veh381" depart="921.98" departLane="best" from="143308546#11" to="-143308521#7" type="passenger"/>
    <trip id="veh382" depart="924.40" departLane="best" from="141968830" to="52081075#7" type="passenger"/>
    <trip id="veh383" depart="926.82" departLane="best" from="-318210380#1" to="147859763#4" type="passenger"/>
    <trip id="veh384" depart="929.24" departLane="best" from="143308542#7" to="314415495#12" type="passenger"/>
    <trip id="veh385" depart="931.66" departLane="best" from="314415495#13" to="314415495#4" type="passenger"/>
    <trip id="veh386" depart="934.08" departLane="best" from="-38568628#1" to="-38159999#3" type="passenger"/>
    <trip id="veh388" depart="938.92" departLane="best" from="318210371#3" to="-141968853#2" type="passenger"/>
    <trip id="veh389" depart="941.34" departLane="best" from="-142575661#3" to="143308546#16" type="passenger"/>
    <trip id="veh390" depart="943.76" departLane="best" from="43660343" to="81639678#1" type="passenger"/>
    <trip id="veh391" depart="946.18" departLane="best" from="180239847" to="141968844#5" type="passenger"/>
    <trip id="veh392" depart="948.60" departLane="best" from="318210371#3" to="142575655#7" type="passenger"/>
    <trip id="veh393" depart="951.02" departLane="best" from="145586635" to="38160001#1" type="passenger"/>
    <trip id="veh394" depart="953.44" departLane="best" from="-142575656#10" to="257072322#1" type="passenger"/>
    <trip id="veh396" depart="958.28" departLane="best" from="-142575710#3" to="142575693#5" type="passenger"/>
    <trip id="veh397" depart="960.70" departLane="best" from="142575691#1" to="24214694#5" type="passenger"/>
    <trip id="veh398" depart="963.12" departLane="best" from="318210371#1" to="143308542#4" type="passenger"/>
    <trip id="veh400" depart="967.96" departLane="best" from="-142575709" to="142575658#0" type="passenger"/>
    <trip id="veh402" depart="972.80" departLane="best" from="-135777010#7" to="257072322#2" type="passenger"/>
    <trip id="veh404" depart="977.64" departLane="best" from="-143308493#2" to="142575655#5" type="passenger"/>
    <trip id="veh405" depart="980.06" departLane="best" from="-38159999#3" to="143308521#3" type="passenger"/>
    <trip id="veh406" depart="982.48" departLane="best" from="143308532#2" to="141873658" type="passenger"/>
    <trip id="veh407" depart="984.90" departLane="best" from="-172014854#2" to="31050360#0" type="passenger"/>
    <trip id="veh409" depart="989.74" departLane="best" from="141968853#2" to="-190083616" type="passenger"/>
    <trip id="veh410" depart="992.16" departLane="best" from="142575692#5" to="143308493#1" type="passenger"/>
    <trip id="veh411" depart="994.58" departLane="best" from="81639675#0" to="-318210371#3" type="passenger"/>
    <trip id="veh414" depart="1001.84" departLane="best" from="-142575656#15" to="143308527#6" type="passenger"/>
    <trip id="veh416" depart="1006.68" departLane="best" from="-24733698#1" to="257072322#2" type="passenger"/>
    <trip id="veh417" depart="1009.10" departLane="best" from="143308503#2" to="-52460499#0" type="passenger"/>
    <trip id="veh418" depart="1011.52" departLane="best" from="143308527#5" to="143308542#5" type="passenger"/>
    <trip id="veh423" depart="1023.62" departLane="best" from="135777010#3" to="143308505#0" type="passenger"/>
    <trip id="veh425" depart="1028.46" departLane="best" from="-28888490" to="180239847" type="passenger"/>
    <trip id="veh427" depart="1033.30" departLane="best" from="142575684#5" to="52243916#1" type="passenger"/>
    <trip id="veh428" depart="1035.72" departLane="best" from="142575679#4" to="38507369#0" type="passenger"/>
    <trip id="veh429" depart="1038.14" departLane="best" from="26991766#4" to="-24733698#0" type="passenger"/>
    <trip id="veh430" depart="1040.56" departLane="best" from="259433184#0" to="142575679#1" type="passenger"/>
    <trip id="veh431" depart="1042.98" departLane="best" from="25382187" to="180239843" type="passenger"/>
    <trip id="veh432" depart="1045.40" departLane="best" from="52460499#0" to="-143308503#1" type="passenger"/>
    <trip id="veh433" depart="1047.82" departLane="best" from="52460499#4" to="314415495#5" type="passenger"/>
    <trip id="veh435" depart="1052.66" departLane="best" from="52460499#5" to="257072322#2" type="passenger"/>
    <trip id="veh436" depart="1055.08" departLane="best" from="-38568627#1" to="24214694#2" type="passenger"/>
    <trip id="veh437" depart="1057.50" departLane="best" from="-135777010#7" to="142575695#1" type="passenger"/>
    <trip id="veh439" depart="1062.34" departLane="best" from="143308555#0" to="143308521#10" type="passenger"/>
    <trip id="veh440" depart="1064.76" departLane="best" from="259433184#0" to="38574183#1" type="passenger"/>
    <trip id="veh441" depart="1067.18" departLane="best" from="-142575691#0" to="-190083616" type="passenger"/>
    <trip id="veh442" depart="1069.60" departLane="best" from="-138624421#3" to="320744687" type="passenger"/>
    <trip id="veh443" depart="1072.02" departLane="best" from="142575690#4" to="38507369#2" type="passenger"/>
    <trip id="veh444" depart="1074.44" departLane="best" from="-147859763#2" to="-142575659#1" type="passenger"/>
    <trip id="veh446" depart="1079.28" departLane="best" from="-28888490" to="135777011#5" type="passenger"/>
    <trip id="veh447" depart="1081.70" departLane="best" from="-142575704#7" to="46039051#0" type="passenger"/>
    <trip id="veh448" depart="1084.12" departLane="best" from="-31050360#1" to="142575685" type="passenger"/>
    <trip id="veh449" depart="1086.54" departLane="best" from="-142575688#7" to="320744688" type="passenger"/>
    <trip id="veh450" depart="1088.95" departLane="best" from="143308552#0" to="172014854#2" type="passenger"/>
    <trip id="veh451" depart="1091.37" departLane="best" from="48858193#1" to="138624432" type="passenger"/>
    <trip id="veh452" depart="1093.79" departLane="best" from="172014854#1" to="-143308521#9" type="passenger"/>
    <trip id="veh453" depart="1096.21" departLane="best" from="142575655#5" to="135777011#5" type="passenger"/>
    <trip id="veh454" depart="1098.63" departLane="best" from="52081075#6" to="-141968830" type="passenger"/>
    <trip id="veh455" depart="1101.05" departLane="best" from="-38568627#1" to="142575655#6" type="passenger"/>
    <trip id="veh456" depart="1103.47" departLane="best" from="52081075#5" to="314415495#17" type="passenger"/>
    <trip id="veh458" depart="1108.31" departLane="best" from="142575687" to="52460499#6" type="passenger"/>
    <trip id="veh459" depart="1110.73" departLane="best" from="-38507369#1" to="135777010#7" type="passenger"/>
    <trip id="veh460" depart="1113.15" departLane="best" from="31050366#2" to="142575656#7" type="passenger"/>
    <trip id="veh461" depart="1115.57" departLane="best" from="143308546#19" to="143308549#0" type="passenger"/>
    <trip id="veh462" depart="1117.99" departLane="best" from="142575704#8" to="-138624445#0" type="passenger"/>
    <trip id="veh464" depart="1122.83" departLane="best" from="-142575661#3" to="190083608#2" type="passenger"/>
    <trip id="veh465" depart="1125.25" departLane="best" from="318210369#1" to="-38915289#0" type="passenger"/>
    <trip id="veh467" depart="1130.09" departLane="best" from="-135777010#3" to="314415495#3" type="passenger"/>
    <trip id="veh468" depart="1132.51" departLane="best" from="-142575710#2" to="-142575704#7" type="passenger"/>
    <trip id="veh470" depart="1137.35" departLane="best" from="143308546#18" to="-141968830" type="passenger"/>
    <trip id="veh471" depart="1139.77" departLane="best" from="-135777010#7" to="24214694#1" type="passenger"/>
    <trip id="veh474" depart="1147.03" departLane="best" from="172014854#0" to="142575692#6" type="passenger"/>
    <trip id="veh475" depart="1149.45" departLane="best" from="180239842" to="142575673#1" type="passenger"/>
    <trip id="veh477" depart="1154.29" departLane="best" from="48858193#1" to="-142575656#0" type="passenger"/>
    <trip id="veh478" depart="1156.71" departLane="best" from="206579061" to="318210364" type="passenger"/>
    <trip id="veh479" depart="1159.13" departLane="best" from="142575669" to="142575657#1" type="passenger"/>
    <trip id="veh480" depart="1161.55" departLane="best" from="52460499#1" to="-142575658#1" type="passenger"/>
    <trip id="veh481" depart="1163.97" departLane="best" from="141968844#3" to="135777010#7" type="passenger"/>
    <trip id="veh483" depart="1168.81" departLane="best" from="38568629" to="-142575674#1" type="passenger"/>
    <trip id="veh484" depart="1171.23" departLane="best" from="-142575679#7" to="143308527#6" type="passenger"/>
    <trip id="veh486" depart="1176.07" departLane="best" from="-318210361#1" to="81096583" type="passenger"/>
    <trip id="veh487" depart="1178.49" departLane="best" from="142575679#4" to="142575656#6" type="passenger"/>
    <trip id="veh488" depart="1180.91" departLane="best" from="143308503#0" to="-142575688#9" type="passenger"/>
    <trip id="veh489" depart="1183.33" departLane="best" from="145586635" to="314415495#13" type="passenger"/>
    <trip id="veh490" depart="1185.75" departLane="best" from="143308542#9" to="190083618#0" type="passenger"/>
    <trip id="veh491" depart="1188.17" departLane="best" from="138624421#2" to="-190083608#2" type="passenger"/>
    <trip id="veh492" depart="1190.59" departLane="best" from="-318210380#1" to="142575656#6" type="passenger"/>
    <trip id="veh494" depart="1195.43" departLane="best" from="-38568628#1" to="-143308521#5" type="passenger"/>
    <trip id="veh495" depart="1197.85" departLane="best" from="43660343" to="-142575661#2" type="passenger"/>
    <trip id="veh496" depart="1200.27" departLane="best" from="26991766#6" to="-142575688#3" type="passenger"/>
    <trip id="veh497" depart="1202.69" departLane="best" from="-142575688#6" to="172013798#0" type="passenger"/>
    <trip id="veh498" depart="1205.11" departLane="best" from="25382187" to="142575704#4" type="passenger"/>
    <trip id="veh499" depart="1207.53" departLane="best" from="-318210371#0" to="-142575704#0" type="passenger"/>
    <trip id="veh503" depart="1217.21" departLane="best" from="142575710#2" to="-52460499#0" type="passenger"/>
    <trip id="veh506" depart="1224.47" departLane="best" from="-142575690#7" to="31050360#0" type="passenger"/>
    <trip id="veh508" depart="1229.31" departLane="best" from="142575693#0" to="26991766#0" type="passenger"/>
    <trip id="veh509" depart="1231.73" departLane="best" from="31050360#0" to="52460499#2" type="passenger"/>
    <trip id="veh510" depart="1234.15" departLane="best" from="259433184#0" to="143308542#0" type="passenger"/>
    <trip id="veh511" depart="1236.57" departLane="best" from="143308542#11" to="-141968830" type="passenger"/>
    <trip id="veh512" depart="1238.99" departLane="best" from="461093309#1" to="292525973" type="passenger"/>
    <trip id="veh514" depart="1243.83" departLane="best" from="-318210386#2" to="-135777010#6" type="passenger"/>
    <trip id="veh516" depart="1248.67" departLane="best" from="-52081075#8" to="-143308503#2" type="passenger"/>
    <trip id="veh522" depart="1263.19" departLane="best" from="-142575684#3" to="-142575656#6" type="passenger"/>
    <trip id="veh523" depart="1265.61" departLane="best" from="143308555#2" to="-314415495#1" type="passenger"/>
    <trip id="veh524" depart="1268.03" departLane="best" from="143308546#18" to="142575679#7" type="passenger"/>
    <trip id="veh525" depart="1270.45" departLane="best" from="135777010#4" to="-314415495#11" type="passenger"/>
    <trip id="veh526" depart="1272.87" departLane="best" from="190083608#1" to="-142575694#1" type="passenger"/>
    <trip id="veh527" depart="1275.29" departLane="best" from="12749623" to="-314415495#5" type="passenger"/>
    <trip id="veh528" depart="1277.71" departLane="best" from="-52081075#6" to="143308527#5" type="passenger"/>
    <trip id="veh529" depart="1280.13" departLane="best" from="-135777010#7" to="-318210386#2" type="passenger"/>
    <trip id="veh532" depart="1287.39" departLane="best" from="-135777010#7" to="180239847" type="passenger"/>
    <trip id="veh535" depart="1294.65" departLane="best" from="-142575673#0" to="314415495#7" type="passenger"/>
    <trip id="veh536" depart="1297.07" departLane="best" from="-142575655#6" to="-138624421#6" type="passenger"/>
    <trip id="veh537" depart="1299.49" departLane="best" from="43660343" to="314415495#7" type="passenger"/>
    <trip id="veh539" depart="1304.33" departLane="best" from="147859763#2" to="138624421#6" type="passenger"/>
    <trip id="veh540" depart="1306.75" departLane="best" from="-142575695#1" to="-138624445#0" type="passenger"/>
    <trip id="veh541" depart="1309.17" departLane="best" from="-314415495#9" to="257072322#2" type="passenger"/>
    <trip id="veh542" depart="1311.59" departLane="best" from="143308521#5" to="292525973" type="passenger"/>
    <trip id="veh543" depart="1314.01" departLane="best" from="43660343" to="-142575687" type="passenger"/>
    <trip id="veh545" depart="1318.85" departLane="best" from="142575704#1" to="142575692#3" type="passenger"/>
    <trip id="veh547" depart="1323.69" departLane="best" from="-318210386#2" to="-43660343" type="passenger"/>
    <trip id="veh548" depart="1326.11" departLane="best" from="-143308521#12" to="142575690#0" type="passenger"/>
    <trip id="veh549" depart="1328.53" departLane="best" from="-142575695#0" to="142575689" type="passenger"/>
    <trip id="veh550" depart="1330.95" departLane="best" from="38507369#2" to="-52460499#0" type="passenger"/>
    <trip id="veh558" depart="1350.30" departLane="best" from="137483015#5" to="38568627#1" type="passenger"/>
    <trip id="veh559" depart="1352.72" departLane="best" from="142575690#7" to="143308546#2" type="passenger"/>
    <trip id="veh562" depart="1359.98" departLane="best" from="-142575661#3" to="142575655#5" type="passenger"/>
    <trip id="veh563" depart="1362.40" departLane="best" from="-28888490" to="-314415495#12" type="passenger"/>
    <trip id="veh564" depart="1364.82" departLane="best" from="-142575657#0" to="142575688#7" type="passenger"/>
    <trip id="veh565" depart="1367.24" departLane="best" from="-142575657#1" to="292525973" type="passenger"/>
    <trip id="veh566" depart="1369.66" departLane="best" from="-142575679#2" to="314415495#9" type="passenger"/>
    <trip id="veh567" depart="1372.08" departLane="best" from="142575657#4" to="142575658#2" type="passenger"/>
    <trip id="veh568" depart="1374.50" departLane="best" from="33690600" to="142575656#14" type="passenger"/>
    <trip id="veh569" depart="1376.92" departLane="best" from="25382187" to="143308552#0" type="passenger"/>
    <trip id="veh570" depart="1379.34" departLane="best" from="-314415495#6" to="142575673#1" type="passenger"/>
    <trip id="veh572" depart="1384.18" departLane="best" from="-142575690#2" to="38159999#2" type="passenger"/>
    <trip id="veh574" depart="1389.02" departLane="best" from="-172014854#0" to="141968913" type="passenger"/>
    <trip id="veh575" depart="1391.44" departLane="best" from="135777010#1" to="142575692#2" type="passenger"/>
    <trip id="veh577" depart="1396.28" departLane="best" from="-24214694#3" to="137483015#2" type="passenger"/>
    <trip id="veh578" depart="1398.70" departLane="best" from="-318210380#1" to="143308527#1" type="passenger"/>
    <trip id="veh580" depart="1403.54" departLane="best" from="-142575661#0" to="-142575688#4" type="passenger"/>
    <trip id="veh581" depart="1405.96" departLane="best" from="143308562#3" to="-314415495#6" type="passenger"/>
    <trip id="veh583" depart="1410.80" departLane="best" from="38507369#2" to="318210377#0" type="passenger"/>
    <trip id="veh584" depart="1413.22" departLane="best" from="-318210373" to="143308521#0" type="passenger"/>
    <trip id="veh585" depart="1415.64" departLane="best" from="-142575704#9" to="-52460499#0" type="passenger"/>
    <trip id="veh586" depart="1418.06" departLane="best" from="52460499#5" to="147859765#1" type="passenger"/>
    <trip id="veh589" depart="1425.32" departLane="best" from="-38568628#1" to="24214694#3" type="passenger"/>
    <trip id="veh590" depart="1427.74" departLane="best" from="26991766#3" to="172013798#0" type="passenger"/>
    <trip id="veh592" depart="1432.58" departLane="best" from="143308542#15" to="138624445#3" type="passenger"/>
    <trip id="veh594" depart="1437.42" departLane="best" from="52081075#2" to="142575679#8" type="passenger"/>
    <trip id="veh595" depart="1439.84" departLane="best" from="-147859763#8" to="-143308493#1" type="passenger"/>
    <trip id="veh598" depart="1447.10" departLane="best" from="-142575655#1" to="-43660343" type="passenger"/>
    <trip id="veh599" depart="1449.52" departLane="best" from="190083616" to="-142575704#8" type="passenger"/>
    <trip id="veh603" depart="1459.20" departLane="best" from="143308562#1" to="-190083616" type="passenger"/>
    <trip id="veh604" depart="1461.62" departLane="best" from="135777010#6" to="-314415495#7" type="passenger"/>
    <trip id="veh605" depart="1464.04" departLane="best" from="180239858#0" to="142575656#12" type="passenger"/>
    <trip id="veh607" depart="1468.88" departLane="best" from="25382187" to="142575661#3" type="passenger"/>
    <trip id="veh609" depart="1473.72" departLane="best" from="141873658" to="-314415495#4" type="passenger"/>
    <trip id="veh610" depart="1476.14" departLane="best" from="-38568629" to="142575693#1" type="passenger"/>
    <trip id="veh611" depart="1478.56" departLane="best" from="52460499#4" to="28888490" type="passenger"/>
    <trip id="veh612" depart="1480.98" departLane="best" from="24214694#3" to="-143308493#1" type="passenger"/>
    <trip id="veh613" depart="1483.40" departLane="best" from="-172014854#2" to="143308546#8" type="passenger"/>
    <trip id="veh614" depart="1485.82" departLane="best" from="318210377#1" to="142575704#2" type="passenger"/>
    <trip id="veh615" depart="1488.24" departLane="best" from="-142575690#1" to="31050366#0" type="passenger"/>
    <trip id="veh616" depart="1490.66" departLane="best" from="190083616" to="-314415495#10" type="passenger"/>
    <trip id="veh617" depart="1493.08" departLane="best" from="38507369#1" to="-143308521#10" type="passenger"/>
    <trip id="veh618" depart="1495.50" departLane="best" from="12749623" to="461093309#0" type="passenger"/>
    <trip id="veh619" depart="1497.92" departLane="best" from="-147859763#2" to="142575656#3" type="passenger"/>
    <trip id="veh621" depart="1502.76" departLane="best" from="-142575656#7" to="142575688#12" type="passenger"/>
    <trip id="veh624" depart="1510.02" departLane="best" from="143308542#7" to="24214694#3" type="passenger"/>
    <trip id="veh625" depart="1512.44" departLane="best" from="26991766#4" to="147859763#9" type="passenger"/>
    <trip id="veh627" depart="1517.28" departLane="best" from="137483015#5" to="-135777010#5" type="passenger"/>
    <trip id="veh628" depart="1519.70" departLane="best" from="-142575679#5" to="-24214694#5" type="passenger"/>
    <trip id="veh631" depart="1526.96" departLane="best" from="-142575691#4" to="-318210361#1" type="passenger"/>
    <trip id="veh633" depart="1531.80" departLane="best" from="138624432" to="-142575691#2" type="passenger"/>
    <trip id="veh634" depart="1534.22" departLane="best" from="38507369#1" to="143308527#0" type="passenger"/>
    <trip id="veh635" depart="1536.64" departLane="best" from="-135777011#4" to="142575690#5" type="passenger"/>
    <trip id="veh637" depart="1541.48" departLane="best" from="12749623" to="143308542#11" type="passenger"/>
    <trip id="veh639" depart="1546.32" departLane="best" from="143308546#21" to="-142575684#3" type="passenger"/>
    <trip id="veh640" depart="1548.74" departLane="best" from="71028777#4" to="-142575661#2" type="passenger"/>
    <trip id="veh641" depart="1551.16" departLane="best" from="142575678#0" to="142575688#7" type="passenger"/>
    <trip id="veh642" depart="1553.58" departLane="best" from="81639675#0" to="142575704#2" type="passenger"/>
    <trip id="veh643" depart="1556.00" departLane="best" from="-52081075#1" to="142575661#4" type="passenger"/>
    <trip id="veh644" depart="1558.42" departLane="best" from="143308527#2" to="71028777#0" type="passenger"/>
    <trip id="veh646" depart="1563.26" departLane="best" from="206579064#2" to="-52081075#3" type="passenger"/>
    <trip id="veh648" depart="1568.10" departLane="best" from="-318210371#3" to="-142575656#1" type="passenger"/>
    <trip id="veh649" depart="1570.52" departLane="best" from="142575688#0" to="26991766#6" type="passenger"/>
    <trip id="veh651" depart="1575.35" departLane="best" from="141968814" to="147859763#8" type="passenger"/>
    <trip id="veh653" depart="1580.19" departLane="best" from="-142575659#1" to="206579063#0" type="passenger"/>
    <trip id="veh654" depart="1582.61" departLane="best" from="138624445#0" to="-318210371#1" type="passenger"/>
    <trip id="veh655" depart="1585.03" departLane="best" from="-142575656#0" to="-147859763#9" type="passenger"/>
    <trip id="veh656" depart="1587.45" departLane="best" from="-142575655#6" to="38568628#1" type="passenger"/>
    <trip id="veh658" depart="1592.29" departLane="best" from="142575686#2" to="-24214694#2" type="passenger"/>
    <trip id="veh660" depart="1597.13" departLane="best" from="318210363#0" to="-43660343" type="passenger"/>
    <trip id="veh661" depart="1599.55" departLane="best" from="-142575699#0" to="-71028777#2" type="passenger"/>
    <trip id="veh664" depart="1606.81" departLane="best" from="71028777#3" to="142575686#2" type="passenger"/>
    <trip id="veh665" depart="1609.23" departLane="best" from="142575656#15" to="38568627#1" type="passenger"/>
    <trip id="veh667" depart="1614.07" departLane="best" from="143308493#0" to="28888490" type="passenger"/>
    <trip id="veh668" depart="1616.49" departLane="best" from="142575688#0" to="-38507369#2" type="passenger"/>
    <trip id="veh671" depart="1623.75" departLane="best" from="318210369#1" to="-52460499#0" type="passenger"/>
    <trip id="veh672" depart="1626.17" departLane="best" from="81639685#0" to="-314415495#12" type="passenger"/>
    <trip id="veh674" depart="1631.01" departLane="best" from="-38568627#1" to="257072322#2" type="passenger"/>
    <trip id="veh675" depart="1633.43" departLane="best" from="143308562#5" to="48858191#1" type="passenger"/>
    <trip id="veh676" depart="1635.85" departLane="best" from="-142575709" to="143308527#6" type="passenger"/>
    <trip id="veh678" depart="1640.69" departLane="best" from="-142575661#2" to="206579064#0" type="passenger"/>
    <trip id="veh679" depart="1643.11" departLane="best" from="-38568627#1" to="-81639678#0" type="passenger"/>
    <trip id="veh680" depart="1645.53" departLane="best" from="142575691#2" to="143308527#6" type="passenger"/>
    <trip id="veh681" depart="1647.95" departLane="best" from="143308562#5" to="461093309#2" type="passenger"/>
    <trip id="veh682" depart="1650.37" departLane="best" from="-38568628#1" to="190083608#0" type="passenger"/>
    <trip id="veh683" depart="1652.79" departLane="best" from="-52081075#8" to="143308549#1" type="passenger"/>
    <trip id="veh684" depart="1655.21" departLane="best" from="-172014854#2" to="-142575694#1" type="passenger"/>
    <trip id="veh688" depart="1664.89" departLane="best" from="142575655#7" to="-142575704#1" type="passenger"/>
    <trip id="veh689" depart="1667.31" departLane="best" from="38159999#2" to="142575656#0" type="passenger"/>
    <trip id="veh691" depart="1672.15" departLane="best" from="31050360#0" to="-38507369#0" type="passenger"/>
    <trip id="veh692" depart="1674.57" departLane="best" from="-38160000" to="-142575659#2" type="passenger"/>
    <trip id="veh693" depart="1676.99" departLane="best" from="142575686#1" to="320744688" type="passenger"/>
    <trip id="veh695" depart="1681.83" departLane="best" from="46039051#0" to="143308546#3" type="passenger"/>
    <trip id="veh696" depart="1684.25" departLane="best" from="22762377-AddedOffRampEdge" to="142575688#9" type="passenger"/>
    <trip id="veh697" depart="1686.67" departLane="best" from="-142575695#1" to="-147859765#1" type="passenger"/>
    <trip id="veh698" depart="1689.09" departLane="best" from="-142575704#6" to="24214694#2" type="passenger"/>
    <trip id="veh699" depart="1691.51" departLane="best" from="-138624421#4" to="142575704#2" type="passenger"/>
    <trip id="veh700" depart="1693.93" departLane="best" from="-38568627#1" to="257072322#2" type="passenger"/>
    <trip id="veh701" depart="1696.35" departLane="best" from="142575688#4" to="143308532#5" type="passenger"/>
    <trip id="veh704" depart="1703.61" departLane="best" from="142575678#0" to="190083618#0" type="passenger"/>
    <trip id="veh705" depart="1706.03" departLane="best" from="259433184#0" to="-142575674#1" type="passenger"/>
    <trip id="veh706" depart="1708.45" departLane="best" from="71028777#1" to="143308549#1" type="passenger"/>
    <trip id="veh708" depart="1713.29" departLane="best" from="-38159999#2" to="318210388#0" type="passenger"/>
    <trip id="veh710" depart="1718.13" departLane="best" from="-143308527#6" to="52081075#7" type="passenger"/>
    <trip id="veh712" depart="1722.97" departLane="best" from="-142575656#9" to="-142575704#10" type="passenger"/>
    <trip id="veh715" depart="1730.23" departLane="best" from="-38159999#5" to="38915289#0" type="passenger"/>
    <trip id="veh718" depart="1737.49" departLane="best" from="142575688#3" to="-142575704#11" type="passenger"/>
    <trip id="veh719" depart="1739.91" departLane="best" from="142575656#8" to="-143308527#1" type="passenger"/>
    <trip id="veh723" depart="1749.59" departLane="best" from="142575690#6" to="292525973" type="passenger"/>
    <trip id="veh724" depart="1752.01" departLane="best" from="-138624426" to="-142575656#10" type="passenger"/>
    <trip id="veh725" depart="1754.43" departLane="best" from="143308542#0" to="143308503#0" type="passenger"/>
    <trip id="veh726" depart="1756.85" departLane="best" from="143308542#9" to="190083610#0" type="passenger"/>
    <trip id="veh727" depart="1759.27" departLane="best" from="-71028777#4" to="143308546#4" type="passenger"/>
    <trip id="veh728" depart="1761.69" departLane="best" from="-26991766#3" to="52081075#0" type="passenger"/>
    <trip id="veh729" depart="1764.11" departLane="best" from="141968853#1" to="257072322#2" type="passenger"/>
    <trip id="veh731" depart="1768.95" departLane="best" from="135777010#1" to="142575679#5" type="passenger"/>
    <trip id="veh735" depart="1778.63" departLane="best" from="71028777#4" to="-142575704#7" type="passenger"/>
    <trip id="veh736" depart="1781.05" departLane="best" from="-38568627#1" to="142575710#0" type="passenger"/>
    <trip id="veh737" depart="1783.47" departLane="best" from="-314415495#3" to="142575661#0" type="passenger"/>
    <trip id="veh738" depart="1785.89" departLane="best" from="-190083610#1" to="-230625607#0" type="passenger"/>
    <trip id="veh739" depart="1788.31" departLane="best" from="-142575688#6" to="-318210369#0" type="passenger"/>
    <trip id="veh740" depart="1790.73" departLane="best" from="-38574183#1" to="143308542#12" type="passenger"/>
    <trip id="veh741" depart="1793.15" departLane="best" from="-172014854#0" to="318210361#0" type="passenger"/>
    <trip id="veh742" depart="1795.57" departLane="best" from="-143308503#1" to="-38574183#1" type="passenger"/>
    <trip id="veh743" depart="1797.99" departLane="best" from="142575693#4" to="-33690600" type="passenger"/>
</routes>
