<?xml version="1.0"?>
<!-- generated on 2017-05-04 15:10:07.791000 by $Id: route2trips.py 23614 2017-03-22 13:02:46Z luecken $ via randomTrips.py
  options: -n osm.net.xml <doubleminus>seed 42 <doubleminus>fringe-factor 2 -p 11.748965 -r osm.bicycle.rou.xml -o osm.bicycle.trips.xml -e 1800 <doubleminus>vehicle-class bicycle <doubleminus>vclass bicycle <doubleminus>prefix bike <doubleminus>max-distance 8000 <doubleminus>trip-attributes departLane="best" <doubleminus>validate
-->
<routes xmlns:xsi="http://www.w3.org/2001/XMLSchema-instance" xsi:noNamespaceSchemaLocation="http://sumo.dlr.de/xsd/routes_file.xsd">
    <vType id="bicycle" vClass="bicycle">
    </vType>
    <trip id="bike0" depart="0.00" departLane="best" from="143308546#18" to="-133858467#2" type="bicycle"/>
    <trip id="bike1" depart="11.75" departLane="best" from="-24214694#3" to="-190083616" type="bicycle"/>
    <trip id="bike2" depart="23.50" departLane="best" from="204721579#0" to="153021549#3" type="bicycle"/>
    <trip id="bike3" depart="35.25" departLane="best" from="38507369#1" to="-142575688#6" type="bicycle"/>
    <trip id="bike4" depart="47.00" departLane="best" from="-52460499#4" to="-135777010#6" type="bicycle"/>
    <trip id="bike5" depart="58.74" departLane="best" from="-172013798#0" to="142575687" type="bicycle"/>
    <trip id="bike6" depart="70.49" departLane="best" from="-133858467#0" to="-156294408" type="bicycle"/>
    <trip id="bike7" depart="82.24" departLane="best" from="143308562#2" to="142575710#2" type="bicycle"/>
    <trip id="bike8" depart="93.99" departLane="best" from="-172014854#0" to="143308527#5" type="bicycle"/>
    <trip id="bike9" depart="105.74" departLane="best" from="26815978#3" to="-114207225" type="bicycle"/>
    <trip id="bike11" depart="129.24" departLane="best" from="-314415495#11" to="-143308562#5" type="bicycle"/>
    <trip id="bike13" depart="152.74" departLane="best" from="-142575689" to="-142575691#2" type="bicycle"/>
    <trip id="bike14" depart="164.49" departLane="best" from="314415495#17" to="143308546#13" type="bicycle"/>
    <trip id="bike16" depart="187.98" departLane="best" from="142575684#2" to="71596031" type="bicycle"/>
    <trip id="bike17" depart="199.73" departLane="best" from="-38159999#3" to="142575726#0" type="bicycle"/>
    <trip id="bike18" depart="211.48" departLane="best" from="283317448" to="143308562#1" type="bicycle"/>
    <trip id="bike19" depart="223.23" departLane="best" from="318210378#3" to="143308521#0" type="bicycle"/>
    <trip id="bike20" depart="234.98" departLane="best" from="16942869" to="-141968853#2" type="bicycle"/>
    <trip id="bike23" depart="270.23" departLane="best" from="-142575694#0" to="-26816590#1" type="bicycle"/>
    <trip id="bike24" depart="281.98" departLane="best" from="143308546#12" to="-414563788#1" type="bicycle"/>
    <trip id="bike25" depart="293.72" departLane="best" from="-354084465" to="-175357041#0" type="bicycle"/>
    <trip id="bike27" depart="317.22" departLane="best" from="143308555#3" to="143308546#21" type="bicycle"/>
    <trip id="bike28" depart="328.97" departLane="best" from="-143308646" to="207517673" type="bicycle"/>
    <trip id="bike29" depart="340.72" departLane="best" from="-143308570" to="-52081075#5" type="bicycle"/>
    <trip id="bike30" depart="352.47" departLane="best" from="77761480#1" to="143482761" type="bicycle"/>
    <trip id="bike31" depart="364.22" departLane="best" from="142575691#2" to="158228537" type="bicycle"/>
    <trip id="bike32" depart="375.97" departLane="best" from="31344738#1" to="257072322#1" type="bicycle"/>
    <trip id="bike34" depart="399.46" departLane="best" from="-26991766#3" to="-25728863#1" type="bicycle"/>
    <trip id="bike35" depart="411.21" departLane="best" from="-149670374" to="52081075#3" type="bicycle"/>
    <trip id="bike36" depart="422.96" departLane="best" from="328288211#0" to="-314415495#9" type="bicycle"/>
    <trip id="bike37" depart="434.71" departLane="best" from="143308600#3" to="-71595991" type="bicycle"/>
    <trip id="bike38" depart="446.46" departLane="best" from="411478098" to="141968844#1" type="bicycle"/>
    <trip id="bike40" depart="469.96" departLane="best" from="142575693#0" to="-24791992" type="bicycle"/>
    <trip id="bike41" depart="481.71" departLane="best" from="142575720#1" to="38568628#1" type="bicycle"/>
    <trip id="bike43" depart="505.21" departLane="best" from="81639675#3" to="142575688#4" type="bicycle"/>
    <trip id="bike44" depart="516.95" departLane="best" from="-142575688#8" to="-142575655#1" type="bicycle"/>
    <trip id="bike45" depart="528.70" departLane="best" from="-142575704#10" to="143308620" type="bicycle"/>
    <trip id="bike46" depart="540.45" departLane="best" from="25728863#0" to="116344154" type="bicycle"/>
    <trip id="bike47" depart="552.20" departLane="best" from="-142575657#1" to="-52460499#0" type="bicycle"/>
    <trip id="bike48" depart="563.95" departLane="best" from="81639675#0" to="142575694#0" type="bicycle"/>
    <trip id="bike49" depart="575.70" departLane="best" from="71596029#0" to="318210377#1" type="bicycle"/>
    <trip id="bike50" depart="587.45" departLane="best" from="-115227682#0" to="190083625#1" type="bicycle"/>
    <trip id="bike51" depart="599.20" departLane="best" from="147859764" to="142575704#10" type="bicycle"/>
    <trip id="bike53" depart="622.70" departLane="best" from="-142575704#3" to="133858467#2" type="bicycle"/>
    <trip id="bike54" depart="634.44" departLane="best" from="114949101#1" to="54039583#4" type="bicycle"/>
    <trip id="bike55" depart="646.19" departLane="best" from="328287366" to="-24791993" type="bicycle"/>
    <trip id="bike56" depart="657.94" departLane="best" from="141968853#2" to="-147859763#1" type="bicycle"/>
    <trip id="bike57" depart="669.69" departLane="best" from="40985814#0" to="320741897" type="bicycle"/>
    <trip id="bike58" depart="681.44" departLane="best" from="-26816162#1" to="143482759" type="bicycle"/>
    <trip id="bike59" depart="693.19" departLane="best" from="143308505#1" to="-143308562#0" type="bicycle"/>
    <trip id="bike60" depart="704.94" departLane="best" from="239335493" to="142575704#3" type="bicycle"/>
    <trip id="bike61" depart="716.69" departLane="best" from="24733697#0" to="142575695#1" type="bicycle"/>
    <trip id="bike62" depart="728.44" departLane="best" from="-114024901" to="-318210380#1" type="bicycle"/>
    <trip id="bike63" depart="740.18" departLane="best" from="-122868966" to="461093309#2" type="bicycle"/>
    <trip id="bike65" depart="763.68" departLane="best" from="-26842933#2" to="-142575656#8" type="bicycle"/>
    <trip id="bike67" depart="787.18" departLane="best" from="-142575688#1" to="142575661#3" type="bicycle"/>
    <trip id="bike68" depart="798.93" departLane="best" from="-142575661#0" to="246099079" type="bicycle"/>
    <trip id="bike70" depart="822.43" departLane="best" from="135777010#2" to="142575725#0" type="bicycle"/>
    <trip id="bike71" depart="834.18" departLane="best" from="-230625607#1" to="320741898#3" type="bicycle"/>
    <trip id="bike73" depart="857.67" departLane="best" from="142575686#0" to="207517674" type="bicycle"/>
    <trip id="bike74" depart="869.42" departLane="best" from="-147859763#8" to="-314415495#4" type="bicycle"/>
    <trip id="bike75" depart="881.17" departLane="best" from="81096614" to="143482779#1" type="bicycle"/>
    <trip id="bike76" depart="892.92" departLane="best" from="114024899" to="142575690#5" type="bicycle"/>
    <trip id="bike77" depart="904.67" departLane="best" from="-142575721#1" to="-190083618#2" type="bicycle"/>
    <trip id="bike78" depart="916.42" departLane="best" from="-31344738#1" to="143308527#2" type="bicycle"/>
    <trip id="bike80" depart="939.92" departLane="best" from="-142575661#3" to="143308669" type="bicycle"/>
    <trip id="bike82" depart="963.42" departLane="best" from="318210377#0" to="-142575673#1" type="bicycle"/>
    <trip id="bike83" depart="975.16" departLane="best" from="-190083608#1" to="149670374" type="bicycle"/>
    <trip id="bike84" depart="986.91" departLane="best" from="-149670384#0" to="-142598718" type="bicycle"/>
    <trip id="bike85" depart="998.66" departLane="best" from="47773406" to="143308497#0" type="bicycle"/>
    <trip id="bike87" depart="1022.16" departLane="best" from="26815978#0" to="-149670370" type="bicycle"/>
    <trip id="bike88" depart="1033.91" departLane="best" from="-142575690#6" to="128643749" type="bicycle"/>
    <trip id="bike89" depart="1045.66" departLane="best" from="-69607655" to="142575655#5" type="bicycle"/>
    <trip id="bike90" depart="1057.41" departLane="best" from="190083608#2" to="149670382" type="bicycle"/>
    <trip id="bike91" depart="1069.16" departLane="best" from="71960748" to="-142575694#1" type="bicycle"/>
    <trip id="bike93" depart="1092.65" departLane="best" from="318210378#3" to="-239335493" type="bicycle"/>
    <trip id="bike94" depart="1104.40" departLane="best" from="-143482779#1" to="138624421#5" type="bicycle"/>
    <trip id="bike95" depart="1116.15" departLane="best" from="-52460499#4" to="-26816590#2" type="bicycle"/>
    <trip id="bike96" depart="1127.90" departLane="best" from="-206579063#0" to="458325551" type="bicycle"/>
    <trip id="bike97" depart="1139.65" departLane="best" from="114024903#5" to="318210378#2" type="bicycle"/>
    <trip id="bike98" depart="1151.40" departLane="best" from="142575689" to="-142575655#7" type="bicycle"/>
    <trip id="bike101" depart="1186.65" departLane="best" from="314415495#18" to="-143482755#1" type="bicycle"/>
    <trip id="bike103" depart="1210.14" departLane="best" from="-414563788#0" to="-142575656#9" type="bicycle"/>
    <trip id="bike104" depart="1221.89" departLane="best" from="-38159999#5" to="71960762" type="bicycle"/>
    <trip id="bike106" depart="1245.39" departLane="best" from="114952399#2" to="116391654" type="bicycle"/>
    <trip id="bike108" depart="1268.89" departLane="best" from="142575691#0" to="190083623#2" type="bicycle"/>
    <trip id="bike110" depart="1292.39" departLane="best" from="71028777#4" to="143308521#11" type="bicycle"/>
    <trip id="bike112" depart="1315.88" departLane="best" from="-142575656#12" to="143308521#9" type="bicycle"/>
    <trip id="bike113" depart="1327.63" departLane="best" from="142575655#1" to="314415495#8" type="bicycle"/>
    <trip id="bike114" depart="1339.38" departLane="best" from="-143308527#1" to="70133621#0" type="bicycle"/>
    <trip id="bike119" depart="1398.13" departLane="best" from="142575737#1" to="143308562#2" type="bicycle"/>
    <trip id="bike120" depart="1409.88" departLane="best" from="-52081075#8" to="143308521#9" type="bicycle"/>
    <trip id="bike121" depart="1421.62" departLane="best" from="142575661#3" to="47770431#1" type="bicycle"/>
    <trip id="bike122" depart="1433.37" departLane="best" from="-147859765#3" to="190083622" type="bicycle"/>
    <trip id="bike123" depart="1445.12" departLane="best" from="-190083608#2" to="-71595991" type="bicycle"/>
    <trip id="bike125" depart="1468.62" departLane="best" from="-26991766#4" to="24152572#2" type="bicycle"/>
    <trip id="bike126" depart="1480.37" departLane="best" from="-142575662#1" to="141968844#0" type="bicycle"/>
    <trip id="bike127" depart="1492.12" departLane="best" from="81639678#1" to="81096605" type="bicycle"/>
    <trip id="bike129" depart="1515.62" departLane="best" from="-230625607#2" to="47765623#0" type="bicycle"/>
    <trip id="bike130" depart="1527.37" departLane="best" from="354084466#0" to="354084465" type="bicycle"/>
    <trip id="bike131" depart="1539.11" departLane="best" from="-33690600" to="-143308600#1" type="bicycle"/>
    <trip id="bike132" depart="1550.86" departLane="best" from="302943909#5" to="180239858#1" type="bicycle"/>
    <trip id="bike134" depart="1574.36" departLane="best" from="143308600#0" to="-114207227" type="bicycle"/>
    <trip id="bike136" depart="1597.86" departLane="best" from="143308687" to="48858191#1" type="bicycle"/>
    <trip id="bike137" depart="1609.61" departLane="best" from="-142598710#0" to="-142575710#3" type="bicycle"/>
    <trip id="bike138" depart="1621.36" departLane="best" from="-142575701#1" to="142575726#2" type="bicycle"/>
    <trip id="bike141" depart="1656.60" departLane="best" from="143308546#10" to="-257005614#0" type="bicycle"/>
    <trip id="bike142" depart="1668.35" departLane="best" from="138624445#2" to="38574190#0" type="bicycle"/>
    <trip id="bike143" depart="1680.10" departLane="best" from="314415495#13" to="-142575690#4" type="bicycle"/>
    <trip id="bike144" depart="1691.85" departLane="best" from="-69607655" to="-26816553" type="bicycle"/>
    <trip id="bike145" depart="1703.60" departLane="best" from="-114024903#3" to="24791996#1" type="bicycle"/>
    <trip id="bike146" depart="1715.35" departLane="best" from="143308546#15" to="-24733698#0" type="bicycle"/>
    <trip id="bike147" depart="1727.10" departLane="best" from="206579062#0" to="142575726#0" type="bicycle"/>
    <trip id="bike148" depart="1738.85" departLane="best" from="-70255226#0" to="-114692703" type="bicycle"/>
    <trip id="bike149" depart="1750.60" departLane="best" from="-142575674#3" to="356766925" type="bicycle"/>
    <trip id="bike150" depart="1762.34" departLane="best" from="38915289#1" to="142575710#3" type="bicycle"/>
    <trip id="bike151" depart="1774.09" departLane="best" from="302944175#0" to="143308521#5" type="bicycle"/>
    <trip id="bike152" depart="1785.84" departLane="best" from="-143308521#0" to="-142575737#0" type="bicycle"/>
    <trip id="bike153" depart="1797.59" departLane="best" from="-26842943" to="38574183#0" type="bicycle"/>
</routes>
