<?xml version="1.0" encoding="UTF-8"?>

<!-- generated on 20.05.2016 12:14:27 by Netedit Version dev-SVN-r20736
<?xml version="1.0" encoding="UTF-8"?>

<configuration xmlns:xsi="http://www.w3.org/2001/XMLSchema-instance" xsi:noNamespaceSchemaLocation="http://sumo.dlr.de/xsd/netedit.exeConfiguration.xsd">

    <input>
        <sumo-net-file value="D:\erdm_ja\sip-svn-trunk\papers\DLR\SUMO_Conference2016\tutorial\data_files\adlershof_cars\osm.net.xml"/>
    </input>

    <output>
        <output-file value="D:\erdm_ja\sip-svn-trunk\papers\DLR\SUMO_Conference2016\tutorial\data_files\adlershof_cars\osm.net.xml"/>
        <junctions.join-output value="D:\erdm_ja\sip-svn-trunk\papers\DLR\SUMO_Conference2016\tutorial\data_files\adlershof_cars.final\joined.nod.xml"/>
        <output.street-names value="true"/>
    </output>

    <processing>
        <no-turnarounds value="true"/>
        <offset.disable-normalization value="true"/>
        <lefthand value="false"/>
        <junctions.corner-detail value="5"/>
    </processing>

</configuration>
-->

<nodes version="0.27" xmlns:xsi="http://www.w3.org/2001/XMLSchema-instance" xsi:noNamespaceSchemaLocation="http://sumo.dlr.de/xsd/nodes_file.xsd">
    <join nodes="1560223404 2335739502 3273797701"/>
    <join nodes="1560223510 1906766906 1906766907 1906766908 493585714 57343510"/>
    <join nodes="1704693650 1866350919 38920778 671564358"/>
    <join nodes="2697454314 2697454315 38918157 57343487"/>
    <join nodes="2293276825 2697454316 30618470 36268429 493585805 493585807"/>
    <join nodes="493585795 567607201 945141958 945142201 cluster_2697454314_2697454315_38918157_57343487"/>
    <join nodes="1652675097 1652675099 2697454318 2697454319 3246050928 3246050930 3246050932 583899005"/>
    <join nodes="101333380 1652675105 2169462573 3366619456 3366620150 3366620151 3366620152 3366620154 3366620157"/>
</nodes>
