<?xml version="1.0" encoding="UTF-8"?>
<!-- generated on 2018-05-07 12:31:14.972000 by $Id$
  options: -n osm.net.xml -e 3600 -p 1200 <doubleminus>random-begin <doubleminus>seed 42 <doubleminus>ptstops osm_stops.add.xml <doubleminus>ptlines osm_ptlines.xml -o osm_pt_light_rail.rou.xml <doubleminus>ignore-errors <doubleminus>vtype-prefix pt_ <doubleminus>flow-attributes departPos="base" <doubleminus>verbose <doubleminus>types light_rail <doubleminus>no-vtypes <doubleminus>use-osm-routes
-->
<routes xmlns:xsi="http://www.w3.org/2001/XMLSchema-instance" xsi:noNamespaceSchemaLocation="http://sumo.dlr.de/xsd/routes_file.xsd">
    <route id="pt_light_rail_S45:0" edges="22917995 431786577" >
        <stop busStop="3508654675" duration="30.00" until="32.0"/> <!-- S Adlershof -->
        <stop busStop="1095078213" duration="30.00" until="149.0"/> <!-- S Betriebsbahnhof Schöneweide -->
    </route>
    <route id="pt_light_rail_S45:1" edges="431786563 4782366 4782367" >
        <stop busStop="30499135" duration="30.00" until="78.0"/> <!-- S Betriebsbahnhof Schöneweide -->
        <stop busStop="30499115" duration="30.00" until="191.0"/> <!-- S Adlershof -->
    </route>
    <route id="pt_light_rail_S8:0" edges="431786563 4782366 4782367" >
        <stop busStop="30499135" duration="30.00" until="78.0"/> <!-- S Betriebsbahnhof Schöneweide -->
        <stop busStop="30499115" duration="30.00" until="191.0"/> <!-- S Adlershof -->
    </route>
    <route id="pt_light_rail_S8:1" edges="22917995 431786577" >
        <stop busStop="3508654675" duration="30.00" until="32.0"/> <!-- S Adlershof -->
        <stop busStop="1095078213" duration="30.00" until="149.0"/> <!-- S Betriebsbahnhof Schöneweide -->
    </route>
    <route id="pt_light_rail_S9:0" edges="22917995 431786577" >
        <stop busStop="3508654675" duration="30.00" until="32.0"/> <!-- S Adlershof -->
        <stop busStop="1095078213" duration="30.00" until="151.0"/> <!-- S Betriebsbahnhof Schöneweide -->
    </route>
    <route id="pt_light_rail_S9:1" edges="431786563 4782366 4782367" >
        <stop busStop="30499135" duration="30.00" until="78.0"/> <!-- S Betriebsbahnhof Schöneweide -->
        <stop busStop="30499115" duration="30.00" until="191.0"/> <!-- S Adlershof -->
    </route>
    <route id="pt_light_rail_S46:0" edges="22917995 431786577" >
        <stop busStop="3508654675" duration="30.00" until="32.0"/> <!-- S Adlershof -->
        <stop busStop="1095078213" duration="30.00" until="153.0"/> <!-- S Betriebsbahnhof Schöneweide -->
    </route>
    <route id="pt_light_rail_S46:1" edges="431786563 4782366 4782367" >
        <stop busStop="30499135" duration="30.00" until="78.0"/> <!-- S Betriebsbahnhof Schöneweide -->
        <stop busStop="30499115" duration="30.00" until="191.0"/> <!-- S Adlershof -->
    </route>
    <route id="pt_light_rail_S85:0" edges="22917995 431786577" >
        <stop busStop="3508654675" duration="30.00" until="32.0"/> <!-- S Adlershof -->
        <stop busStop="1095078213" duration="30.00" until="149.0"/> <!-- S Betriebsbahnhof Schöneweide -->
    </route>
    <route id="pt_light_rail_S85:1" edges="431786563 4782366 4782367" >
        <stop busStop="30499135" duration="30.00" until="78.0"/> <!-- S Betriebsbahnhof Schöneweide -->
        <stop busStop="30499115" duration="30.00" until="191.0"/> <!-- S Adlershof -->
    </route>
    <flow id="pt_light_rail_S45:0" type="pt_light_rail" route="pt_light_rail_S45:0" begin="506.0" end="4106.0" period="1200.0" line="S45:0" departPos="base">
        <param key="name" value="S-Bahnlinie S45: S Flughafen Berlin-Schönefeld =&gt; S Südkreuz"/>
        <param key="completeness" value="0.17"/>
    </flow>
    <flow id="pt_light_rail_S45:1" type="pt_light_rail" route="pt_light_rail_S45:1" begin="606.0" end="4206.0" period="1200.0" line="S45:1" departPos="base">
        <param key="name" value="S-Bahnlinie S45: S Südkreuz =&gt; S Flughafen Berlin-Schönefeld"/>
        <param key="completeness" value="0.17"/>
    </flow>
    <flow id="pt_light_rail_S8:0" type="pt_light_rail" route="pt_light_rail_S8:0" begin="707.0" end="4307.0" period="1200.0" line="S8:0" departPos="base">
        <param key="name" value="S-Bahnlinie S8: S Birkenwerder =&gt; S Zeuthen"/>
        <param key="completeness" value="0.08"/>
    </flow>
    <flow id="pt_light_rail_S8:1" type="pt_light_rail" route="pt_light_rail_S8:1" begin="767.0" end="4367.0" period="1200.0" line="S8:1" departPos="base">
        <param key="name" value="S-Bahnlinie S8: S Zeuthen =&gt; S Birkenwerder"/>
        <param key="completeness" value="0.08"/>
    </flow>
    <flow id="pt_light_rail_S9:0" type="pt_light_rail" route="pt_light_rail_S9:0" begin="814.0" end="4414.0" period="1200.0" line="S9:0" departPos="base">
        <param key="name" value="S-Bahnlinie S9: S Flughafen Schönefeld =&gt; S Rathaus Spandau"/>
        <param key="completeness" value="0.07"/>
    </flow>
    <flow id="pt_light_rail_S9:1" type="pt_light_rail" route="pt_light_rail_S9:1" begin="812.0" end="4412.0" period="1200.0" line="S9:1" departPos="base">
        <param key="name" value="S-Bahnlinie S9: S Rathaus Spandau =&gt; S Flughafen Schönefeld"/>
        <param key="completeness" value="0.07"/>
    </flow>
    <flow id="pt_light_rail_S46:0" type="pt_light_rail" route="pt_light_rail_S46:0" begin="861.0" end="4461.0" period="1200.0" line="S46:0" departPos="base">
        <param key="name" value="S-Bahnlinie S46: S Königs Wusterhausen =&gt; Westend"/>
        <param key="completeness" value="0.09"/>
    </flow>
    <flow id="pt_light_rail_S46:1" type="pt_light_rail" route="pt_light_rail_S46:1" begin="883.0" end="4483.0" period="1200.0" line="S46:1" departPos="base">
        <param key="name" value="S-Bahnlinie S46: Westend =&gt; S Königs Wusterhausen"/>
        <param key="completeness" value="0.09"/>
    </flow>
    <flow id="pt_light_rail_S85:0" type="pt_light_rail" route="pt_light_rail_S85:0" begin="966.0" end="4566.0" period="1200.0" line="S85:0" departPos="base">
        <param key="name" value="S-Bahnlinie S85: Grünau =&gt; Pankow"/>
        <param key="completeness" value="0.13"/>
    </flow>
    <flow id="pt_light_rail_S85:1" type="pt_light_rail" route="pt_light_rail_S85:1" begin="971.0" end="4571.0" period="1200.0" line="S85:1" departPos="base">
        <param key="name" value="S-Bahnlinie S85: Pankow =&gt; Grünau"/>
        <param key="completeness" value="0.13"/>
    </flow>
</routes>
