<?xml version="1.0" encoding="UTF-8"?>

<!-- generated on 05/05/17 14:34:21 by SUMO netconvert Version dev-SVN-r24194
<?xml version="1.0" encoding="UTF-8"?>

<configuration xmlns:xsi="http://www.w3.org/2001/XMLSchema-instance" xsi:noNamespaceSchemaLocation="http://sumo.dlr.de/xsd/netconvertConfiguration.xsd">

    <input>
        <type-files value="D:\erdm_ja\sumo-dev\data\typemap\osmNetconvert.typ.xml,D:\erdm_ja\sumo-dev\data\typemap\osmNetconvertUrbanDe.typ.xml,D:\erdm_ja\sumo-dev\data\typemap\osmNetconvertPedestrians.typ.xml,D:\erdm_ja\sumo-dev\data\typemap\osmNetconvertShips.typ.xml,D:\erdm_ja\sumo-dev\data\typemap\osmNetconvertBicycle.typ.xml"/>
        <osm-files value="osm_bbox.osm.xml"/>
    </input>

    <output>
        <output-file value="dummy.net.xml"/>
        <output.street-names value="true"/>
        <output.original-names value="true"/>
        <ptstop-output value="all_stops.add.xml"/>
    </output>

    <projection>
        <proj.utm value="true"/>
    </projection>

    <tls_building>
        <tls.discard-simple value="true"/>
        <tls.join value="true"/>
        <tls.guess-signals value="true"/>
    </tls_building>

    <ramp_guessing>
        <ramps.guess value="true"/>
    </ramp_guessing>

    <processing>
        <geometry.remove value="true"/>
        <roundabouts.guess value="true"/>
        <junctions.join value="true"/>
        <junctions.corner-detail value="5"/>
        <crossings.guess value="true"/>
    </processing>

    <report>
        <verbose value="true"/>
    </report>

</configuration>
-->

<additional xmlns:xsi="http://www.w3.org/2001/XMLSchema-instance" xsi:noNamespaceSchemaLocation="http://sumo.dlr.de/xsd/additional_file.xsd">
    <busStop id="1553912606" name="Akeleiweg" lane="141968830_0" startPos="34.29" endPos="134.29"/>
    <busStop id="1560223555" name="Am Studio/Köpenicker Straße" lane="314415495#3_0" startPos="-37.94" endPos="62.06" friendlyPos="true"/>
    <busStop id="1560223790" name="Wilhelm-Ostwald-Straße" lane="314415495#6_0" startPos="6.66" endPos="106.66" friendlyPos="true"/>
    <busStop id="1704693451" name="Walther-Nernst-Straße" lane="206889079#8_0" startPos="-5.90" endPos="94.10" friendlyPos="true"/>
    <busStop id="1704693457" name="Walther-Nernst-Straße" lane="220198808#3_0" startPos="50.08" endPos="150.08" friendlyPos="true"/>
    <busStop id="1862990707" name="Otto-Franke-Straße" lane="153021549#0_0" startPos="7.54" endPos="107.54" friendlyPos="true"/>
    <busStop id="301331956" name="Magnusstraße" lane="143308546#12_0" startPos="-5.69" endPos="94.31" friendlyPos="true"/>
    <busStop id="30499115" name="S Adlershof" lane="4782367_0" startPos="33.09" endPos="133.09"/>
    <busStop id="306982602" name="Magnusstraße" lane="143308542#5_0" startPos="-31.44" endPos="68.56" friendlyPos="true"/>
    <busStop id="3812676495" name="Otto-Franke-Straße" lane="153021553#1_0" startPos="-9.94" endPos="90.06" friendlyPos="true"/>
    <busStop id="385200818" name="Albert-Einstein-Straße" lane="314415495#14_0" startPos="-51.00" endPos="49.00" friendlyPos="true"/>
    <busStop id="385200819" name="Albert-Einstein-Straße" lane="314415495#13_0" startPos="-40.96" endPos="59.04" friendlyPos="true"/>
    <busStop id="464396566" name="Walther-Nernst-Straße" lane="143308546#2_0" startPos="-42.88" endPos="57.12" friendlyPos="true"/>
    <busStop id="464396589" name="Walther-Nernst-Straße" lane="143308542#14_0" startPos="-44.01" endPos="55.99" friendlyPos="true"/>
    <busStop id="664208807" name="Wilhelm-Ostwald-Straße" lane="314415495#6_0" startPos="-2.30" endPos="97.70" friendlyPos="true"/>
    <busStop id="671564316" name="Rudower Chaussee/Wegedornstraße" lane="143308532#2_0" startPos="-47.60" endPos="52.40" friendlyPos="true"/>
    <busStop id="837696418" name="James-Franck-Straße" lane="143308532#8_0" startPos="-15.48" endPos="84.52" friendlyPos="true"/>
    <busStop id="837696524" name="James-Franck-Straße" lane="46039050#4_0" startPos="-15.18" endPos="84.82" friendlyPos="true"/>
    <busStop id="837696912" name="Akeleiweg" lane="141968853#0_0" startPos="-3.62" endPos="96.38" friendlyPos="true"/>
    <busStop id="945142098" name="Hans-Schmidt-Straße" lane="318210378#3_0" startPos="-34.83" endPos="65.17" friendlyPos="true"/>
    <busStop id="945142208" name="Hans-Schmidt-Straße" lane="318210378#2_0" startPos="25.77" endPos="125.77" friendlyPos="true"/>
    <busStop id="945142241" name="Am Studio/Köpenicker Straße" lane="314415495#1_0" startPos="-17.73" endPos="82.27" friendlyPos="true"/>
</additional>
