<?xml version="1.0" encoding="UTF-8"?>

<!-- generated on 05.05.2017 15:32:22 by SUMO gui Version dev-SVN-r24194
<?xml version="1.0" encoding="UTF-8"?>

<configuration xmlns:xsi="http://www.w3.org/2001/XMLSchema-instance" xsi:noNamespaceSchemaLocation="http://sumo.dlr.de/xsd/sumoConfiguration.xsd">

    <input>
        <net-file value="D:\erdm_ja\sip-svn-trunk\papers\DLR\SUMO_Conference2017\tutorial\data\5_adlershof_public_transport\osm.net.xml"/>
        <route-files value="D:\erdm_ja\sip-svn-trunk\papers\DLR\SUMO_Conference2017\tutorial\data\5_adlershof_public_transport\osm.passenger.trips.xml,D:\erdm_ja\sip-svn-trunk\papers\DLR\SUMO_Conference2017\tutorial\data\5_adlershof_public_transport\osm.tram.trips.xml,D:\erdm_ja\sip-svn-trunk\papers\DLR\SUMO_Conference2017\tutorial\data\5_adlershof_public_transport\osm.bus.trips.xml,D:\erdm_ja\sip-svn-trunk\papers\DLR\SUMO_Conference2017\tutorial\data\5_adlershof_public_transport\osm.rail.trips.xml,D:\erdm_ja\sip-svn-trunk\papers\DLR\SUMO_Conference2017\tutorial\data\5_adlershof_public_transport\osm.pedestrian.rou.xml,D:\erdm_ja\sip-svn-trunk\papers\DLR\SUMO_Conference2017\tutorial\data\5_adlershof_public_transport\osm.rail_urban.trips.xml,D:\erdm_ja\sip-svn-trunk\papers\DLR\SUMO_Conference2017\tutorial\data\5_adlershof_public_transport\osm.truck.trips.xml,D:\erdm_ja\sip-svn-trunk\papers\DLR\SUMO_Conference2017\tutorial\data\5_adlershof_public_transport\osm.ship.trips.xml"/>
        <additional-files value="D:\erdm_ja\sip-svn-trunk\papers\DLR\SUMO_Conference2017\tutorial\data\5_adlershof_public_transport\calibrator.add.xml,D:\erdm_ja\sip-svn-trunk\papers\DLR\SUMO_Conference2017\tutorial\data\5_adlershof_public_transport\stops.add.xml"/>
    </input>

    <processing>
        <ignore-route-errors value="true"/>
    </processing>

    <routing>
        <device.rerouting.adaptation-steps value="180"/>
    </routing>

    <report>
        <verbose value="true"/>
        <duration-log.statistics value="true"/>
        <no-step-log value="true"/>
    </report>

    <gui_only>
        <gui-settings-file value="D:\erdm_ja\sip-svn-trunk\papers\DLR\SUMO_Conference2017\tutorial\data\5_adlershof_public_transport\osm.view.xml"/>
    </gui_only>

</configuration>
-->

<calibratorstats xmlns:xsi="http://www.w3.org/2001/XMLSchema-instance" xsi:noNamespaceSchemaLocation="http://sumo.dlr.de/xsd/calibratorstats_file.xsd">
    <interval begin="0.00" end="1800.00" id="cali1" nVehContrib="1446" removed="0" inserted="1337" cleared="0" flow="2892.00" aspiredFlow="3000.00" speed="10.26" aspiredSpeed="20.00"/>
    <interval begin="1800.00" end="3600.00" id="cali1" nVehContrib="211" removed="0" inserted="211" cleared="0" flow="422.00" aspiredFlow="500.00" speed="4.34" aspiredSpeed="5.00"/>
</calibratorstats>
