<additionals>
    <busStop id="1553912606" friendlyPos="true"   lane="141968830_0" startPos="34.54" endPos="134.54"/>
    <busStop id="1560223555" friendlyPos="true"   lane="314415495#3_0" startPos="62.05" endPos="62.15"/>
    <busStop id="1560223790" friendlyPos="true"   lane="314415495#6_0" startPos="6.43" endPos="58.63"/>
    <busStop id="301331956"  friendlyPos="true"  lane="143308546#12_0" startPos="51.82" endPos="57.44"/>
    <busStop id="306982602"  friendlyPos="true"  lane="143308542#5_2" startPos="26.73" endPos="57.83"/>
    <busStop id="385200818"  friendlyPos="true"  lane="314415495#14_0" startPos="0.00" endPos="16.23"/>
    <busStop id="385200819"  friendlyPos="true"  lane="314415495#13_0" startPos="0.00" endPos="13.75"/>
    <busStop id="464396566"  friendlyPos="true"  lane="143308546#2_0" startPos="0.00" endPos="14.58"/>
    <busStop id="464396589"  friendlyPos="true"  lane="143308542#14_2" startPos="0.00" endPos="26.89"/>
    <busStop id="664208807"  friendlyPos="true"  lane="314415495#6_0" startPos="56.17" endPos="58.63"/>
    <busStop id="671564316"  friendlyPos="true"  lane="143308532#2_0" startPos="52.94" endPos="53.04"/>
    <busStop id="837696418"  friendlyPos="true"  lane="143308532#8_0" startPos="81.97" endPos="82.07"/>
    <busStop id="837696524"  friendlyPos="true"  lane="46039050#4_0" startPos="75.62" endPos="82.41"/>
    <busStop id="837696912"  friendlyPos="true"  lane="141968853#0_0" startPos="96.36" endPos="96.46"/>
    <busStop id="945142208"  friendlyPos="true"  lane="318210378#2_0" startPos="25.84" endPos="97.81"/>
    <busStop id="945142241"  friendlyPos="true"  lane="314415495#1_0" startPos="29.39" endPos="47.23"/>
</additionals>
