<?xml version="1.0" encoding="UTF-8"?>

<!-- generated on 05/03/19 12:55:15 by Eclipse SUMO Version v1_0_1+0593-c54b143026
<configuration xmlns:xsi="http://www.w3.org/2001/XMLSchema-instance" xsi:noNamespaceSchemaLocation="http://sumo.dlr.de/xsd/sumoConfiguration.xsd">

    <input>
        <net-file value="osm.net.xml"/>
        <route-files value="trips.trips.xml"/>
        <additional-files value="osm_stops.add.xml"/>
    </input>

    <output>
        <vehroute-output value="vehroutes.xml"/>
        <stop-output value="stopinfos.xml"/>
    </output>

    <time>
        <begin value="0"/>
    </time>

    <processing>
        <ignore-route-errors value="true"/>
    </processing>

    <routing>
        <device.rerouting.adaptation-interval value="0"/>
    </routing>

    <report>
        <error-log value="trips.trips.xml.errorlog"/>
        <no-step-log value="true"/>
    </report>

</configuration>
-->

<stops xmlns:xsi="http://www.w3.org/2001/XMLSchema-instance" xsi:noNamespaceSchemaLocation="http://sumo.dlr.de/xsd/stopinfo_file.xsd">
    <stopinfo id="1_bus_162:0" type="pt_bus" lane="206889086#1_1" pos="27.89" parking="0" started="23.00" ended="54.00" delay="-1.00" initialPersons="0" loadedPersons="0" unloadedPersons="0" initialContainers="0" loadedContainers="0" unloadedContainers="0" busStop="1656195133"/>
    <stopinfo id="2_bus_162:1" type="pt_bus" lane="143308542#1_1" pos="44.42" parking="0" started="26.00" ended="57.00" delay="-1.00" initialPersons="0" loadedPersons="0" unloadedPersons="0" initialContainers="0" loadedContainers="0" unloadedContainers="0" busStop="464396487"/>
    <stopinfo id="0_bus_160:0" type="pt_bus" lane="46039050#1_1" pos="226.33" parking="0" started="29.00" ended="60.00" delay="-1.00" initialPersons="0" loadedPersons="0" unloadedPersons="0" initialContainers="0" loadedContainers="0" unloadedContainers="0" busStop="837696524"/>
    <stopinfo id="3_bus_163:0" type="pt_bus" lane="204721579#2_1" pos="105.15" parking="0" started="35.00" ended="66.00" delay="-1.00" initialPersons="0" loadedPersons="0" unloadedPersons="0" initialContainers="0" loadedContainers="0" unloadedContainers="0" busStop="1383533462"/>
    <stopinfo id="5_bus_163:2" type="pt_bus" lane="70130339#0_1" pos="101.27" parking="0" started="71.00" ended="102.00" delay="-1.00" initialPersons="0" loadedPersons="0" unloadedPersons="0" initialContainers="0" loadedContainers="0" unloadedContainers="0" busStop="2050022025"/>
    <stopinfo id="2_bus_162:1" type="pt_bus" lane="143308542#6_1" pos="29.21" parking="0" started="81.00" ended="112.00" delay="-1.00" initialPersons="0" loadedPersons="0" unloadedPersons="0" initialContainers="0" loadedContainers="0" unloadedContainers="0" busStop="306982602"/>
    <stopinfo id="7_bus_260:0" type="pt_bus" lane="206889086#1_1" pos="27.90" parking="0" started="101.00" ended="132.00" delay="-1.00" initialPersons="0" loadedPersons="0" unloadedPersons="0" initialContainers="0" loadedContainers="0" unloadedContainers="0" busStop="1656195133"/>
    <stopinfo id="0_bus_160:0" type="pt_bus" lane="143308587#1_1" pos="47.06" parking="0" started="105.00" ended="136.00" delay="-1.00" initialPersons="0" loadedPersons="0" unloadedPersons="0" initialContainers="0" loadedContainers="0" unloadedContainers="0" busStop="1560223236"/>
    <stopinfo id="3_bus_163:0" type="pt_bus" lane="153021549#1_1" pos="46.79" parking="0" started="121.00" ended="152.00" delay="-1.00" initialPersons="0" loadedPersons="0" unloadedPersons="0" initialContainers="0" loadedContainers="0" unloadedContainers="0" busStop="1862990707"/>
    <stopinfo id="10_tram_61:0" type="pt_tram" lane="158236729#0_0" pos="20.00" parking="0" started="133.00" ended="164.00" delay="-1.00" initialPersons="0" loadedPersons="0" unloadedPersons="0" initialContainers="0" loadedContainers="0" unloadedContainers="0" busStop="1704693343"/>
    <stopinfo id="11_tram_61:1" type="pt_tram" lane="179699938#2_0" pos="46.40" parking="0" started="142.00" ended="173.00" delay="-1.00" initialPersons="0" loadedPersons="0" unloadedPersons="0" initialContainers="0" loadedContainers="0" unloadedContainers="0" busStop="1704693444"/>
    <stopinfo id="1_bus_162:0" type="pt_bus" lane="143308546#2_1" pos="14.42" parking="0" started="146.00" ended="177.00" delay="-1.00" initialPersons="0" loadedPersons="0" unloadedPersons="0" initialContainers="0" loadedContainers="0" unloadedContainers="0" busStop="464396566"/>
    <stopinfo id="9_bus_164:0" type="pt_bus" lane="-23913524#5_1" pos="90.77" parking="0" started="147.00" ended="178.00" delay="-1.00" initialPersons="0" loadedPersons="0" unloadedPersons="0" initialContainers="0" loadedContainers="0" unloadedContainers="0" busStop="-1383533494"/>
    <stopinfo id="5_bus_163:2" type="pt_bus" lane="-318210378#3_1" pos="29.75" parking="0" started="152.00" ended="183.00" delay="-1.00" initialPersons="0" loadedPersons="0" unloadedPersons="0" initialContainers="0" loadedContainers="0" unloadedContainers="0" busStop="-945142208"/>
    <stopinfo id="12_tram_63:0" type="pt_tram" lane="158236729#0_0" pos="20.00" parking="0" started="171.00" ended="202.00" delay="-1.00" initialPersons="0" loadedPersons="0" unloadedPersons="0" initialContainers="0" loadedContainers="0" unloadedContainers="0" busStop="1704693343"/>
    <stopinfo id="14_light_rail_S45:0" type="pt_light_rail" lane="22917995_0" pos="55.23" parking="0" started="205.00" ended="236.00" delay="-1.00" initialPersons="0" loadedPersons="0" unloadedPersons="0" initialContainers="0" loadedContainers="0" unloadedContainers="0" busStop="3508654675"/>
    <stopinfo id="10_tram_61:0" type="pt_tram" lane="220198808#0_0" pos="35.15" parking="0" started="208.00" ended="239.00" delay="-1.00" initialPersons="0" loadedPersons="0" unloadedPersons="0" initialContainers="0" loadedContainers="0" unloadedContainers="0" busStop="1704693389"/>
    <stopinfo id="13_tram_63:1" type="pt_tram" lane="179699938#2_0" pos="46.40" parking="0" started="210.00" ended="241.00" delay="-1.00" initialPersons="0" loadedPersons="0" unloadedPersons="0" initialContainers="0" loadedContainers="0" unloadedContainers="0" busStop="1704693444"/>
    <stopinfo id="9_bus_164:0" type="pt_bus" lane="137534616#0_1" pos="48.55" parking="0" started="214.00" ended="245.00" delay="-1.00" initialPersons="0" loadedPersons="0" unloadedPersons="0" initialContainers="0" loadedContainers="0" unloadedContainers="0" busStop="1383533577"/>
    <stopinfo id="3_bus_163:0" type="pt_bus" lane="206889086#1_1" pos="27.92" parking="0" started="215.00" ended="246.00" delay="-1.00" initialPersons="0" loadedPersons="0" unloadedPersons="0" initialContainers="0" loadedContainers="0" unloadedContainers="0" busStop="1656195133"/>
    <stopinfo id="7_bus_260:0" type="pt_bus" lane="-314415495#14_1" pos="8.99" parking="0" started="232.00" ended="263.00" delay="-1.00" initialPersons="0" loadedPersons="0" unloadedPersons="0" initialContainers="0" loadedContainers="0" unloadedContainers="0" busStop="-385200818"/>
    <stopinfo id="1_bus_162:0" type="pt_bus" lane="143308546#13_1" pos="54.41" parking="0" started="239.00" ended="270.00" delay="-1.00" initialPersons="0" loadedPersons="0" unloadedPersons="0" initialContainers="0" loadedContainers="0" unloadedContainers="0" busStop="301331956"/>
    <stopinfo id="12_tram_63:0" type="pt_tram" lane="220198808#0_0" pos="35.15" parking="0" started="249.00" ended="280.00" delay="-1.00" initialPersons="0" loadedPersons="0" unloadedPersons="0" initialContainers="0" loadedContainers="0" unloadedContainers="0" busStop="1704693389"/>
    <stopinfo id="15_light_rail_S45:1" type="pt_light_rail" lane="431786563_0" pos="901.15" parking="0" started="274.00" ended="305.00" delay="-1.00" initialPersons="0" loadedPersons="0" unloadedPersons="0" initialContainers="0" loadedContainers="0" unloadedContainers="0" busStop="30499135"/>
    <stopinfo id="9_bus_164:0" type="pt_bus" lane="149611526#0_1" pos="38.96" parking="0" started="285.00" ended="316.00" delay="-1.00" initialPersons="0" loadedPersons="0" unloadedPersons="0" initialContainers="0" loadedContainers="0" unloadedContainers="0" busStop="1383533575"/>
    <stopinfo id="10_tram_61:0" type="pt_tram" lane="220198808#3_0" pos="103.22" parking="0" started="290.00" ended="321.00" delay="-1.00" initialPersons="0" loadedPersons="0" unloadedPersons="0" initialContainers="0" loadedContainers="0" unloadedContainers="0" busStop="1704693457"/>
    <stopinfo id="7_bus_260:0" type="pt_bus" lane="-314415495#6_1" pos="14.09" parking="0" started="304.00" ended="335.00" delay="-1.00" initialPersons="0" loadedPersons="0" unloadedPersons="0" initialContainers="0" loadedContainers="0" unloadedContainers="0" busStop="-1560223790"/>
    <stopinfo id="1_bus_162:0" type="pt_bus" lane="143308587#1_1" pos="47.06" parking="0" started="311.00" ended="342.00" delay="-1.00" initialPersons="0" loadedPersons="0" unloadedPersons="0" initialContainers="0" loadedContainers="0" unloadedContainers="0" busStop="1560223236"/>
    <stopinfo id="11_tram_61:1" type="pt_tram" lane="206889079#9_0" pos="59.18" parking="0" started="311.00" ended="342.00" delay="-1.00" initialPersons="0" loadedPersons="0" unloadedPersons="0" initialContainers="0" loadedContainers="0" unloadedContainers="0" busStop="1704693451"/>
    <stopinfo id="14_light_rail_S45:0" type="pt_light_rail" lane="431786577_0" pos="1853.78" parking="0" started="322.00" ended="353.00" delay="-1.00" initialPersons="0" loadedPersons="0" unloadedPersons="0" initialContainers="0" loadedContainers="0" unloadedContainers="0" busStop="1095078213"/>
    <stopinfo id="12_tram_63:0" type="pt_tram" lane="220198808#3_0" pos="103.22" parking="0" started="333.00" ended="364.00" delay="-1.00" initialPersons="0" loadedPersons="0" unloadedPersons="0" initialContainers="0" loadedContainers="0" unloadedContainers="0" busStop="1704693457"/>
    <stopinfo id="13_tram_63:1" type="pt_tram" lane="206889079#9_0" pos="59.18" parking="0" started="355.00" ended="386.00" delay="-1.00" initialPersons="0" loadedPersons="0" unloadedPersons="0" initialContainers="0" loadedContainers="0" unloadedContainers="0" busStop="1704693451"/>
    <stopinfo id="7_bus_260:0" type="pt_bus" lane="-314415495#3_1" pos="101.97" parking="0" started="360.00" ended="391.00" delay="-1.00" initialPersons="0" loadedPersons="0" unloadedPersons="0" initialContainers="0" loadedContainers="0" unloadedContainers="0" busStop="-1560223555"/>
    <stopinfo id="20_bus_260:1" type="pt_bus" lane="314415495#1_1" pos="44.37" parking="0" started="363.00" ended="394.00" delay="-1.00" initialPersons="0" loadedPersons="0" unloadedPersons="0" initialContainers="0" loadedContainers="0" unloadedContainers="0" busStop="945142241"/>
    <stopinfo id="9_bus_164:0" type="pt_bus" lane="206889086#1_1" pos="27.92" parking="0" started="369.00" ended="400.00" delay="-1.00" initialPersons="0" loadedPersons="0" unloadedPersons="0" initialContainers="0" loadedContainers="0" unloadedContainers="0" busStop="1656195133"/>
    <stopinfo id="22_light_rail_S8:1" type="pt_light_rail" lane="22917995_0" pos="55.23" parking="0" started="384.00" ended="415.00" delay="-1.00" initialPersons="0" loadedPersons="0" unloadedPersons="0" initialContainers="0" loadedContainers="0" unloadedContainers="0" busStop="3508654675"/>
    <stopinfo id="15_light_rail_S45:1" type="pt_light_rail" lane="4782367_0" pos="182.81" parking="0" started="387.00" ended="418.00" delay="-1.00" initialPersons="0" loadedPersons="0" unloadedPersons="0" initialContainers="0" loadedContainers="0" unloadedContainers="0" busStop="30499115"/>
    <stopinfo id="23_bus_164:1" type="pt_bus" lane="143308542#1_1" pos="44.42" parking="0" started="399.00" ended="430.00" delay="-1.00" initialPersons="0" loadedPersons="0" unloadedPersons="0" initialContainers="0" loadedContainers="0" unloadedContainers="0" busStop="464396487"/>
    <stopinfo id="5_bus_163:2" type="pt_bus" lane="153021553#1_1" pos="47.29" parking="0" started="406.00" ended="437.00" delay="-1.00" initialPersons="0" loadedPersons="0" unloadedPersons="0" initialContainers="0" loadedContainers="0" unloadedContainers="0" busStop="3812676495"/>
    <stopinfo id="21_light_rail_S8:0" type="pt_light_rail" lane="431786563_0" pos="901.15" parking="0" started="409.00" ended="440.00" delay="-1.00" initialPersons="0" loadedPersons="0" unloadedPersons="0" initialContainers="0" loadedContainers="0" unloadedContainers="0" busStop="30499135"/>
    <stopinfo id="11_tram_61:1" type="pt_tram" lane="220198810#0_0" pos="31.09" parking="0" started="411.00" ended="442.00" delay="-1.00" initialPersons="0" loadedPersons="0" unloadedPersons="0" initialContainers="0" loadedContainers="0" unloadedContainers="0" busStop="1704693381"/>
    <stopinfo id="10_tram_61:0" type="pt_tram" lane="218797686#0_1" pos="12.50" parking="0" started="416.00" ended="447.00" delay="-1.00" initialPersons="0" loadedPersons="0" unloadedPersons="0" initialContainers="0" loadedContainers="0" unloadedContainers="0" busStop="583899039"/>
    <stopinfo id="20_bus_260:1" type="pt_bus" lane="314415495#6_1" pos="57.35" parking="0" started="419.00" ended="450.00" delay="-1.00" initialPersons="0" loadedPersons="0" unloadedPersons="0" initialContainers="0" loadedContainers="0" unloadedContainers="0" busStop="664208807"/>
    <stopinfo id="24_light_rail_S9:0" type="pt_light_rail" lane="22917995_0" pos="55.23" parking="0" started="431.00" ended="462.00" delay="-1.00" initialPersons="0" loadedPersons="0" unloadedPersons="0" initialContainers="0" loadedContainers="0" unloadedContainers="0" busStop="3508654675"/>
    <stopinfo id="13_tram_63:1" type="pt_tram" lane="220198810#0_0" pos="31.09" parking="0" started="454.00" ended="485.00" delay="-1.00" initialPersons="0" loadedPersons="0" unloadedPersons="0" initialContainers="0" loadedContainers="0" unloadedContainers="0" busStop="1704693381"/>
    <stopinfo id="23_bus_164:1" type="pt_bus" lane="143308542#6_1" pos="29.21" parking="0" started="463.00" ended="494.00" delay="-1.00" initialPersons="0" loadedPersons="0" unloadedPersons="0" initialContainers="0" loadedContainers="0" unloadedContainers="0" busStop="306982602"/>
    <stopinfo id="25_light_rail_S9:1" type="pt_light_rail" lane="431786563_0" pos="901.15" parking="0" started="465.00" ended="496.00" delay="-1.00" initialPersons="0" loadedPersons="0" unloadedPersons="0" initialContainers="0" loadedContainers="0" unloadedContainers="0" busStop="30499135"/>
    <stopinfo id="5_bus_163:2" type="pt_bus" lane="318210360#0_1" pos="75.37" parking="0" started="467.00" ended="498.00" delay="-1.00" initialPersons="0" loadedPersons="0" unloadedPersons="0" initialContainers="0" loadedContainers="0" unloadedContainers="0" busStop="1383533461"/>
    <stopinfo id="26_light_rail_S46:0" type="pt_light_rail" lane="22917995_0" pos="55.23" parking="0" started="478.00" ended="509.00" delay="-1.00" initialPersons="0" loadedPersons="0" unloadedPersons="0" initialContainers="0" loadedContainers="0" unloadedContainers="0" busStop="3508654675"/>
    <stopinfo id="27_light_rail_S46:1" type="pt_light_rail" lane="431786563_0" pos="789.07" parking="0" started="484.00" ended="515.00" delay="-1.00" initialPersons="0" loadedPersons="0" unloadedPersons="0" initialContainers="0" loadedContainers="0" unloadedContainers="0" busStop="30499135"/>
    <stopinfo id="11_tram_61:1" type="pt_tram" lane="158236384#0_0" pos="12.50" parking="0" started="485.00" ended="516.00" delay="-1.00" initialPersons="0" loadedPersons="0" unloadedPersons="0" initialContainers="0" loadedContainers="0" unloadedContainers="0" busStop="1704693369"/>
    <stopinfo id="10_tram_61:0" type="pt_tram" lane="-179699939#0_0" pos="271.96" parking="0" started="487.00" ended="518.00" delay="-1.00" initialPersons="0" loadedPersons="0" unloadedPersons="0" initialContainers="0" loadedContainers="0" unloadedContainers="0" busStop="-766875150"/>
    <stopinfo id="9_bus_164:0" type="pt_bus" lane="143308546#2_1" pos="14.42" parking="0" started="499.00" ended="530.00" delay="-1.00" initialPersons="0" loadedPersons="0" unloadedPersons="0" initialContainers="0" loadedContainers="0" unloadedContainers="0" busStop="464396566"/>
    <stopinfo id="22_light_rail_S8:1" type="pt_light_rail" lane="431786577_0" pos="1853.78" parking="0" started="501.00" ended="532.00" delay="-1.00" initialPersons="0" loadedPersons="0" unloadedPersons="0" initialContainers="0" loadedContainers="0" unloadedContainers="0" busStop="1095078213"/>
    <stopinfo id="30_bus_163:3" type="pt_bus" lane="204721579#2_1" pos="105.15" parking="0" started="502.00" ended="533.00" delay="-1.00" initialPersons="0" loadedPersons="0" unloadedPersons="0" initialContainers="0" loadedContainers="0" unloadedContainers="0" busStop="1383533462"/>
    <stopinfo id="12_tram_63:0" type="pt_tram" lane="218797686#0_1" pos="12.50" parking="0" started="506.00" ended="537.00" delay="-1.00" initialPersons="0" loadedPersons="0" unloadedPersons="0" initialContainers="0" loadedContainers="0" unloadedContainers="0" busStop="583899039"/>
    <stopinfo id="31_bus_160:1" type="pt_bus" lane="143308532#2_1" pos="13.44" parking="0" started="511.00" ended="542.00" delay="-1.00" initialPersons="0" loadedPersons="0" unloadedPersons="0" initialContainers="0" loadedContainers="0" unloadedContainers="0" busStop="671564316"/>
    <stopinfo id="21_light_rail_S8:0" type="pt_light_rail" lane="4782367_0" pos="182.81" parking="0" started="522.00" ended="553.00" delay="-1.00" initialPersons="0" loadedPersons="0" unloadedPersons="0" initialContainers="0" loadedContainers="0" unloadedContainers="0" busStop="30499115"/>
    <stopinfo id="28_light_rail_S85:0" type="pt_light_rail" lane="22917995_0" pos="55.23" parking="0" started="525.00" ended="556.00" delay="-1.00" initialPersons="0" loadedPersons="0" unloadedPersons="0" initialContainers="0" loadedContainers="0" unloadedContainers="0" busStop="3508654675"/>
    <stopinfo id="13_tram_63:1" type="pt_tram" lane="158236384#0_0" pos="12.50" parking="0" started="528.00" ended="559.00" delay="-1.00" initialPersons="0" loadedPersons="0" unloadedPersons="0" initialContainers="0" loadedContainers="0" unloadedContainers="0" busStop="1704693369"/>
    <stopinfo id="29_light_rail_S85:1" type="pt_light_rail" lane="431786563_0" pos="901.15" parking="0" started="540.00" ended="571.00" delay="-1.00" initialPersons="0" loadedPersons="0" unloadedPersons="0" initialContainers="0" loadedContainers="0" unloadedContainers="0" busStop="30499135"/>
    <stopinfo id="24_light_rail_S9:0" type="pt_light_rail" lane="431786577_0" pos="1853.78" parking="0" started="550.00" ended="581.00" delay="-1.00" initialPersons="0" loadedPersons="0" unloadedPersons="0" initialContainers="0" loadedContainers="0" unloadedContainers="0" busStop="1095078213"/>
    <stopinfo id="23_bus_164:1" type="pt_bus" lane="143308542#16_1" pos="16.10" parking="0" started="555.00" ended="586.00" delay="-1.00" initialPersons="0" loadedPersons="0" unloadedPersons="0" initialContainers="0" loadedContainers="0" unloadedContainers="0" busStop="464396589"/>
    <stopinfo id="30_bus_163:3" type="pt_bus" lane="153021549#1_1" pos="46.79" parking="0" started="568.00" ended="599.00" delay="-1.00" initialPersons="0" loadedPersons="0" unloadedPersons="0" initialContainers="0" loadedContainers="0" unloadedContainers="0" busStop="1862990707"/>
    <stopinfo id="31_bus_160:1" type="pt_bus" lane="143308532#5_1" pos="156.28" parking="0" started="573.00" ended="604.00" delay="-1.00" initialPersons="0" loadedPersons="0" unloadedPersons="0" initialContainers="0" loadedContainers="0" unloadedContainers="0" busStop="837696418"/>
    <stopinfo id="25_light_rail_S9:1" type="pt_light_rail" lane="4782367_0" pos="182.81" parking="0" started="578.00" ended="609.00" delay="-1.00" initialPersons="0" loadedPersons="0" unloadedPersons="0" initialContainers="0" loadedContainers="0" unloadedContainers="0" busStop="30499115"/>
    <stopinfo id="12_tram_63:0" type="pt_tram" lane="-179699939#0_0" pos="271.96" parking="0" started="584.00" ended="615.00" delay="-1.00" initialPersons="0" loadedPersons="0" unloadedPersons="0" initialContainers="0" loadedContainers="0" unloadedContainers="0" busStop="-766875150"/>
    <stopinfo id="9_bus_164:0" type="pt_bus" lane="143308546#13_1" pos="54.41" parking="0" started="591.00" ended="622.00" delay="-1.00" initialPersons="0" loadedPersons="0" unloadedPersons="0" initialContainers="0" loadedContainers="0" unloadedContainers="0" busStop="301331956"/>
    <stopinfo id="33_bus_162:2" type="pt_bus" lane="-23913524#5_1" pos="90.79" parking="0" started="591.00" ended="622.00" delay="-1.00" initialPersons="0" loadedPersons="0" unloadedPersons="0" initialContainers="0" loadedContainers="0" unloadedContainers="0" busStop="-1383533494"/>
    <stopinfo id="34_bus_162:3" type="pt_bus" lane="143308542#1_1" pos="44.42" parking="0" started="593.00" ended="624.00" delay="-1.00" initialPersons="0" loadedPersons="0" unloadedPersons="0" initialContainers="0" loadedContainers="0" unloadedContainers="0" busStop="464396487"/>
    <stopinfo id="27_light_rail_S46:1" type="pt_light_rail" lane="4782367_0" pos="70.81" parking="0" started="597.00" ended="628.00" delay="-1.00" initialPersons="0" loadedPersons="0" unloadedPersons="0" initialContainers="0" loadedContainers="0" unloadedContainers="0" busStop="30499115"/>
    <stopinfo id="26_light_rail_S46:0" type="pt_light_rail" lane="431786577_0" pos="1853.78" parking="0" started="599.00" ended="630.00" delay="-1.00" initialPersons="0" loadedPersons="0" unloadedPersons="0" initialContainers="0" loadedContainers="0" unloadedContainers="0" busStop="1095078213"/>
    <stopinfo id="28_light_rail_S85:0" type="pt_light_rail" lane="431786577_0" pos="1853.78" parking="0" started="648.00" ended="679.00" delay="-1.00" initialPersons="0" loadedPersons="0" unloadedPersons="0" initialContainers="0" loadedContainers="0" unloadedContainers="0" busStop="1095078213"/>
    <stopinfo id="29_light_rail_S85:1" type="pt_light_rail" lane="4782367_0" pos="182.81" parking="0" started="654.00" ended="685.00" delay="-1.00" initialPersons="0" loadedPersons="0" unloadedPersons="0" initialContainers="0" loadedContainers="0" unloadedContainers="0" busStop="30499115"/>
    <stopinfo id="33_bus_162:2" type="pt_bus" lane="137534616#0_1" pos="48.56" parking="0" started="657.00" ended="688.00" delay="-1.00" initialPersons="0" loadedPersons="0" unloadedPersons="0" initialContainers="0" loadedContainers="0" unloadedContainers="0" busStop="1383533577"/>
    <stopinfo id="34_bus_162:3" type="pt_bus" lane="143308542#6_1" pos="29.20" parking="0" started="665.00" ended="696.00" delay="-1.00" initialPersons="0" loadedPersons="0" unloadedPersons="0" initialContainers="0" loadedContainers="0" unloadedContainers="0" busStop="306982602"/>
    <stopinfo id="30_bus_163:3" type="pt_bus" lane="206889086#1_1" pos="27.91" parking="0" started="667.00" ended="698.00" delay="-1.00" initialPersons="0" loadedPersons="0" unloadedPersons="0" initialContainers="0" loadedContainers="0" unloadedContainers="0" busStop="1656195133"/>
    <stopinfo id="9_bus_164:0" type="pt_bus" lane="143308587#1_1" pos="47.07" parking="0" started="669.00" ended="700.00" delay="-1.00" initialPersons="0" loadedPersons="0" unloadedPersons="0" initialContainers="0" loadedContainers="0" unloadedContainers="0" busStop="1560223236"/>
    <stopinfo id="23_bus_164:1" type="pt_bus" lane="24152326#0_1" pos="67.31" parking="0" started="704.00" ended="735.00" delay="-1.00" initialPersons="0" loadedPersons="0" unloadedPersons="0" initialContainers="0" loadedContainers="0" unloadedContainers="0" busStop="1383533459"/>
    <stopinfo id="33_bus_162:2" type="pt_bus" lane="149611526#0_1" pos="38.97" parking="0" started="729.00" ended="760.00" delay="-1.00" initialPersons="0" loadedPersons="0" unloadedPersons="0" initialContainers="0" loadedContainers="0" unloadedContainers="0" busStop="1383533575"/>
    <stopinfo id="34_bus_162:3" type="pt_bus" lane="143308542#16_1" pos="16.10" parking="0" started="735.00" ended="766.00" delay="-1.00" initialPersons="0" loadedPersons="0" unloadedPersons="0" initialContainers="0" loadedContainers="0" unloadedContainers="0" busStop="464396589"/>
    <stopinfo id="23_bus_164:1" type="pt_bus" lane="-137534616#0_1" pos="41.29" parking="0" started="793.00" ended="824.00" delay="-1.00" initialPersons="0" loadedPersons="0" unloadedPersons="0" initialContainers="0" loadedContainers="0" unloadedContainers="0" busStop="-1383533578"/>
    <stopinfo id="30_bus_163:3" type="pt_bus" lane="318210378#4_1" pos="29.54" parking="0" started="807.00" ended="838.00" delay="-1.00" initialPersons="0" loadedPersons="0" unloadedPersons="0" initialContainers="0" loadedContainers="0" unloadedContainers="0" busStop="945142098"/>
    <stopinfo id="33_bus_162:2" type="pt_bus" lane="206889086#1_1" pos="27.92" parking="0" started="810.00" ended="841.00" delay="-1.00" initialPersons="0" loadedPersons="0" unloadedPersons="0" initialContainers="0" loadedContainers="0" unloadedContainers="0" busStop="1656195133"/>
    <stopinfo id="23_bus_164:1" type="pt_bus" lane="23913524#5_1" pos="53.05" parking="0" started="858.00" ended="889.00" delay="-1.00" initialPersons="0" loadedPersons="0" unloadedPersons="0" initialContainers="0" loadedContainers="0" unloadedContainers="0" busStop="1383533492"/>
    <stopinfo id="30_bus_163:3" type="pt_bus" lane="231626692#1_1" pos="183.35" parking="0" started="885.00" ended="916.00" delay="-1.00" initialPersons="0" loadedPersons="0" unloadedPersons="0" initialContainers="0" loadedContainers="0" unloadedContainers="0" busStop="2050022029"/>
    <stopinfo id="34_bus_162:3" type="pt_bus" lane="24152326#0_1" pos="67.32" parking="0" started="985.00" ended="1016.00" delay="-1.00" initialPersons="0" loadedPersons="0" unloadedPersons="0" initialContainers="0" loadedContainers="0" unloadedContainers="0" busStop="1383533459"/>
    <stopinfo id="33_bus_162:2" type="pt_bus" lane="143308546#2_1" pos="14.42" parking="0" started="992.00" ended="1023.00" delay="-1.00" initialPersons="0" loadedPersons="0" unloadedPersons="0" initialContainers="0" loadedContainers="0" unloadedContainers="0" busStop="464396566"/>
    <stopinfo id="34_bus_162:3" type="pt_bus" lane="-137534616#0_1" pos="41.27" parking="0" started="1076.00" ended="1107.00" delay="-1.00" initialPersons="0" loadedPersons="0" unloadedPersons="0" initialContainers="0" loadedContainers="0" unloadedContainers="0" busStop="-1383533578"/>
    <stopinfo id="33_bus_162:2" type="pt_bus" lane="143308546#13_1" pos="54.40" parking="0" started="1087.00" ended="1118.00" delay="-1.00" initialPersons="0" loadedPersons="0" unloadedPersons="0" initialContainers="0" loadedContainers="0" unloadedContainers="0" busStop="301331956"/>
    <stopinfo id="34_bus_162:3" type="pt_bus" lane="23913524#5_1" pos="53.06" parking="0" started="1138.00" ended="1169.00" delay="-1.00" initialPersons="0" loadedPersons="0" unloadedPersons="0" initialContainers="0" loadedContainers="0" unloadedContainers="0" busStop="1383533492"/>
    <stopinfo id="33_bus_162:2" type="pt_bus" lane="143308587#1_1" pos="47.06" parking="0" started="1156.00" ended="1187.00" delay="-1.00" initialPersons="0" loadedPersons="0" unloadedPersons="0" initialContainers="0" loadedContainers="0" unloadedContainers="0" busStop="1560223236"/>
</stops>
