<routes>
    <person id="visitor" depart="0" color="green">
        <walk from="128643746#1" to="143308542#5" arrivalPos="12"/>
        <ride to="52036180#4" lines="162"/>
        <stop lane="52036180#4_0" duration="1200" endPos="18" actType="waiting for the train"/>
    </person>

    <person id="visitor2" depart="0" color="blue">
        <walk from="128643746#1" to="52036180#4" arrivalPos="20"/>
        <stop lane="52036180#4_0" duration="1200" endPos="20" actType="waiting for the train"/>
    </person>
</routes>
