<additionals>
    <parkingArea id="adlershoferTor" lane="81096605_0" startPos="0.00" endPos="12.38" friendlyPos="1" width="3.20" length="5.00">
        <space x="1593.55" y="1049.10" z="0.00" angle="135.00"/>
        <space x="1595.70" y="1046.04" z="0.00" angle="135.00"/>
        <space x="1599.26" y="1042.97" z="0.00" angle="135.00"/>
        <space x="1601.33" y="1040.33" z="0.00" angle="135.00"/>
        <space x="1596.20" y="1051.99" z="0.00" angle="135.00"/>
        <space x="1599.01" y="1048.77" z="0.00" angle="135.00"/>
        <space x="1601.99" y="1045.87" z="0.00" angle="135.00"/>
        <space x="1605.21" y="1043.06" z="0.00" angle="135.00"/>
        <space x="1598.43" y="1055.72" z="0.00" angle="135.00"/>
        <space x="1601.66" y="1052.41" z="0.00" angle="135.00"/>
        <space x="1604.39" y="1049.26" z="0.00" angle="135.00"/>
        <space x="1608.19" y="1046.53" z="0.00" angle="135.00"/>
        <space x="1576.42" y="1068.87" z="0.00" angle="135.00"/>
        <space x="1579.48" y="1066.22" z="0.00" angle="135.00"/>
        <space x="1580.23" y="1071.10" z="0.00" angle="135.00"/>
        <space x="1584.86" y="1066.80" z="0.00" angle="135.00"/>
        <space x="1583.54" y="1072.18" z="0.00" angle="135.00"/>
        <space x="1588.42" y="1069.86" z="0.00" angle="135.00"/>
    </parkingArea>
    <parkingArea id="adlershoferTor_roadside" lane="143308555#2_1" startPos="10.00" endPos="60.00" friendlyPos="1" roadsideCapacity="7" width="3.20" length="5.00"/>
    <rerouter id="rerouter_0" edges="143308542#16 143308555#2" pos="1621.94,1027.40">
        <interval begin="0.00" end="3600.00">
            <parkingAreaReroute id="adlershoferTor_roadside"/>
            <parkingAreaReroute id="adlershoferTor"/>
        </interval>
    </rerouter>
</additionals>
