<additionals>
    <parkingArea id="kaufland" lane="81096605_0" startPos="0.00" endPos="2.80" name="kaufland" width="3.20" length="5.00">
        <space x="1593.93" y="1051.01" z="0.00" angle="135.00"/>
        <space x="1597.17" y="1047.33" z="0.00" angle="135.00"/>
        <space x="1599.80" y="1044.44" z="0.00" angle="135.00"/>
        <space x="1604.54" y="1048.73" z="0.00" angle="135.00"/>
        <space x="1600.77" y="1051.63" z="0.00" angle="135.00"/>
        <space x="1597.61" y="1054.17" z="0.00" angle="135.00"/>
        <space x="1602.70" y="1040.40" z="0.00" angle="135.00"/>
        <space x="1607.52" y="1044.61" z="0.00" angle="135.00"/>
        <space x="1605.85" y="1036.90" z="0.00" angle="135.00"/>
        <space x="1610.94" y="1040.58" z="0.00" angle="135.00"/>
        <space x="1615.15" y="1044.79" z="0.00" angle="135.00"/>
        <space x="1611.90" y="1048.12" z="0.00" angle="135.00"/>
        <space x="1608.57" y="1052.33" z="0.00" angle="135.00"/>
        <space x="1605.50" y="1055.75" z="0.00" angle="135.00"/>
        <space x="1601.29" y="1058.29" z="0.00" angle="135.00"/>
        <space x="1594.72" y="1064.51" z="0.00" angle="135.00"/>
        <space x="1589.98" y="1060.13" z="0.00" angle="135.00"/>
        <space x="1591.91" y="1067.58" z="0.00" angle="135.00"/>
        <space x="1586.92" y="1063.02" z="0.00" angle="135.00"/>
        <space x="1589.28" y="1070.74" z="0.00" angle="135.00"/>
        <space x="1583.76" y="1065.65" z="0.00" angle="135.00"/>
        <space x="1585.86" y="1073.19" z="0.00" angle="135.00"/>
        <space x="1580.17" y="1068.46" z="0.00" angle="135.00"/>
    </parkingArea>
    <parkingArea id="kaufland_roadside" lane="143308555#2_1" startPos="6.56" endPos="54.54" name="kaufland" roadsideCapacity="7" width="2.00" length="5.00"/>
    <rerouter id="rerouter_0" edges="143308542#16 143308555#2" pos="1619.69,1021.46">
        <interval begin="0.00" end="3600.00">
            <parkingAreaReroute id="kaufland_roadside"/>
            <parkingAreaReroute id="kaufland"/>
        </interval>
    </rerouter>
</additionals>
