<?xml version="1.0" encoding="UTF-8"?>
<!-- generated on 2022-04-28 09:05:00.398185 by generateParkingAreaRerouters.py v1_12_0+2341-486b0e4e4ae
<configuration>
    <max-distance-alternatives value="4000.0"/>
    <opposite-visible value="True"/>
    <output value="rerouter.add.xml"/>
    <parking-areas value="parking.add.xml"/>
    <sumo-net value="osm.net.xml"/>
</configuration>

-->
<additional xmlns:xsi="http://www.w3.org/2001/XMLSchema-instance" xsi:noNamespaceSchemaLocation="http://sumo.dlr.de/xsd/additional_file.xsd">

    <rerouter id="pa-1013117571#1" edges="-1013117571#1">
        <interval begin="0.0" end="86400">
            <!-- in order of distance --> 
            <parkingAreaReroute id="pa-1013117571#1" visible="true"/> <!-- dist: 0.0 -->
            <parkingAreaReroute id="pa11279544#0" visible="false"/> <!-- dist: 286.2 -->
            <parkingAreaReroute id="pa216169546#0" visible="false"/> <!-- dist: 322.9 -->
            <parkingAreaReroute id="pa72230301#0" visible="true"/> <!-- dist: 328.8 -->
            <parkingAreaReroute id="pa348583833#0" visible="false"/> <!-- dist: 374.1 -->
            <parkingAreaReroute id="pa204721580#0" visible="true"/> <!-- dist: 875.4 -->
            <parkingAreaReroute id="pa745656019#0" visible="false"/> <!-- dist: 955.5 -->
            <parkingAreaReroute id="pa431573403" visible="false"/> <!-- dist: 977.5 -->
            <parkingAreaReroute id="pa194895343#0" visible="false"/> <!-- dist: 987.2 -->
            <parkingAreaReroute id="pa431573404#0" visible="false"/> <!-- dist: 1013.3 -->
            <parkingAreaReroute id="pa-170149081#1" visible="true"/> <!-- dist: 1191.1 -->
        </interval>
    </rerouter>

    <rerouter id="pa-129519181#1" edges="-129519181#1 192530508#0">
        <interval begin="0.0" end="86400">
            <!-- in order of distance --> 
            <parkingAreaReroute id="pa-129519181#1" visible="true"/> <!-- dist: 0.0 -->
            <parkingAreaReroute id="pa10860201#0" visible="false"/> <!-- dist: 718.1 -->
            <parkingAreaReroute id="pa194895343#0" visible="false"/> <!-- dist: 749.8 -->
            <parkingAreaReroute id="pa25368898#0" visible="true"/> <!-- dist: 1045.5 -->
            <parkingAreaReroute id="pa-33234956#1" visible="false"/> <!-- dist: 1156.4 -->
            <parkingAreaReroute id="pa33234956#0" visible="false"/> <!-- dist: 1267.3 -->
            <parkingAreaReroute id="pa145586622#0" visible="false"/> <!-- dist: 1299.1 -->
            <parkingAreaReroute id="pa194896804#0" visible="true"/> <!-- dist: 1300.4 -->
            <parkingAreaReroute id="pa431573407#0" visible="false"/> <!-- dist: 1341.3 -->
            <parkingAreaReroute id="pa541676222" visible="false"/> <!-- dist: 1361.8 -->
            <parkingAreaReroute id="pa-25368898#9" visible="true"/> <!-- dist: 1373.0 -->
        </interval>
    </rerouter>

    <rerouter id="pa-141968830#1" edges="-141968830#1 407167843#0">
        <interval begin="0.0" end="86400">
            <!-- in order of distance --> 
            <parkingAreaReroute id="pa-141968830#1" visible="true"/> <!-- dist: 0.0 -->
            <parkingAreaReroute id="pa-746625193#2" visible="false"/> <!-- dist: 1038.5 -->
            <parkingAreaReroute id="pa81414476#0" visible="false"/> <!-- dist: 1097.7 -->
            <parkingAreaReroute id="pa872231978" visible="false"/> <!-- dist: 1147.5 -->
            <parkingAreaReroute id="pa53385386#0" visible="true"/> <!-- dist: 1199.8 -->
            <parkingAreaReroute id="pa206579071" visible="false"/> <!-- dist: 1207.4 -->
            <parkingAreaReroute id="pa318210393#0" visible="false"/> <!-- dist: 1234.6 -->
            <parkingAreaReroute id="pa22917228#0" visible="false"/> <!-- dist: 1263.7 -->
            <parkingAreaReroute id="pa26547179" visible="false"/> <!-- dist: 1324.4 -->
            <parkingAreaReroute id="pa-54039620#2" visible="false"/> <!-- dist: 1352.3 -->
            <parkingAreaReroute id="pa206579070" visible="false"/> <!-- dist: 1419.3 -->
        </interval>
    </rerouter>

    <rerouter id="pa-145009991#3" edges="-145009991#3 -170149081#1">
        <interval begin="0.0" end="86400">
            <!-- in order of distance --> 
            <parkingAreaReroute id="pa-145009991#3" visible="true"/> <!-- dist: 0.0 -->
            <parkingAreaReroute id="pa216169544#0" visible="false"/> <!-- dist: 906.1 -->
            <parkingAreaReroute id="pa348583833#0" visible="false"/> <!-- dist: 994.0 -->
            <parkingAreaReroute id="pa145009985#0" visible="false"/> <!-- dist: 1030.5 -->
            <parkingAreaReroute id="pa11279544#0" visible="false"/> <!-- dist: 1152.3 -->
            <parkingAreaReroute id="pa216169546#0" visible="false"/> <!-- dist: 1189.0 -->
            <parkingAreaReroute id="pa72230301#0" visible="false"/> <!-- dist: 1195.0 -->
            <parkingAreaReroute id="pa204721580#0" visible="true"/> <!-- dist: 1495.2 -->
            <parkingAreaReroute id="pa745656019#0" visible="false"/> <!-- dist: 1575.4 -->
            <parkingAreaReroute id="pa431573403" visible="false"/> <!-- dist: 1597.4 -->
            <parkingAreaReroute id="pa194895343#0" visible="false"/> <!-- dist: 1607.1 -->
        </interval>
    </rerouter>

    <rerouter id="pa-145586617#31" edges="-145586617#31">
        <interval begin="0.0" end="86400">
            <!-- in order of distance --> 
            <parkingAreaReroute id="pa-145586617#31" visible="true"/> <!-- dist: 0.0 -->
            <parkingAreaReroute id="pa145586617#0" visible="true"/> <!-- dist: 3133.0 -->
            <parkingAreaReroute id="pa22721677#4" visible="false"/> <!-- dist: 3299.5 -->
            <parkingAreaReroute id="pa862741106" visible="false"/> <!-- dist: 3329.1 -->
            <parkingAreaReroute id="pa25944425#0" visible="false"/> <!-- dist: 3389.1 -->
            <parkingAreaReroute id="pa26547172#0" visible="false"/> <!-- dist: 3415.6 -->
            <parkingAreaReroute id="pa22917233#0" visible="false"/> <!-- dist: 3561.2 -->
            <parkingAreaReroute id="pa206579073" visible="false"/> <!-- dist: 3611.5 -->
            <parkingAreaReroute id="pa81414476#0" visible="false"/> <!-- dist: 3670.7 -->
            <parkingAreaReroute id="pa872231978" visible="false"/> <!-- dist: 3720.5 -->
            <parkingAreaReroute id="pa53385386#0" visible="true"/> <!-- dist: 3772.8 -->
        </interval>
    </rerouter>

    <rerouter id="pa-170149081#1" edges="-170149081#1">
        <interval begin="0.0" end="86400">
            <!-- in order of distance --> 
            <parkingAreaReroute id="pa-170149081#1" visible="true"/> <!-- dist: 0.0 -->
            <parkingAreaReroute id="pa-145009991#3" visible="true"/> <!-- dist: 1736.4 -->
            <parkingAreaReroute id="pa216169544#0" visible="false"/> <!-- dist: 1774.3 -->
            <parkingAreaReroute id="pa348583833#0" visible="false"/> <!-- dist: 1862.2 -->
            <parkingAreaReroute id="pa145009985#0" visible="false"/> <!-- dist: 1898.8 -->
            <parkingAreaReroute id="pa11279544#0" visible="false"/> <!-- dist: 2020.5 -->
            <parkingAreaReroute id="pa216169546#0" visible="false"/> <!-- dist: 2057.2 -->
            <parkingAreaReroute id="pa72230301#0" visible="false"/> <!-- dist: 2063.2 -->
            <parkingAreaReroute id="pa204721580#0" visible="true"/> <!-- dist: 2363.5 -->
            <parkingAreaReroute id="pa745656019#0" visible="false"/> <!-- dist: 2443.6 -->
            <parkingAreaReroute id="pa431573403" visible="false"/> <!-- dist: 2465.6 -->
        </interval>
    </rerouter>

    <rerouter id="pa-206579065" edges="-206579065 206579065">
        <interval begin="0.0" end="86400">
            <!-- in order of distance --> 
            <parkingAreaReroute id="pa-206579065" visible="true"/> <!-- dist: 0.0 -->
            <parkingAreaReroute id="pa-53087792#10" visible="false"/> <!-- dist: 414.6 -->
            <parkingAreaReroute id="pa11279858#0" visible="false"/> <!-- dist: 530.9 -->
            <parkingAreaReroute id="pa11279895#0" visible="false"/> <!-- dist: 826.2 -->
            <parkingAreaReroute id="pa206579066#0" visible="false"/> <!-- dist: 878.1 -->
            <parkingAreaReroute id="pa-54039620#2" visible="false"/> <!-- dist: 944.7 -->
            <parkingAreaReroute id="pa206579070" visible="false"/> <!-- dist: 1011.8 -->
            <parkingAreaReroute id="pa54039595#0" visible="false"/> <!-- dist: 1058.9 -->
            <parkingAreaReroute id="pa206579067" visible="false"/> <!-- dist: 1120.8 -->
            <parkingAreaReroute id="pa81414476#0" visible="false"/> <!-- dist: 1180.0 -->
            <parkingAreaReroute id="pa-339558638#6" visible="false"/> <!-- dist: 1199.1 -->
        </interval>
    </rerouter>

    <rerouter id="pa-206579070" edges="-206579070">
        <interval begin="0.0" end="86400">
            <!-- in order of distance --> 
            <parkingAreaReroute id="pa-206579070" visible="true"/> <!-- dist: 0.0 -->
            <parkingAreaReroute id="pa54039620#0" visible="true"/> <!-- dist: 133.6 -->
            <parkingAreaReroute id="pa-54039620#2" visible="true"/> <!-- dist: 200.2 -->
            <parkingAreaReroute id="pa206579070" visible="true"/> <!-- dist: 267.3 -->
            <parkingAreaReroute id="pa54039595#0" visible="false"/> <!-- dist: 314.5 -->
            <parkingAreaReroute id="pa206579067" visible="false"/> <!-- dist: 376.3 -->
            <parkingAreaReroute id="pa81414476#0" visible="false"/> <!-- dist: 435.5 -->
            <parkingAreaReroute id="pa-339558638#6" visible="false"/> <!-- dist: 454.6 -->
            <parkingAreaReroute id="pa872231978" visible="false"/> <!-- dist: 485.3 -->
            <parkingAreaReroute id="pa53385386#0" visible="true"/> <!-- dist: 537.6 -->
            <parkingAreaReroute id="pa206579071" visible="false"/> <!-- dist: 545.2 -->
        </interval>
    </rerouter>

    <rerouter id="pa-25368898#9" edges="-25368898#9">
        <interval begin="0.0" end="86400">
            <!-- in order of distance --> 
            <parkingAreaReroute id="pa-25368898#9" visible="true"/> <!-- dist: 0.0 -->
            <parkingAreaReroute id="pa194895343#0" visible="false"/> <!-- dist: 359.1 -->
            <parkingAreaReroute id="pa25368898#0" visible="true"/> <!-- dist: 654.8 -->
            <parkingAreaReroute id="pa-33234956#1" visible="false"/> <!-- dist: 765.7 -->
            <parkingAreaReroute id="pa33234956#0" visible="false"/> <!-- dist: 876.5 -->
            <parkingAreaReroute id="pa145586622#0" visible="false"/> <!-- dist: 908.4 -->
            <parkingAreaReroute id="pa194896804#0" visible="true"/> <!-- dist: 909.7 -->
            <parkingAreaReroute id="pa431573407#0" visible="false"/> <!-- dist: 950.6 -->
            <parkingAreaReroute id="pa541676222" visible="false"/> <!-- dist: 971.1 -->
            <parkingAreaReroute id="pa216169546#0" visible="false"/> <!-- dist: 1007.8 -->
            <parkingAreaReroute id="pa192530508#0" visible="true"/> <!-- dist: 1043.7 -->
        </interval>
    </rerouter>

    <rerouter id="pa-33234937#10" edges="-33234937#10 33234937#0">
        <interval begin="0.0" end="86400">
            <!-- in order of distance --> 
            <parkingAreaReroute id="pa-33234937#10" visible="true"/> <!-- dist: 0.0 -->
            <parkingAreaReroute id="pa-33234956#1" visible="false"/> <!-- dist: 817.7 -->
            <parkingAreaReroute id="pa33234956#0" visible="false"/> <!-- dist: 928.6 -->
            <parkingAreaReroute id="pa145586622#0" visible="false"/> <!-- dist: 960.4 -->
            <parkingAreaReroute id="pa431573407#0" visible="false"/> <!-- dist: 1002.7 -->
            <parkingAreaReroute id="pa-25368898#9" visible="true"/> <!-- dist: 1034.3 -->
            <parkingAreaReroute id="pa194895343#0" visible="false"/> <!-- dist: 1066.0 -->
            <parkingAreaReroute id="pa266227880#0" visible="false"/> <!-- dist: 1191.9 -->
            <parkingAreaReroute id="pa431573406#0" visible="false"/> <!-- dist: 1287.6 -->
            <parkingAreaReroute id="pa25368898#0" visible="true"/> <!-- dist: 1361.7 -->
            <parkingAreaReroute id="pa1003191667#1" visible="true"/> <!-- dist: 1473.7 -->
        </interval>
    </rerouter>

    <rerouter id="pa-33234956#1" edges="-33234956#1">
        <interval begin="0.0" end="86400">
            <!-- in order of distance --> 
            <parkingAreaReroute id="pa-33234956#1" visible="true"/> <!-- dist: 0.0 -->
            <parkingAreaReroute id="pa33234956#0" visible="true"/> <!-- dist: 221.7 -->
            <parkingAreaReroute id="pa145586622#0" visible="false"/> <!-- dist: 253.6 -->
            <parkingAreaReroute id="pa431573407#0" visible="false"/> <!-- dist: 295.8 -->
            <parkingAreaReroute id="pa266227880#0" visible="false"/> <!-- dist: 485.0 -->
            <parkingAreaReroute id="pa-25368898#9" visible="true"/> <!-- dist: 549.1 -->
            <parkingAreaReroute id="pa431573406#0" visible="false"/> <!-- dist: 580.7 -->
            <parkingAreaReroute id="pa194895343#0" visible="false"/> <!-- dist: 580.8 -->
            <parkingAreaReroute id="pa1003191667#1" visible="true"/> <!-- dist: 766.8 -->
            <parkingAreaReroute id="pa97206934#0" visible="false"/> <!-- dist: 788.1 -->
            <parkingAreaReroute id="pa25368898#0" visible="true"/> <!-- dist: 876.5 -->
        </interval>
    </rerouter>

    <rerouter id="pa-339558638#6" edges="-339558638#6 339558638#0">
        <interval begin="0.0" end="86400">
            <!-- in order of distance --> 
            <parkingAreaReroute id="pa-339558638#6" visible="true"/> <!-- dist: 0.0 -->
            <parkingAreaReroute id="pa-33234956#1" visible="false"/> <!-- dist: 1005.1 -->
            <parkingAreaReroute id="pa33234956#0" visible="false"/> <!-- dist: 1115.9 -->
            <parkingAreaReroute id="pa145586622#0" visible="false"/> <!-- dist: 1147.8 -->
            <parkingAreaReroute id="pa431573407#0" visible="false"/> <!-- dist: 1190.0 -->
            <parkingAreaReroute id="pa-25368898#9" visible="true"/> <!-- dist: 1221.6 -->
            <parkingAreaReroute id="pa194895343#0" visible="false"/> <!-- dist: 1253.3 -->
            <parkingAreaReroute id="pa266227880#0" visible="false"/> <!-- dist: 1379.3 -->
            <parkingAreaReroute id="pa431573406#0" visible="false"/> <!-- dist: 1474.9 -->
            <parkingAreaReroute id="pa25368898#0" visible="true"/> <!-- dist: 1549.0 -->
            <parkingAreaReroute id="pa1003191667#1" visible="true"/> <!-- dist: 1661.0 -->
        </interval>
    </rerouter>

    <rerouter id="pa-53087792#10" edges="-53087792#10">
        <interval begin="0.0" end="86400">
            <!-- in order of distance --> 
            <parkingAreaReroute id="pa-53087792#10" visible="true"/> <!-- dist: 0.0 -->
            <parkingAreaReroute id="pa11279858#0" visible="false"/> <!-- dist: 527.9 -->
            <parkingAreaReroute id="pa11279895#0" visible="true"/> <!-- dist: 823.2 -->
            <parkingAreaReroute id="pa206579066#0" visible="false"/> <!-- dist: 875.1 -->
            <parkingAreaReroute id="pa-54039620#2" visible="false"/> <!-- dist: 941.7 -->
            <parkingAreaReroute id="pa206579070" visible="false"/> <!-- dist: 1008.8 -->
            <parkingAreaReroute id="pa54039595#0" visible="false"/> <!-- dist: 1056.0 -->
            <parkingAreaReroute id="pa206579067" visible="false"/> <!-- dist: 1117.8 -->
            <parkingAreaReroute id="pa81414476#0" visible="false"/> <!-- dist: 1177.0 -->
            <parkingAreaReroute id="pa-339558638#6" visible="false"/> <!-- dist: 1196.1 -->
            <parkingAreaReroute id="pa-129519181#1" visible="true"/> <!-- dist: 1212.5 -->
        </interval>
    </rerouter>

    <rerouter id="pa-54039620#2" edges="-54039620#2 54039620#0">
        <interval begin="0.0" end="86400">
            <!-- in order of distance --> 
            <parkingAreaReroute id="pa-54039620#2" visible="true"/> <!-- dist: 0.0 -->
            <parkingAreaReroute id="pa206579070" visible="true"/> <!-- dist: 133.6 -->
            <parkingAreaReroute id="pa-339558638#6" visible="false"/> <!-- dist: 321.0 -->
            <parkingAreaReroute id="pa-33234956#1" visible="false"/> <!-- dist: 1138.7 -->
            <parkingAreaReroute id="pa33234956#0" visible="false"/> <!-- dist: 1249.6 -->
            <parkingAreaReroute id="pa145586622#0" visible="false"/> <!-- dist: 1281.4 -->
            <parkingAreaReroute id="pa431573407#0" visible="false"/> <!-- dist: 1323.6 -->
            <parkingAreaReroute id="pa-25368898#9" visible="true"/> <!-- dist: 1355.3 -->
            <parkingAreaReroute id="pa194895343#0" visible="false"/> <!-- dist: 1387.0 -->
            <parkingAreaReroute id="pa266227880#0" visible="false"/> <!-- dist: 1512.9 -->
            <parkingAreaReroute id="pa431573406#0" visible="false"/> <!-- dist: 1608.6 -->
        </interval>
    </rerouter>

    <rerouter id="pa-746625193#2" edges="-746625193#2">
        <interval begin="0.0" end="86400">
            <!-- in order of distance --> 
            <parkingAreaReroute id="pa-746625193#2" visible="true"/> <!-- dist: 0.0 -->
            <parkingAreaReroute id="pa81414476#0" visible="true"/> <!-- dist: 168.2 -->
            <parkingAreaReroute id="pa872231978" visible="true"/> <!-- dist: 218.0 -->
            <parkingAreaReroute id="pa53385386#0" visible="true"/> <!-- dist: 270.3 -->
            <parkingAreaReroute id="pa206579071" visible="false"/> <!-- dist: 277.9 -->
            <parkingAreaReroute id="pa318210393#0" visible="false"/> <!-- dist: 305.0 -->
            <parkingAreaReroute id="pa22917228#0" visible="false"/> <!-- dist: 334.1 -->
            <parkingAreaReroute id="pa26547179" visible="false"/> <!-- dist: 394.9 -->
            <parkingAreaReroute id="pa-54039620#2" visible="false"/> <!-- dist: 422.7 -->
            <parkingAreaReroute id="pa206579070" visible="false"/> <!-- dist: 489.8 -->
            <parkingAreaReroute id="pa54039595#0" visible="false"/> <!-- dist: 537.0 -->
        </interval>
    </rerouter>

    <rerouter id="pa-81535329#13" edges="-81535329#13">
        <interval begin="0.0" end="86400">
            <!-- in order of distance --> 
            <parkingAreaReroute id="pa-81535329#13" visible="true"/> <!-- dist: 0.0 -->
            <parkingAreaReroute id="pa25368900#0" visible="true"/> <!-- dist: 2676.6 -->
            <parkingAreaReroute id="pa194895343#0" visible="false"/> <!-- dist: 2708.3 -->
            <parkingAreaReroute id="pa25368898#0" visible="true"/> <!-- dist: 3004.0 -->
            <parkingAreaReroute id="pa-33234956#1" visible="false"/> <!-- dist: 3114.9 -->
            <parkingAreaReroute id="pa33234956#0" visible="false"/> <!-- dist: 3225.8 -->
            <parkingAreaReroute id="pa145586622#0" visible="false"/> <!-- dist: 3257.6 -->
            <parkingAreaReroute id="pa194896804#0" visible="true"/> <!-- dist: 3258.9 -->
            <parkingAreaReroute id="pa431573407#0" visible="false"/> <!-- dist: 3299.8 -->
            <parkingAreaReroute id="pa541676222" visible="false"/> <!-- dist: 3320.3 -->
            <parkingAreaReroute id="pa-25368898#9" visible="true"/> <!-- dist: 3331.5 -->
        </interval>
    </rerouter>

    <rerouter id="pa1003191656#0" edges="1003191656#0">
        <interval begin="0.0" end="86400">
            <!-- in order of distance --> 
            <parkingAreaReroute id="pa1003191656#0" visible="true"/> <!-- dist: 0.0 -->
            <parkingAreaReroute id="pa431573405#0" visible="false"/> <!-- dist: 463.8 -->
            <parkingAreaReroute id="pa266227880#0" visible="false"/> <!-- dist: 653.1 -->
            <parkingAreaReroute id="pa431573406#0" visible="false"/> <!-- dist: 748.7 -->
            <parkingAreaReroute id="pa33234956#0" visible="false"/> <!-- dist: 763.9 -->
            <parkingAreaReroute id="pa145586622#0" visible="false"/> <!-- dist: 795.8 -->
            <parkingAreaReroute id="pa431573407#0" visible="false"/> <!-- dist: 838.0 -->
            <parkingAreaReroute id="pa-33234956#1" visible="false"/> <!-- dist: 874.8 -->
            <parkingAreaReroute id="pa1003191667#1" visible="true"/> <!-- dist: 934.8 -->
            <parkingAreaReroute id="pa97206934#0" visible="false"/> <!-- dist: 956.2 -->
            <parkingAreaReroute id="pa472236111#0" visible="false"/> <!-- dist: 1086.0 -->
        </interval>
    </rerouter>

    <rerouter id="pa1003191667#1" edges="1003191667#1">
        <interval begin="0.0" end="86400">
            <!-- in order of distance --> 
            <parkingAreaReroute id="pa1003191667#1" visible="true"/> <!-- dist: 0.0 -->
            <parkingAreaReroute id="pa1003191656#0" visible="true"/> <!-- dist: 881.6 -->
            <parkingAreaReroute id="pa431573405#0" visible="false"/> <!-- dist: 934.8 -->
            <parkingAreaReroute id="pa266227880#0" visible="false"/> <!-- dist: 1124.1 -->
            <parkingAreaReroute id="pa431573406#0" visible="false"/> <!-- dist: 1219.7 -->
            <parkingAreaReroute id="pa33234956#0" visible="false"/> <!-- dist: 1235.0 -->
            <parkingAreaReroute id="pa145586622#0" visible="false"/> <!-- dist: 1266.8 -->
            <parkingAreaReroute id="pa431573407#0" visible="false"/> <!-- dist: 1309.0 -->
            <parkingAreaReroute id="pa-33234956#1" visible="false"/> <!-- dist: 1345.8 -->
            <parkingAreaReroute id="pa97206934#0" visible="false"/> <!-- dist: 1427.2 -->
            <parkingAreaReroute id="pa472236111#0" visible="false"/> <!-- dist: 1557.0 -->
        </interval>
    </rerouter>

    <rerouter id="pa10860201#0" edges="10860201#0">
        <interval begin="0.0" end="86400">
            <!-- in order of distance --> 
            <parkingAreaReroute id="pa10860201#0" visible="true"/> <!-- dist: 0.0 -->
            <parkingAreaReroute id="pa194895343#0" visible="true"/> <!-- dist: 65.3 -->
            <parkingAreaReroute id="pa25368898#0" visible="true"/> <!-- dist: 361.0 -->
            <parkingAreaReroute id="pa-33234956#1" visible="false"/> <!-- dist: 471.9 -->
            <parkingAreaReroute id="pa33234956#0" visible="false"/> <!-- dist: 582.7 -->
            <parkingAreaReroute id="pa145586622#0" visible="false"/> <!-- dist: 614.5 -->
            <parkingAreaReroute id="pa194896804#0" visible="true"/> <!-- dist: 615.8 -->
            <parkingAreaReroute id="pa431573407#0" visible="false"/> <!-- dist: 656.8 -->
            <parkingAreaReroute id="pa541676222" visible="false"/> <!-- dist: 677.3 -->
            <parkingAreaReroute id="pa-25368898#9" visible="true"/> <!-- dist: 688.4 -->
            <parkingAreaReroute id="pa216169546#0" visible="false"/> <!-- dist: 714.0 -->
        </interval>
    </rerouter>

    <rerouter id="pa11279544#0" edges="11279544#0 145009985#0">
        <interval begin="0.0" end="86400">
            <!-- in order of distance --> 
            <parkingAreaReroute id="pa11279544#0" visible="true"/> <!-- dist: 0.0 -->
            <parkingAreaReroute id="pa216169546#0" visible="true"/> <!-- dist: 158.5 -->
            <parkingAreaReroute id="pa348583833#0" visible="true"/> <!-- dist: 209.7 -->
            <parkingAreaReroute id="pa204721580#0" visible="true"/> <!-- dist: 711.0 -->
            <parkingAreaReroute id="pa745656019#0" visible="false"/> <!-- dist: 791.1 -->
            <parkingAreaReroute id="pa431573403" visible="false"/> <!-- dist: 813.1 -->
            <parkingAreaReroute id="pa194895343#0" visible="false"/> <!-- dist: 822.8 -->
            <parkingAreaReroute id="pa431573404#0" visible="false"/> <!-- dist: 848.9 -->
            <parkingAreaReroute id="pa-170149081#1" visible="true"/> <!-- dist: 1026.7 -->
            <parkingAreaReroute id="pa266227880#0" visible="false"/> <!-- dist: 1038.2 -->
            <parkingAreaReroute id="pa25368898#0" visible="true"/> <!-- dist: 1118.5 -->
        </interval>
    </rerouter>

    <rerouter id="pa11279822#0" edges="11279822#0">
        <interval begin="0.0" end="86400">
            <!-- in order of distance --> 
            <parkingAreaReroute id="pa11279822#0" visible="true"/> <!-- dist: 0.0 -->
            <parkingAreaReroute id="pa11279858#0" visible="true"/> <!-- dist: 246.5 -->
            <parkingAreaReroute id="pa11279895#0" visible="false"/> <!-- dist: 541.8 -->
            <parkingAreaReroute id="pa206579066#0" visible="false"/> <!-- dist: 593.7 -->
            <parkingAreaReroute id="pa-54039620#2" visible="false"/> <!-- dist: 660.3 -->
            <parkingAreaReroute id="pa206579070" visible="false"/> <!-- dist: 727.3 -->
            <parkingAreaReroute id="pa54039595#0" visible="false"/> <!-- dist: 774.5 -->
            <parkingAreaReroute id="pa206579067" visible="false"/> <!-- dist: 836.4 -->
            <parkingAreaReroute id="pa81414476#0" visible="false"/> <!-- dist: 895.6 -->
            <parkingAreaReroute id="pa-339558638#6" visible="false"/> <!-- dist: 914.7 -->
            <parkingAreaReroute id="pa-129519181#1" visible="true"/> <!-- dist: 931.0 -->
        </interval>
    </rerouter>

    <rerouter id="pa11279858#0" edges="11279858#0 11279822#0">
        <interval begin="0.0" end="86400">
            <!-- in order of distance --> 
            <parkingAreaReroute id="pa11279858#0" visible="true"/> <!-- dist: 0.0 -->
            <parkingAreaReroute id="pa-129519181#1" visible="true"/> <!-- dist: 800.9 -->
            <parkingAreaReroute id="pa10860201#0" visible="false"/> <!-- dist: 834.4 -->
            <parkingAreaReroute id="pa194895343#0" visible="false"/> <!-- dist: 866.1 -->
            <parkingAreaReroute id="pa25368898#0" visible="true"/> <!-- dist: 1161.9 -->
            <parkingAreaReroute id="pa-33234956#1" visible="false"/> <!-- dist: 1272.7 -->
            <parkingAreaReroute id="pa33234956#0" visible="false"/> <!-- dist: 1383.6 -->
            <parkingAreaReroute id="pa145586622#0" visible="false"/> <!-- dist: 1415.4 -->
            <parkingAreaReroute id="pa194896804#0" visible="true"/> <!-- dist: 1416.7 -->
            <parkingAreaReroute id="pa431573407#0" visible="false"/> <!-- dist: 1457.6 -->
            <parkingAreaReroute id="pa541676222" visible="false"/> <!-- dist: 1478.1 -->
        </interval>
    </rerouter>

    <rerouter id="pa11279895#0" edges="11279895#0 -53087792#10">
        <interval begin="0.0" end="86400">
            <!-- in order of distance --> 
            <parkingAreaReroute id="pa11279895#0" visible="true"/> <!-- dist: 0.0 -->
            <parkingAreaReroute id="pa206579066#0" visible="false"/> <!-- dist: 463.5 -->
            <parkingAreaReroute id="pa-54039620#2" visible="false"/> <!-- dist: 530.1 -->
            <parkingAreaReroute id="pa206579070" visible="false"/> <!-- dist: 597.2 -->
            <parkingAreaReroute id="pa54039595#0" visible="false"/> <!-- dist: 644.3 -->
            <parkingAreaReroute id="pa206579067" visible="false"/> <!-- dist: 706.2 -->
            <parkingAreaReroute id="pa81414476#0" visible="false"/> <!-- dist: 765.4 -->
            <parkingAreaReroute id="pa-339558638#6" visible="false"/> <!-- dist: 784.5 -->
            <parkingAreaReroute id="pa872231978" visible="false"/> <!-- dist: 815.2 -->
            <parkingAreaReroute id="pa53385386#0" visible="true"/> <!-- dist: 867.5 -->
            <parkingAreaReroute id="pa206579071" visible="false"/> <!-- dist: 875.1 -->
        </interval>
    </rerouter>

    <rerouter id="pa145009985#0" edges="145009985#0">
        <interval begin="0.0" end="86400">
            <!-- in order of distance --> 
            <parkingAreaReroute id="pa145009985#0" visible="true"/> <!-- dist: 0.0 -->
            <parkingAreaReroute id="pa11279544#0" visible="true"/> <!-- dist: 246.3 -->
            <parkingAreaReroute id="pa216169546#0" visible="false"/> <!-- dist: 283.0 -->
            <parkingAreaReroute id="pa72230301#0" visible="false"/> <!-- dist: 288.9 -->
            <parkingAreaReroute id="pa348583833#0" visible="false"/> <!-- dist: 334.2 -->
            <parkingAreaReroute id="pa204721580#0" visible="true"/> <!-- dist: 835.5 -->
            <parkingAreaReroute id="pa745656019#0" visible="false"/> <!-- dist: 915.6 -->
            <parkingAreaReroute id="pa431573403" visible="false"/> <!-- dist: 937.6 -->
            <parkingAreaReroute id="pa194895343#0" visible="false"/> <!-- dist: 947.3 -->
            <parkingAreaReroute id="pa431573404#0" visible="false"/> <!-- dist: 973.4 -->
            <parkingAreaReroute id="pa-170149081#1" visible="true"/> <!-- dist: 1151.2 -->
        </interval>
    </rerouter>

    <rerouter id="pa145586617#0" edges="145586617#0 -145586617#31">
        <interval begin="0.0" end="86400">
            <!-- in order of distance --> 
            <parkingAreaReroute id="pa145586617#0" visible="true"/> <!-- dist: 0.0 -->
            <parkingAreaReroute id="pa22721677#4" visible="false"/> <!-- dist: 1733.0 -->
            <parkingAreaReroute id="pa862741106" visible="false"/> <!-- dist: 1762.6 -->
            <parkingAreaReroute id="pa25944425#0" visible="false"/> <!-- dist: 1822.7 -->
            <parkingAreaReroute id="pa26547172#0" visible="false"/> <!-- dist: 1849.1 -->
            <parkingAreaReroute id="pa22917233#0" visible="false"/> <!-- dist: 1994.7 -->
            <parkingAreaReroute id="pa206579073" visible="false"/> <!-- dist: 2045.0 -->
            <parkingAreaReroute id="pa81414476#0" visible="false"/> <!-- dist: 2104.2 -->
            <parkingAreaReroute id="pa872231978" visible="false"/> <!-- dist: 2154.0 -->
            <parkingAreaReroute id="pa53385386#0" visible="true"/> <!-- dist: 2206.3 -->
            <parkingAreaReroute id="pa206579071" visible="false"/> <!-- dist: 2213.9 -->
        </interval>
    </rerouter>

    <rerouter id="pa145586622#0" edges="145586622#0">
        <interval begin="0.0" end="86400">
            <!-- in order of distance --> 
            <parkingAreaReroute id="pa145586622#0" visible="true"/> <!-- dist: 0.0 -->
            <parkingAreaReroute id="pa431573407#0" visible="true"/> <!-- dist: 184.9 -->
            <parkingAreaReroute id="pa266227880#0" visible="false"/> <!-- dist: 374.2 -->
            <parkingAreaReroute id="pa431573406#0" visible="false"/> <!-- dist: 469.8 -->
            <parkingAreaReroute id="pa33234956#0" visible="false"/> <!-- dist: 485.1 -->
            <parkingAreaReroute id="pa-33234956#1" visible="false"/> <!-- dist: 595.9 -->
            <parkingAreaReroute id="pa1003191667#1" visible="true"/> <!-- dist: 655.9 -->
            <parkingAreaReroute id="pa97206934#0" visible="false"/> <!-- dist: 677.3 -->
            <parkingAreaReroute id="pa472236111#0" visible="false"/> <!-- dist: 807.1 -->
            <parkingAreaReroute id="pa-25368898#9" visible="true"/> <!-- dist: 812.5 -->
            <parkingAreaReroute id="pa663605951#0" visible="false"/> <!-- dist: 839.5 -->
        </interval>
    </rerouter>

    <rerouter id="pa192530508#0" edges="192530508#0">
        <interval begin="0.0" end="86400">
            <!-- in order of distance --> 
            <parkingAreaReroute id="pa192530508#0" visible="true"/> <!-- dist: 0.0 -->
            <parkingAreaReroute id="pa11279858#0" visible="false"/> <!-- dist: 931.0 -->
            <parkingAreaReroute id="pa11279895#0" visible="false"/> <!-- dist: 1226.3 -->
            <parkingAreaReroute id="pa206579066#0" visible="false"/> <!-- dist: 1278.2 -->
            <parkingAreaReroute id="pa-54039620#2" visible="false"/> <!-- dist: 1344.8 -->
            <parkingAreaReroute id="pa206579070" visible="false"/> <!-- dist: 1411.9 -->
            <parkingAreaReroute id="pa54039595#0" visible="false"/> <!-- dist: 1459.1 -->
            <parkingAreaReroute id="pa206579067" visible="false"/> <!-- dist: 1520.9 -->
            <parkingAreaReroute id="pa81414476#0" visible="false"/> <!-- dist: 1580.1 -->
            <parkingAreaReroute id="pa-339558638#6" visible="false"/> <!-- dist: 1599.2 -->
            <parkingAreaReroute id="pa-129519181#1" visible="true"/> <!-- dist: 1615.6 -->
        </interval>
    </rerouter>

    <rerouter id="pa194895343#0" edges="194895343#0 10860201#0">
        <interval begin="0.0" end="86400">
            <!-- in order of distance --> 
            <parkingAreaReroute id="pa194895343#0" visible="true"/> <!-- dist: 0.0 -->
            <parkingAreaReroute id="pa192530508#0" visible="true"/> <!-- dist: 716.2 -->
            <parkingAreaReroute id="pa11279858#0" visible="false"/> <!-- dist: 962.7 -->
            <parkingAreaReroute id="pa11279895#0" visible="false"/> <!-- dist: 1258.0 -->
            <parkingAreaReroute id="pa206579066#0" visible="false"/> <!-- dist: 1309.9 -->
            <parkingAreaReroute id="pa-54039620#2" visible="false"/> <!-- dist: 1376.5 -->
            <parkingAreaReroute id="pa206579070" visible="false"/> <!-- dist: 1443.6 -->
            <parkingAreaReroute id="pa54039595#0" visible="false"/> <!-- dist: 1490.8 -->
            <parkingAreaReroute id="pa206579067" visible="false"/> <!-- dist: 1552.6 -->
            <parkingAreaReroute id="pa81414476#0" visible="false"/> <!-- dist: 1611.8 -->
            <parkingAreaReroute id="pa-339558638#6" visible="false"/> <!-- dist: 1630.9 -->
        </interval>
    </rerouter>

    <rerouter id="pa194896804#0" edges="194896804#0">
        <interval begin="0.0" end="86400">
            <!-- in order of distance --> 
            <parkingAreaReroute id="pa194896804#0" visible="true"/> <!-- dist: 0.0 -->
            <parkingAreaReroute id="pa541676222" visible="false"/> <!-- dist: 643.7 -->
            <parkingAreaReroute id="pa216169546#0" visible="false"/> <!-- dist: 680.4 -->
            <parkingAreaReroute id="pa348583833#0" visible="false"/> <!-- dist: 731.7 -->
            <parkingAreaReroute id="pa145009985#0" visible="false"/> <!-- dist: 768.2 -->
            <parkingAreaReroute id="pa11279544#0" visible="false"/> <!-- dist: 890.0 -->
            <parkingAreaReroute id="pa72230301#0" visible="false"/> <!-- dist: 932.6 -->
            <parkingAreaReroute id="pa204721580#0" visible="true"/> <!-- dist: 1232.9 -->
            <parkingAreaReroute id="pa431573403" visible="false"/> <!-- dist: 1335.0 -->
            <parkingAreaReroute id="pa431573404#0" visible="false"/> <!-- dist: 1370.8 -->
            <parkingAreaReroute id="pa-170149081#1" visible="true"/> <!-- dist: 1548.6 -->
        </interval>
    </rerouter>

    <rerouter id="pa204721580#0" edges="204721580#0">
        <interval begin="0.0" end="86400">
            <!-- in order of distance --> 
            <parkingAreaReroute id="pa204721580#0" visible="true"/> <!-- dist: 0.0 -->
            <parkingAreaReroute id="pa431573403" visible="false"/> <!-- dist: 603.4 -->
            <parkingAreaReroute id="pa431573404#0" visible="false"/> <!-- dist: 639.2 -->
            <parkingAreaReroute id="pa266227880#0" visible="false"/> <!-- dist: 828.5 -->
            <parkingAreaReroute id="pa431573406#0" visible="false"/> <!-- dist: 924.1 -->
            <parkingAreaReroute id="pa33234956#0" visible="false"/> <!-- dist: 939.3 -->
            <parkingAreaReroute id="pa145586622#0" visible="false"/> <!-- dist: 971.2 -->
            <parkingAreaReroute id="pa431573407#0" visible="false"/> <!-- dist: 1013.4 -->
            <parkingAreaReroute id="pa-33234956#1" visible="false"/> <!-- dist: 1050.2 -->
            <parkingAreaReroute id="pa1003191667#1" visible="true"/> <!-- dist: 1110.2 -->
            <parkingAreaReroute id="pa97206934#0" visible="false"/> <!-- dist: 1131.5 -->
        </interval>
    </rerouter>

    <rerouter id="pa206579065" edges="206579065 -206579065">
        <interval begin="0.0" end="86400">
            <!-- in order of distance --> 
            <parkingAreaReroute id="pa206579065" visible="true"/> <!-- dist: 0.0 -->
            <parkingAreaReroute id="pa206579066#0" visible="true"/> <!-- dist: 51.9 -->
            <parkingAreaReroute id="pa-54039620#2" visible="true"/> <!-- dist: 118.5 -->
            <parkingAreaReroute id="pa206579070" visible="true"/> <!-- dist: 185.5 -->
            <parkingAreaReroute id="pa54039595#0" visible="true"/> <!-- dist: 232.7 -->
            <parkingAreaReroute id="pa206579067" visible="false"/> <!-- dist: 294.6 -->
            <parkingAreaReroute id="pa81414476#0" visible="false"/> <!-- dist: 353.8 -->
            <parkingAreaReroute id="pa-339558638#6" visible="false"/> <!-- dist: 372.9 -->
            <parkingAreaReroute id="pa872231978" visible="false"/> <!-- dist: 403.6 -->
            <parkingAreaReroute id="pa53385386#0" visible="true"/> <!-- dist: 455.9 -->
            <parkingAreaReroute id="pa206579071" visible="false"/> <!-- dist: 463.4 -->
        </interval>
    </rerouter>

    <rerouter id="pa206579066#0" edges="206579066#0 52783765#0">
        <interval begin="0.0" end="86400">
            <!-- in order of distance --> 
            <parkingAreaReroute id="pa206579066#0" visible="true"/> <!-- dist: 0.0 -->
            <parkingAreaReroute id="pa-54039620#2" visible="true"/> <!-- dist: 115.5 -->
            <parkingAreaReroute id="pa206579070" visible="true"/> <!-- dist: 182.6 -->
            <parkingAreaReroute id="pa54039595#0" visible="true"/> <!-- dist: 229.8 -->
            <parkingAreaReroute id="pa206579067" visible="false"/> <!-- dist: 291.6 -->
            <parkingAreaReroute id="pa81414476#0" visible="false"/> <!-- dist: 350.8 -->
            <parkingAreaReroute id="pa-339558638#6" visible="false"/> <!-- dist: 369.9 -->
            <parkingAreaReroute id="pa872231978" visible="false"/> <!-- dist: 400.6 -->
            <parkingAreaReroute id="pa53385386#0" visible="true"/> <!-- dist: 452.9 -->
            <parkingAreaReroute id="pa206579071" visible="false"/> <!-- dist: 460.5 -->
            <parkingAreaReroute id="pa318210393#0" visible="false"/> <!-- dist: 487.6 -->
        </interval>
    </rerouter>

    <rerouter id="pa206579067" edges="206579067">
        <interval begin="0.0" end="86400">
            <!-- in order of distance --> 
            <parkingAreaReroute id="pa206579067" visible="true"/> <!-- dist: 0.0 -->
            <parkingAreaReroute id="pa81414476#0" visible="true"/> <!-- dist: 121.1 -->
            <parkingAreaReroute id="pa872231978" visible="true"/> <!-- dist: 170.8 -->
            <parkingAreaReroute id="pa53385386#0" visible="true"/> <!-- dist: 223.2 -->
            <parkingAreaReroute id="pa206579071" visible="true"/> <!-- dist: 230.7 -->
            <parkingAreaReroute id="pa318210393#0" visible="false"/> <!-- dist: 257.9 -->
            <parkingAreaReroute id="pa22917228#0" visible="false"/> <!-- dist: 287.0 -->
            <parkingAreaReroute id="pa26547179" visible="false"/> <!-- dist: 347.7 -->
            <parkingAreaReroute id="pa-54039620#2" visible="false"/> <!-- dist: 375.6 -->
            <parkingAreaReroute id="pa206579070" visible="false"/> <!-- dist: 442.6 -->
            <parkingAreaReroute id="pa54039595#0" visible="false"/> <!-- dist: 489.8 -->
        </interval>
    </rerouter>

    <rerouter id="pa206579068" edges="206579068">
        <interval begin="0.0" end="86400">
            <!-- in order of distance --> 
            <parkingAreaReroute id="pa206579068" visible="true"/> <!-- dist: 0.0 -->
            <parkingAreaReroute id="pa-54039620#2" visible="true"/> <!-- dist: 152.4 -->
            <parkingAreaReroute id="pa206579070" visible="true"/> <!-- dist: 219.5 -->
            <parkingAreaReroute id="pa54039595#0" visible="false"/> <!-- dist: 266.7 -->
            <parkingAreaReroute id="pa206579067" visible="false"/> <!-- dist: 328.5 -->
            <parkingAreaReroute id="pa81414476#0" visible="false"/> <!-- dist: 387.7 -->
            <parkingAreaReroute id="pa-339558638#6" visible="false"/> <!-- dist: 406.8 -->
            <parkingAreaReroute id="pa872231978" visible="false"/> <!-- dist: 437.5 -->
            <parkingAreaReroute id="pa53385386#0" visible="true"/> <!-- dist: 489.8 -->
            <parkingAreaReroute id="pa206579071" visible="false"/> <!-- dist: 497.4 -->
            <parkingAreaReroute id="pa318210393#0" visible="false"/> <!-- dist: 524.5 -->
        </interval>
    </rerouter>

    <rerouter id="pa206579070" edges="206579070 -206579070">
        <interval begin="0.0" end="86400">
            <!-- in order of distance --> 
            <parkingAreaReroute id="pa206579070" visible="true"/> <!-- dist: 0.0 -->
            <parkingAreaReroute id="pa-339558638#6" visible="false"/> <!-- dist: 254.4 -->
            <parkingAreaReroute id="pa-33234956#1" visible="false"/> <!-- dist: 1072.1 -->
            <parkingAreaReroute id="pa33234956#0" visible="false"/> <!-- dist: 1183.0 -->
            <parkingAreaReroute id="pa145586622#0" visible="false"/> <!-- dist: 1214.8 -->
            <parkingAreaReroute id="pa431573407#0" visible="false"/> <!-- dist: 1257.1 -->
            <parkingAreaReroute id="pa-25368898#9" visible="true"/> <!-- dist: 1288.7 -->
            <parkingAreaReroute id="pa194895343#0" visible="false"/> <!-- dist: 1320.4 -->
            <parkingAreaReroute id="pa266227880#0" visible="false"/> <!-- dist: 1446.3 -->
            <parkingAreaReroute id="pa431573406#0" visible="false"/> <!-- dist: 1542.0 -->
            <parkingAreaReroute id="pa25368898#0" visible="true"/> <!-- dist: 1616.1 -->
        </interval>
    </rerouter>

    <rerouter id="pa206579071" edges="206579071">
        <interval begin="0.0" end="86400">
            <!-- in order of distance --> 
            <parkingAreaReroute id="pa206579071" visible="true"/> <!-- dist: 0.0 -->
            <parkingAreaReroute id="pa318210393#0" visible="true"/> <!-- dist: 136.8 -->
            <parkingAreaReroute id="pa22917228#0" visible="true"/> <!-- dist: 165.9 -->
            <parkingAreaReroute id="pa26547179" visible="true"/> <!-- dist: 226.7 -->
            <parkingAreaReroute id="pa868347084" visible="false"/> <!-- dist: 434.9 -->
            <parkingAreaReroute id="pa22721677#4" visible="false"/> <!-- dist: 601.7 -->
            <parkingAreaReroute id="pa862741106" visible="false"/> <!-- dist: 631.2 -->
            <parkingAreaReroute id="pa25944425#0" visible="false"/> <!-- dist: 691.3 -->
            <parkingAreaReroute id="pa26547172#0" visible="false"/> <!-- dist: 717.8 -->
            <parkingAreaReroute id="pa22917233#0" visible="false"/> <!-- dist: 863.4 -->
            <parkingAreaReroute id="pa206579073" visible="false"/> <!-- dist: 913.6 -->
        </interval>
    </rerouter>

    <rerouter id="pa206579073" edges="206579073">
        <interval begin="0.0" end="86400">
            <!-- in order of distance --> 
            <parkingAreaReroute id="pa206579073" visible="true"/> <!-- dist: 0.0 -->
            <parkingAreaReroute id="pa81414476#0" visible="true"/> <!-- dist: 109.5 -->
            <parkingAreaReroute id="pa872231978" visible="true"/> <!-- dist: 159.3 -->
            <parkingAreaReroute id="pa53385386#0" visible="true"/> <!-- dist: 211.6 -->
            <parkingAreaReroute id="pa206579071" visible="true"/> <!-- dist: 219.2 -->
            <parkingAreaReroute id="pa318210393#0" visible="true"/> <!-- dist: 246.3 -->
            <parkingAreaReroute id="pa22917228#0" visible="false"/> <!-- dist: 275.4 -->
            <parkingAreaReroute id="pa26547179" visible="false"/> <!-- dist: 336.2 -->
            <parkingAreaReroute id="pa-54039620#2" visible="false"/> <!-- dist: 364.0 -->
            <parkingAreaReroute id="pa206579070" visible="false"/> <!-- dist: 431.1 -->
            <parkingAreaReroute id="pa54039595#0" visible="false"/> <!-- dist: 478.3 -->
        </interval>
    </rerouter>

    <rerouter id="pa216169544#0" edges="216169544#0">
        <interval begin="0.0" end="86400">
            <!-- in order of distance --> 
            <parkingAreaReroute id="pa216169544#0" visible="true"/> <!-- dist: 0.0 -->
            <parkingAreaReroute id="pa348583833#0" visible="true"/> <!-- dist: 125.8 -->
            <parkingAreaReroute id="pa145009985#0" visible="true"/> <!-- dist: 162.3 -->
            <parkingAreaReroute id="pa11279544#0" visible="false"/> <!-- dist: 284.1 -->
            <parkingAreaReroute id="pa216169546#0" visible="true"/> <!-- dist: 320.8 -->
            <parkingAreaReroute id="pa72230301#0" visible="false"/> <!-- dist: 326.8 -->
            <parkingAreaReroute id="pa204721580#0" visible="true"/> <!-- dist: 627.0 -->
            <parkingAreaReroute id="pa745656019#0" visible="false"/> <!-- dist: 707.2 -->
            <parkingAreaReroute id="pa431573403" visible="false"/> <!-- dist: 729.2 -->
            <parkingAreaReroute id="pa194895343#0" visible="false"/> <!-- dist: 738.9 -->
            <parkingAreaReroute id="pa431573404#0" visible="false"/> <!-- dist: 765.0 -->
        </interval>
    </rerouter>

    <rerouter id="pa216169546#0" edges="216169546#0">
        <interval begin="0.0" end="86400">
            <!-- in order of distance --> 
            <parkingAreaReroute id="pa216169546#0" visible="true"/> <!-- dist: 0.0 -->
            <parkingAreaReroute id="pa-170149081#1" visible="true"/> <!-- dist: 904.9 -->
            <parkingAreaReroute id="pa-145009991#3" visible="false"/> <!-- dist: 1773.1 -->
            <parkingAreaReroute id="pa216169544#0" visible="true"/> <!-- dist: 1811.0 -->
            <parkingAreaReroute id="pa348583833#0" visible="false"/> <!-- dist: 1898.9 -->
            <parkingAreaReroute id="pa145009985#0" visible="false"/> <!-- dist: 1935.5 -->
            <parkingAreaReroute id="pa11279544#0" visible="false"/> <!-- dist: 2057.2 -->
            <parkingAreaReroute id="pa72230301#0" visible="false"/> <!-- dist: 2099.9 -->
            <parkingAreaReroute id="pa204721580#0" visible="true"/> <!-- dist: 2400.2 -->
            <parkingAreaReroute id="pa745656019#0" visible="false"/> <!-- dist: 2480.3 -->
            <parkingAreaReroute id="pa431573403" visible="false"/> <!-- dist: 2502.3 -->
        </interval>
    </rerouter>

    <rerouter id="pa22721677#0" edges="22721677#0">
        <interval begin="0.0" end="86400">
            <!-- in order of distance --> 
            <parkingAreaReroute id="pa22721677#0" visible="true"/> <!-- dist: 0.0 -->
            <parkingAreaReroute id="pa22721677#4" visible="false"/> <!-- dist: 1221.2 -->
            <parkingAreaReroute id="pa862741106" visible="false"/> <!-- dist: 1250.8 -->
            <parkingAreaReroute id="pa25944425#0" visible="false"/> <!-- dist: 1310.9 -->
            <parkingAreaReroute id="pa26547172#0" visible="false"/> <!-- dist: 1337.3 -->
            <parkingAreaReroute id="pa22917233#0" visible="false"/> <!-- dist: 1482.9 -->
            <parkingAreaReroute id="pa206579073" visible="false"/> <!-- dist: 1533.2 -->
            <parkingAreaReroute id="pa81414476#0" visible="false"/> <!-- dist: 1592.4 -->
            <parkingAreaReroute id="pa872231978" visible="false"/> <!-- dist: 1642.2 -->
            <parkingAreaReroute id="pa53385386#0" visible="true"/> <!-- dist: 1694.5 -->
            <parkingAreaReroute id="pa206579071" visible="false"/> <!-- dist: 1702.1 -->
        </interval>
    </rerouter>

    <rerouter id="pa22721677#4" edges="22721677#4">
        <interval begin="0.0" end="86400">
            <!-- in order of distance --> 
            <parkingAreaReroute id="pa22721677#4" visible="true"/> <!-- dist: 0.0 -->
            <parkingAreaReroute id="pa862741106" visible="true"/> <!-- dist: 196.1 -->
            <parkingAreaReroute id="pa25944425#0" visible="false"/> <!-- dist: 256.2 -->
            <parkingAreaReroute id="pa26547172#0" visible="false"/> <!-- dist: 282.6 -->
            <parkingAreaReroute id="pa22917233#0" visible="false"/> <!-- dist: 428.2 -->
            <parkingAreaReroute id="pa206579073" visible="false"/> <!-- dist: 478.5 -->
            <parkingAreaReroute id="pa81414476#0" visible="false"/> <!-- dist: 537.7 -->
            <parkingAreaReroute id="pa872231978" visible="false"/> <!-- dist: 587.5 -->
            <parkingAreaReroute id="pa53385386#0" visible="true"/> <!-- dist: 639.8 -->
            <parkingAreaReroute id="pa206579071" visible="false"/> <!-- dist: 647.4 -->
            <parkingAreaReroute id="pa318210393#0" visible="false"/> <!-- dist: 674.5 -->
        </interval>
    </rerouter>

    <rerouter id="pa22917228#0" edges="22917228#0">
        <interval begin="0.0" end="86400">
            <!-- in order of distance --> 
            <parkingAreaReroute id="pa22917228#0" visible="true"/> <!-- dist: 0.0 -->
            <parkingAreaReroute id="pa26547179" visible="true"/> <!-- dist: 89.7 -->
            <parkingAreaReroute id="pa868347084" visible="false"/> <!-- dist: 297.9 -->
            <parkingAreaReroute id="pa22721677#4" visible="false"/> <!-- dist: 464.6 -->
            <parkingAreaReroute id="pa862741106" visible="false"/> <!-- dist: 494.2 -->
            <parkingAreaReroute id="pa25944425#0" visible="false"/> <!-- dist: 554.3 -->
            <parkingAreaReroute id="pa26547172#0" visible="false"/> <!-- dist: 580.8 -->
            <parkingAreaReroute id="pa22917233#0" visible="false"/> <!-- dist: 726.3 -->
            <parkingAreaReroute id="pa206579073" visible="false"/> <!-- dist: 776.6 -->
            <parkingAreaReroute id="pa81414476#0" visible="false"/> <!-- dist: 835.8 -->
            <parkingAreaReroute id="pa872231978" visible="false"/> <!-- dist: 885.6 -->
        </interval>
    </rerouter>

    <rerouter id="pa22917233#0" edges="22917233#0">
        <interval begin="0.0" end="86400">
            <!-- in order of distance --> 
            <parkingAreaReroute id="pa22917233#0" visible="true"/> <!-- dist: 0.0 -->
            <parkingAreaReroute id="pa206579073" visible="true"/> <!-- dist: 195.9 -->
            <parkingAreaReroute id="pa81414476#0" visible="false"/> <!-- dist: 255.1 -->
            <parkingAreaReroute id="pa872231978" visible="false"/> <!-- dist: 304.9 -->
            <parkingAreaReroute id="pa53385386#0" visible="true"/> <!-- dist: 357.2 -->
            <parkingAreaReroute id="pa206579071" visible="false"/> <!-- dist: 364.7 -->
            <parkingAreaReroute id="pa318210393#0" visible="false"/> <!-- dist: 391.9 -->
            <parkingAreaReroute id="pa22917228#0" visible="false"/> <!-- dist: 421.0 -->
            <parkingAreaReroute id="pa26547179" visible="false"/> <!-- dist: 481.8 -->
            <parkingAreaReroute id="pa-54039620#2" visible="false"/> <!-- dist: 509.6 -->
            <parkingAreaReroute id="pa206579070" visible="false"/> <!-- dist: 576.7 -->
        </interval>
    </rerouter>

    <rerouter id="pa25368898#0" edges="25368898#0">
        <interval begin="0.0" end="86400">
            <!-- in order of distance --> 
            <parkingAreaReroute id="pa25368898#0" visible="true"/> <!-- dist: 0.0 -->
            <parkingAreaReroute id="pa-33234956#1" visible="false"/> <!-- dist: 438.3 -->
            <parkingAreaReroute id="pa33234956#0" visible="false"/> <!-- dist: 549.1 -->
            <parkingAreaReroute id="pa145586622#0" visible="false"/> <!-- dist: 581.0 -->
            <parkingAreaReroute id="pa431573407#0" visible="false"/> <!-- dist: 623.2 -->
            <parkingAreaReroute id="pa-25368898#9" visible="true"/> <!-- dist: 654.8 -->
            <parkingAreaReroute id="pa194895343#0" visible="false"/> <!-- dist: 686.5 -->
            <parkingAreaReroute id="pa266227880#0" visible="false"/> <!-- dist: 812.5 -->
            <parkingAreaReroute id="pa431573406#0" visible="false"/> <!-- dist: 908.1 -->
            <parkingAreaReroute id="pa33234937#0" visible="true"/> <!-- dist: 1034.3 -->
            <parkingAreaReroute id="pa1003191667#1" visible="true"/> <!-- dist: 1094.2 -->
        </interval>
    </rerouter>

    <rerouter id="pa25368900#0" edges="25368900#0 -81535329#13">
        <interval begin="0.0" end="86400">
            <!-- in order of distance --> 
            <parkingAreaReroute id="pa25368900#0" visible="true"/> <!-- dist: 0.0 -->
            <parkingAreaReroute id="pa194895343#0" visible="false"/> <!-- dist: 1370.0 -->
            <parkingAreaReroute id="pa25368898#0" visible="true"/> <!-- dist: 1665.7 -->
            <parkingAreaReroute id="pa-33234956#1" visible="false"/> <!-- dist: 1776.6 -->
            <parkingAreaReroute id="pa33234956#0" visible="false"/> <!-- dist: 1887.4 -->
            <parkingAreaReroute id="pa145586622#0" visible="false"/> <!-- dist: 1919.3 -->
            <parkingAreaReroute id="pa194896804#0" visible="true"/> <!-- dist: 1920.6 -->
            <parkingAreaReroute id="pa431573407#0" visible="false"/> <!-- dist: 1961.5 -->
            <parkingAreaReroute id="pa541676222" visible="false"/> <!-- dist: 1982.0 -->
            <parkingAreaReroute id="pa-25368898#9" visible="true"/> <!-- dist: 1993.1 -->
            <parkingAreaReroute id="pa216169546#0" visible="false"/> <!-- dist: 2018.7 -->
        </interval>
    </rerouter>

    <rerouter id="pa25944425#0" edges="25944425#0">
        <interval begin="0.0" end="86400">
            <!-- in order of distance --> 
            <parkingAreaReroute id="pa25944425#0" visible="true"/> <!-- dist: 0.0 -->
            <parkingAreaReroute id="pa26547172#0" visible="true"/> <!-- dist: 86.6 -->
            <parkingAreaReroute id="pa22917233#0" visible="true"/> <!-- dist: 232.1 -->
            <parkingAreaReroute id="pa206579073" visible="false"/> <!-- dist: 282.4 -->
            <parkingAreaReroute id="pa81414476#0" visible="false"/> <!-- dist: 341.6 -->
            <parkingAreaReroute id="pa872231978" visible="false"/> <!-- dist: 391.4 -->
            <parkingAreaReroute id="pa53385386#0" visible="true"/> <!-- dist: 443.7 -->
            <parkingAreaReroute id="pa206579071" visible="false"/> <!-- dist: 451.3 -->
            <parkingAreaReroute id="pa318210393#0" visible="false"/> <!-- dist: 478.4 -->
            <parkingAreaReroute id="pa22917228#0" visible="false"/> <!-- dist: 507.6 -->
            <parkingAreaReroute id="pa26547179" visible="false"/> <!-- dist: 568.3 -->
        </interval>
    </rerouter>

    <rerouter id="pa26547171#0" edges="26547171#0">
        <interval begin="0.0" end="86400">
            <!-- in order of distance --> 
            <parkingAreaReroute id="pa26547171#0" visible="true"/> <!-- dist: 0.0 -->
            <parkingAreaReroute id="pa26547172#0" visible="true"/> <!-- dist: 26.5 -->
            <parkingAreaReroute id="pa22917233#0" visible="true"/> <!-- dist: 172.1 -->
            <parkingAreaReroute id="pa206579073" visible="true"/> <!-- dist: 222.3 -->
            <parkingAreaReroute id="pa81414476#0" visible="false"/> <!-- dist: 281.6 -->
            <parkingAreaReroute id="pa872231978" visible="false"/> <!-- dist: 331.3 -->
            <parkingAreaReroute id="pa53385386#0" visible="true"/> <!-- dist: 383.6 -->
            <parkingAreaReroute id="pa206579071" visible="false"/> <!-- dist: 391.2 -->
            <parkingAreaReroute id="pa318210393#0" visible="false"/> <!-- dist: 418.4 -->
            <parkingAreaReroute id="pa22917228#0" visible="false"/> <!-- dist: 447.5 -->
            <parkingAreaReroute id="pa26547179" visible="false"/> <!-- dist: 508.2 -->
        </interval>
    </rerouter>

    <rerouter id="pa26547171#2" edges="26547171#2">
        <interval begin="0.0" end="86400">
            <!-- in order of distance --> 
            <parkingAreaReroute id="pa26547171#2" visible="true"/> <!-- dist: 0.0 -->
            <parkingAreaReroute id="pa26547172#0" visible="true"/> <!-- dist: 26.3 -->
            <parkingAreaReroute id="pa22917233#0" visible="true"/> <!-- dist: 171.9 -->
            <parkingAreaReroute id="pa206579073" visible="true"/> <!-- dist: 222.1 -->
            <parkingAreaReroute id="pa81414476#0" visible="false"/> <!-- dist: 281.4 -->
            <parkingAreaReroute id="pa872231978" visible="false"/> <!-- dist: 331.1 -->
            <parkingAreaReroute id="pa53385386#0" visible="true"/> <!-- dist: 383.4 -->
            <parkingAreaReroute id="pa206579071" visible="false"/> <!-- dist: 391.0 -->
            <parkingAreaReroute id="pa318210393#0" visible="false"/> <!-- dist: 418.2 -->
            <parkingAreaReroute id="pa22917228#0" visible="false"/> <!-- dist: 447.3 -->
            <parkingAreaReroute id="pa26547179" visible="false"/> <!-- dist: 508.0 -->
        </interval>
    </rerouter>

    <rerouter id="pa26547172#0" edges="26547172#0">
        <interval begin="0.0" end="86400">
            <!-- in order of distance --> 
            <parkingAreaReroute id="pa26547172#0" visible="true"/> <!-- dist: 0.0 -->
            <parkingAreaReroute id="pa22917233#0" visible="true"/> <!-- dist: 171.7 -->
            <parkingAreaReroute id="pa206579073" visible="true"/> <!-- dist: 221.9 -->
            <parkingAreaReroute id="pa81414476#0" visible="false"/> <!-- dist: 281.1 -->
            <parkingAreaReroute id="pa872231978" visible="false"/> <!-- dist: 330.9 -->
            <parkingAreaReroute id="pa53385386#0" visible="true"/> <!-- dist: 383.2 -->
            <parkingAreaReroute id="pa206579071" visible="false"/> <!-- dist: 390.8 -->
            <parkingAreaReroute id="pa318210393#0" visible="false"/> <!-- dist: 418.0 -->
            <parkingAreaReroute id="pa22917228#0" visible="false"/> <!-- dist: 447.1 -->
            <parkingAreaReroute id="pa26547179" visible="false"/> <!-- dist: 507.8 -->
            <parkingAreaReroute id="pa-54039620#2" visible="false"/> <!-- dist: 535.7 -->
        </interval>
    </rerouter>

    <rerouter id="pa26547179" edges="26547179">
        <interval begin="0.0" end="86400">
            <!-- in order of distance --> 
            <parkingAreaReroute id="pa26547179" visible="true"/> <!-- dist: 0.0 -->
            <parkingAreaReroute id="pa868347084" visible="false"/> <!-- dist: 268.4 -->
            <parkingAreaReroute id="pa22721677#4" visible="false"/> <!-- dist: 435.1 -->
            <parkingAreaReroute id="pa862741106" visible="false"/> <!-- dist: 464.7 -->
            <parkingAreaReroute id="pa25944425#0" visible="false"/> <!-- dist: 524.8 -->
            <parkingAreaReroute id="pa26547172#0" visible="false"/> <!-- dist: 551.2 -->
            <parkingAreaReroute id="pa22917233#0" visible="false"/> <!-- dist: 696.8 -->
            <parkingAreaReroute id="pa206579073" visible="false"/> <!-- dist: 747.1 -->
            <parkingAreaReroute id="pa81414476#0" visible="false"/> <!-- dist: 806.3 -->
            <parkingAreaReroute id="pa872231978" visible="false"/> <!-- dist: 856.1 -->
            <parkingAreaReroute id="pa53385386#0" visible="true"/> <!-- dist: 908.4 -->
        </interval>
    </rerouter>

    <rerouter id="pa266227880#0" edges="266227880#0">
        <interval begin="0.0" end="86400">
            <!-- in order of distance --> 
            <parkingAreaReroute id="pa266227880#0" visible="true"/> <!-- dist: 0.0 -->
            <parkingAreaReroute id="pa33234956#0" visible="false"/> <!-- dist: 300.1 -->
            <parkingAreaReroute id="pa145586622#0" visible="false"/> <!-- dist: 332.0 -->
            <parkingAreaReroute id="pa431573407#0" visible="false"/> <!-- dist: 374.2 -->
            <parkingAreaReroute id="pa-33234956#1" visible="false"/> <!-- dist: 411.0 -->
            <parkingAreaReroute id="pa-25368898#9" visible="true"/> <!-- dist: 627.5 -->
            <parkingAreaReroute id="pa431573406#0" visible="false"/> <!-- dist: 659.1 -->
            <parkingAreaReroute id="pa194895343#0" visible="false"/> <!-- dist: 659.2 -->
            <parkingAreaReroute id="pa1003191667#1" visible="true"/> <!-- dist: 845.2 -->
            <parkingAreaReroute id="pa97206934#0" visible="false"/> <!-- dist: 866.5 -->
            <parkingAreaReroute id="pa25368898#0" visible="true"/> <!-- dist: 955.0 -->
        </interval>
    </rerouter>

    <rerouter id="pa318210393#0" edges="318210393#0">
        <interval begin="0.0" end="86400">
            <!-- in order of distance --> 
            <parkingAreaReroute id="pa318210393#0" visible="true"/> <!-- dist: 0.0 -->
            <parkingAreaReroute id="pa22917228#0" visible="true"/> <!-- dist: 56.3 -->
            <parkingAreaReroute id="pa26547179" visible="true"/> <!-- dist: 117.0 -->
            <parkingAreaReroute id="pa868347084" visible="false"/> <!-- dist: 325.2 -->
            <parkingAreaReroute id="pa22721677#4" visible="false"/> <!-- dist: 492.0 -->
            <parkingAreaReroute id="pa862741106" visible="false"/> <!-- dist: 521.6 -->
            <parkingAreaReroute id="pa25944425#0" visible="false"/> <!-- dist: 581.6 -->
            <parkingAreaReroute id="pa26547172#0" visible="false"/> <!-- dist: 608.1 -->
            <parkingAreaReroute id="pa22917233#0" visible="false"/> <!-- dist: 753.7 -->
            <parkingAreaReroute id="pa206579073" visible="false"/> <!-- dist: 804.0 -->
            <parkingAreaReroute id="pa81414476#0" visible="false"/> <!-- dist: 863.2 -->
        </interval>
    </rerouter>

    <rerouter id="pa318210393#2" edges="318210393#2">
        <interval begin="0.0" end="86400">
            <!-- in order of distance --> 
            <parkingAreaReroute id="pa318210393#2" visible="true"/> <!-- dist: 0.0 -->
            <parkingAreaReroute id="pa22917228#0" visible="true"/> <!-- dist: 29.1 -->
            <parkingAreaReroute id="pa26547179" visible="true"/> <!-- dist: 89.9 -->
            <parkingAreaReroute id="pa868347084" visible="false"/> <!-- dist: 298.1 -->
            <parkingAreaReroute id="pa22721677#4" visible="false"/> <!-- dist: 464.9 -->
            <parkingAreaReroute id="pa862741106" visible="false"/> <!-- dist: 494.4 -->
            <parkingAreaReroute id="pa25944425#0" visible="false"/> <!-- dist: 554.5 -->
            <parkingAreaReroute id="pa26547172#0" visible="false"/> <!-- dist: 581.0 -->
            <parkingAreaReroute id="pa22917233#0" visible="false"/> <!-- dist: 726.5 -->
            <parkingAreaReroute id="pa206579073" visible="false"/> <!-- dist: 776.8 -->
            <parkingAreaReroute id="pa81414476#0" visible="false"/> <!-- dist: 836.0 -->
        </interval>
    </rerouter>

    <rerouter id="pa33234937#0" edges="33234937#0 -33234937#10">
        <interval begin="0.0" end="86400">
            <!-- in order of distance --> 
            <parkingAreaReroute id="pa33234937#0" visible="true"/> <!-- dist: 0.0 -->
            <parkingAreaReroute id="pa339558638#0" visible="false"/> <!-- dist: 894.2 -->
            <parkingAreaReroute id="pa-206579070" visible="false"/> <!-- dist: 961.3 -->
            <parkingAreaReroute id="pa54039620#0" visible="false"/> <!-- dist: 1027.9 -->
            <parkingAreaReroute id="pa-54039620#2" visible="false"/> <!-- dist: 1094.4 -->
            <parkingAreaReroute id="pa206579070" visible="false"/> <!-- dist: 1161.5 -->
            <parkingAreaReroute id="pa54039595#0" visible="false"/> <!-- dist: 1208.7 -->
            <parkingAreaReroute id="pa206579067" visible="false"/> <!-- dist: 1270.5 -->
            <parkingAreaReroute id="pa81414476#0" visible="false"/> <!-- dist: 1329.7 -->
            <parkingAreaReroute id="pa-339558638#6" visible="false"/> <!-- dist: 1348.8 -->
            <parkingAreaReroute id="pa872231978" visible="false"/> <!-- dist: 1379.5 -->
        </interval>
    </rerouter>

    <rerouter id="pa33234956#0" edges="33234956#0">
        <interval begin="0.0" end="86400">
            <!-- in order of distance --> 
            <parkingAreaReroute id="pa33234956#0" visible="true"/> <!-- dist: 0.0 -->
            <parkingAreaReroute id="pa-33234956#1" visible="true"/> <!-- dist: 221.7 -->
            <parkingAreaReroute id="pa145586622#0" visible="false"/> <!-- dist: 364.4 -->
            <parkingAreaReroute id="pa431573407#0" visible="false"/> <!-- dist: 406.6 -->
            <parkingAreaReroute id="pa-25368898#9" visible="true"/> <!-- dist: 438.3 -->
            <parkingAreaReroute id="pa194895343#0" visible="false"/> <!-- dist: 470.0 -->
            <parkingAreaReroute id="pa266227880#0" visible="false"/> <!-- dist: 595.9 -->
            <parkingAreaReroute id="pa431573406#0" visible="false"/> <!-- dist: 691.6 -->
            <parkingAreaReroute id="pa25368898#0" visible="true"/> <!-- dist: 765.7 -->
            <parkingAreaReroute id="pa33234937#0" visible="true"/> <!-- dist: 817.7 -->
            <parkingAreaReroute id="pa1003191667#1" visible="true"/> <!-- dist: 877.6 -->
        </interval>
    </rerouter>

    <rerouter id="pa339558638#0" edges="339558638#0">
        <interval begin="0.0" end="86400">
            <!-- in order of distance --> 
            <parkingAreaReroute id="pa339558638#0" visible="true"/> <!-- dist: 0.0 -->
            <parkingAreaReroute id="pa-206579070" visible="false"/> <!-- dist: 254.4 -->
            <parkingAreaReroute id="pa54039620#0" visible="false"/> <!-- dist: 321.0 -->
            <parkingAreaReroute id="pa-54039620#2" visible="false"/> <!-- dist: 387.6 -->
            <parkingAreaReroute id="pa206579070" visible="false"/> <!-- dist: 454.6 -->
            <parkingAreaReroute id="pa54039595#0" visible="false"/> <!-- dist: 501.8 -->
            <parkingAreaReroute id="pa206579067" visible="false"/> <!-- dist: 563.7 -->
            <parkingAreaReroute id="pa81414476#0" visible="false"/> <!-- dist: 622.9 -->
            <parkingAreaReroute id="pa-339558638#6" visible="true"/> <!-- dist: 642.0 -->
            <parkingAreaReroute id="pa872231978" visible="false"/> <!-- dist: 672.7 -->
            <parkingAreaReroute id="pa53385386#0" visible="true"/> <!-- dist: 725.0 -->
        </interval>
    </rerouter>

    <rerouter id="pa348583831#0" edges="348583831#0">
        <interval begin="0.0" end="86400">
            <!-- in order of distance --> 
            <parkingAreaReroute id="pa348583831#0" visible="true"/> <!-- dist: 0.0 -->
            <parkingAreaReroute id="pa216169546#0" visible="true"/> <!-- dist: 104.4 -->
            <parkingAreaReroute id="pa145009985#0" visible="true"/> <!-- dist: 192.2 -->
            <parkingAreaReroute id="pa11279544#0" visible="false"/> <!-- dist: 313.9 -->
            <parkingAreaReroute id="pa72230301#0" visible="false"/> <!-- dist: 356.6 -->
            <parkingAreaReroute id="pa348583833#0" visible="false"/> <!-- dist: 401.9 -->
            <parkingAreaReroute id="pa745656019#0" visible="false"/> <!-- dist: 737.0 -->
            <parkingAreaReroute id="pa194895343#0" visible="false"/> <!-- dist: 768.7 -->
            <parkingAreaReroute id="pa204721580#0" visible="true"/> <!-- dist: 903.1 -->
            <parkingAreaReroute id="pa-170149081#1" visible="true"/> <!-- dist: 972.6 -->
            <parkingAreaReroute id="pa431573403" visible="false"/> <!-- dist: 1005.3 -->
        </interval>
    </rerouter>

    <rerouter id="pa348583833#0" edges="348583833#0">
        <interval begin="0.0" end="86400">
            <!-- in order of distance --> 
            <parkingAreaReroute id="pa348583833#0" visible="true"/> <!-- dist: 0.0 -->
            <parkingAreaReroute id="pa204721580#0" visible="true"/> <!-- dist: 589.2 -->
            <parkingAreaReroute id="pa431573403" visible="false"/> <!-- dist: 691.3 -->
            <parkingAreaReroute id="pa431573404#0" visible="false"/> <!-- dist: 727.2 -->
            <parkingAreaReroute id="pa266227880#0" visible="false"/> <!-- dist: 916.4 -->
            <parkingAreaReroute id="pa431573406#0" visible="false"/> <!-- dist: 1012.1 -->
            <parkingAreaReroute id="pa33234956#0" visible="false"/> <!-- dist: 1027.3 -->
            <parkingAreaReroute id="pa145586622#0" visible="false"/> <!-- dist: 1059.1 -->
            <parkingAreaReroute id="pa431573407#0" visible="false"/> <!-- dist: 1101.3 -->
            <parkingAreaReroute id="pa-33234956#1" visible="false"/> <!-- dist: 1138.1 -->
            <parkingAreaReroute id="pa1003191667#1" visible="true"/> <!-- dist: 1198.2 -->
        </interval>
    </rerouter>

    <rerouter id="pa407167843#0" edges="407167843#0">
        <interval begin="0.0" end="86400">
            <!-- in order of distance --> 
            <parkingAreaReroute id="pa407167843#0" visible="true"/> <!-- dist: 0.0 -->
            <parkingAreaReroute id="pa-141968830#1" visible="true"/> <!-- dist: 1859.1 -->
            <parkingAreaReroute id="pa-746625193#2" visible="false"/> <!-- dist: 1968.1 -->
            <parkingAreaReroute id="pa81414476#0" visible="false"/> <!-- dist: 2027.3 -->
            <parkingAreaReroute id="pa872231978" visible="false"/> <!-- dist: 2077.1 -->
            <parkingAreaReroute id="pa53385386#0" visible="true"/> <!-- dist: 2129.4 -->
            <parkingAreaReroute id="pa206579071" visible="false"/> <!-- dist: 2136.9 -->
            <parkingAreaReroute id="pa318210393#0" visible="false"/> <!-- dist: 2164.1 -->
            <parkingAreaReroute id="pa22917228#0" visible="false"/> <!-- dist: 2193.2 -->
            <parkingAreaReroute id="pa26547179" visible="false"/> <!-- dist: 2253.9 -->
            <parkingAreaReroute id="pa-54039620#2" visible="false"/> <!-- dist: 2281.8 -->
        </interval>
    </rerouter>

    <rerouter id="pa431573403" edges="431573403">
        <interval begin="0.0" end="86400">
            <!-- in order of distance --> 
            <parkingAreaReroute id="pa431573403" visible="true"/> <!-- dist: 0.0 -->
            <parkingAreaReroute id="pa431573404#0" visible="true"/> <!-- dist: 138.0 -->
            <parkingAreaReroute id="pa266227880#0" visible="false"/> <!-- dist: 327.2 -->
            <parkingAreaReroute id="pa431573406#0" visible="false"/> <!-- dist: 422.9 -->
            <parkingAreaReroute id="pa33234956#0" visible="false"/> <!-- dist: 438.1 -->
            <parkingAreaReroute id="pa145586622#0" visible="false"/> <!-- dist: 469.9 -->
            <parkingAreaReroute id="pa431573407#0" visible="false"/> <!-- dist: 512.1 -->
            <parkingAreaReroute id="pa-33234956#1" visible="false"/> <!-- dist: 549.0 -->
            <parkingAreaReroute id="pa1003191667#1" visible="true"/> <!-- dist: 609.0 -->
            <parkingAreaReroute id="pa97206934#0" visible="false"/> <!-- dist: 630.3 -->
            <parkingAreaReroute id="pa472236111#0" visible="false"/> <!-- dist: 760.1 -->
        </interval>
    </rerouter>

    <rerouter id="pa431573404#0" edges="431573404#0">
        <interval begin="0.0" end="86400">
            <!-- in order of distance --> 
            <parkingAreaReroute id="pa431573404#0" visible="true"/> <!-- dist: 0.0 -->
            <parkingAreaReroute id="pa266227880#0" visible="true"/> <!-- dist: 225.1 -->
            <parkingAreaReroute id="pa431573406#0" visible="false"/> <!-- dist: 320.7 -->
            <parkingAreaReroute id="pa33234956#0" visible="false"/> <!-- dist: 335.9 -->
            <parkingAreaReroute id="pa145586622#0" visible="false"/> <!-- dist: 367.8 -->
            <parkingAreaReroute id="pa431573407#0" visible="false"/> <!-- dist: 410.0 -->
            <parkingAreaReroute id="pa-33234956#1" visible="false"/> <!-- dist: 446.8 -->
            <parkingAreaReroute id="pa1003191667#1" visible="true"/> <!-- dist: 506.8 -->
            <parkingAreaReroute id="pa97206934#0" visible="false"/> <!-- dist: 528.2 -->
            <parkingAreaReroute id="pa472236111#0" visible="false"/> <!-- dist: 658.0 -->
            <parkingAreaReroute id="pa-25368898#9" visible="true"/> <!-- dist: 663.4 -->
        </interval>
    </rerouter>

    <rerouter id="pa431573405#0" edges="431573405#0">
        <interval begin="0.0" end="86400">
            <!-- in order of distance --> 
            <parkingAreaReroute id="pa431573405#0" visible="true"/> <!-- dist: 0.0 -->
            <parkingAreaReroute id="pa266227880#0" visible="true"/> <!-- dist: 242.5 -->
            <parkingAreaReroute id="pa431573406#0" visible="false"/> <!-- dist: 338.1 -->
            <parkingAreaReroute id="pa33234956#0" visible="false"/> <!-- dist: 353.3 -->
            <parkingAreaReroute id="pa145586622#0" visible="false"/> <!-- dist: 385.2 -->
            <parkingAreaReroute id="pa431573407#0" visible="false"/> <!-- dist: 427.4 -->
            <parkingAreaReroute id="pa-33234956#1" visible="false"/> <!-- dist: 464.2 -->
            <parkingAreaReroute id="pa1003191667#1" visible="true"/> <!-- dist: 524.2 -->
            <parkingAreaReroute id="pa97206934#0" visible="false"/> <!-- dist: 545.5 -->
            <parkingAreaReroute id="pa472236111#0" visible="false"/> <!-- dist: 675.4 -->
            <parkingAreaReroute id="pa-25368898#9" visible="true"/> <!-- dist: 680.7 -->
        </interval>
    </rerouter>

    <rerouter id="pa431573406#0" edges="431573406#0">
        <interval begin="0.0" end="86400">
            <!-- in order of distance --> 
            <parkingAreaReroute id="pa431573406#0" visible="true"/> <!-- dist: 0.0 -->
            <parkingAreaReroute id="pa97206934#0" visible="false"/> <!-- dist: 492.4 -->
            <parkingAreaReroute id="pa472236111#0" visible="false"/> <!-- dist: 622.2 -->
            <parkingAreaReroute id="pa663605951#0" visible="false"/> <!-- dist: 654.6 -->
            <parkingAreaReroute id="pa348583831#0" visible="false"/> <!-- dist: 722.3 -->
            <parkingAreaReroute id="pa216169546#0" visible="false"/> <!-- dist: 759.0 -->
            <parkingAreaReroute id="pa145009985#0" visible="false"/> <!-- dist: 846.8 -->
            <parkingAreaReroute id="pa11279544#0" visible="false"/> <!-- dist: 968.5 -->
            <parkingAreaReroute id="pa72230301#0" visible="false"/> <!-- dist: 1011.2 -->
            <parkingAreaReroute id="pa348583833#0" visible="false"/> <!-- dist: 1056.5 -->
            <parkingAreaReroute id="pa745656019#0" visible="false"/> <!-- dist: 1391.6 -->
        </interval>
    </rerouter>

    <rerouter id="pa431573407#0" edges="431573407#0">
        <interval begin="0.0" end="86400">
            <!-- in order of distance --> 
            <parkingAreaReroute id="pa431573407#0" visible="true"/> <!-- dist: 0.0 -->
            <parkingAreaReroute id="pa266227880#0" visible="true"/> <!-- dist: 231.5 -->
            <parkingAreaReroute id="pa431573406#0" visible="false"/> <!-- dist: 327.1 -->
            <parkingAreaReroute id="pa33234956#0" visible="false"/> <!-- dist: 342.4 -->
            <parkingAreaReroute id="pa145586622#0" visible="false"/> <!-- dist: 374.2 -->
            <parkingAreaReroute id="pa-33234956#1" visible="false"/> <!-- dist: 453.2 -->
            <parkingAreaReroute id="pa1003191667#1" visible="true"/> <!-- dist: 513.2 -->
            <parkingAreaReroute id="pa97206934#0" visible="false"/> <!-- dist: 534.6 -->
            <parkingAreaReroute id="pa472236111#0" visible="false"/> <!-- dist: 664.4 -->
            <parkingAreaReroute id="pa-25368898#9" visible="true"/> <!-- dist: 669.8 -->
            <parkingAreaReroute id="pa663605951#0" visible="false"/> <!-- dist: 696.8 -->
        </interval>
    </rerouter>

    <rerouter id="pa472236111#0" edges="472236111#0">
        <interval begin="0.0" end="86400">
            <!-- in order of distance --> 
            <parkingAreaReroute id="pa472236111#0" visible="true"/> <!-- dist: 0.0 -->
            <parkingAreaReroute id="pa663605951#0" visible="true"/> <!-- dist: 153.3 -->
            <parkingAreaReroute id="pa348583831#0" visible="true"/> <!-- dist: 221.0 -->
            <parkingAreaReroute id="pa216169546#0" visible="false"/> <!-- dist: 257.7 -->
            <parkingAreaReroute id="pa145009985#0" visible="false"/> <!-- dist: 345.5 -->
            <parkingAreaReroute id="pa11279544#0" visible="false"/> <!-- dist: 467.2 -->
            <parkingAreaReroute id="pa72230301#0" visible="false"/> <!-- dist: 509.9 -->
            <parkingAreaReroute id="pa348583833#0" visible="false"/> <!-- dist: 555.2 -->
            <parkingAreaReroute id="pa745656019#0" visible="false"/> <!-- dist: 890.3 -->
            <parkingAreaReroute id="pa194895343#0" visible="false"/> <!-- dist: 922.0 -->
            <parkingAreaReroute id="pa204721580#0" visible="true"/> <!-- dist: 1056.4 -->
        </interval>
    </rerouter>

    <rerouter id="pa52783765#0" edges="52783765#0">
        <interval begin="0.0" end="86400">
            <!-- in order of distance --> 
            <parkingAreaReroute id="pa52783765#0" visible="true"/> <!-- dist: 0.0 -->
            <parkingAreaReroute id="pa-53087792#10" visible="false"/> <!-- dist: 469.1 -->
            <parkingAreaReroute id="pa11279858#0" visible="false"/> <!-- dist: 585.4 -->
            <parkingAreaReroute id="pa11279895#0" visible="false"/> <!-- dist: 880.7 -->
            <parkingAreaReroute id="pa206579066#0" visible="true"/> <!-- dist: 932.6 -->
            <parkingAreaReroute id="pa-54039620#2" visible="false"/> <!-- dist: 999.2 -->
            <parkingAreaReroute id="pa206579070" visible="false"/> <!-- dist: 1066.2 -->
            <parkingAreaReroute id="pa54039595#0" visible="false"/> <!-- dist: 1113.4 -->
            <parkingAreaReroute id="pa206579067" visible="false"/> <!-- dist: 1175.3 -->
            <parkingAreaReroute id="pa81414476#0" visible="false"/> <!-- dist: 1234.5 -->
            <parkingAreaReroute id="pa-339558638#6" visible="false"/> <!-- dist: 1253.6 -->
        </interval>
    </rerouter>

    <rerouter id="pa53385386#0" edges="53385386#0">
        <interval begin="0.0" end="86400">
            <!-- in order of distance --> 
            <parkingAreaReroute id="pa53385386#0" visible="true"/> <!-- dist: 0.0 -->
            <parkingAreaReroute id="pa-54039620#2" visible="false"/> <!-- dist: 313.7 -->
            <parkingAreaReroute id="pa206579070" visible="false"/> <!-- dist: 380.8 -->
            <parkingAreaReroute id="pa54039595#0" visible="false"/> <!-- dist: 428.0 -->
            <parkingAreaReroute id="pa206579067" visible="false"/> <!-- dist: 489.8 -->
            <parkingAreaReroute id="pa81414476#0" visible="false"/> <!-- dist: 549.0 -->
            <parkingAreaReroute id="pa-339558638#6" visible="false"/> <!-- dist: 568.1 -->
            <parkingAreaReroute id="pa872231978" visible="false"/> <!-- dist: 598.8 -->
            <parkingAreaReroute id="pa206579071" visible="false"/> <!-- dist: 658.7 -->
            <parkingAreaReroute id="pa318210393#0" visible="false"/> <!-- dist: 685.8 -->
            <parkingAreaReroute id="pa22917228#0" visible="false"/> <!-- dist: 715.0 -->
        </interval>
    </rerouter>

    <rerouter id="pa54039595#0" edges="54039595#0">
        <interval begin="0.0" end="86400">
            <!-- in order of distance --> 
            <parkingAreaReroute id="pa54039595#0" visible="true"/> <!-- dist: 0.0 -->
            <parkingAreaReroute id="pa206579067" visible="true"/> <!-- dist: 242.7 -->
            <parkingAreaReroute id="pa81414476#0" visible="false"/> <!-- dist: 301.9 -->
            <parkingAreaReroute id="pa872231978" visible="false"/> <!-- dist: 351.7 -->
            <parkingAreaReroute id="pa53385386#0" visible="true"/> <!-- dist: 404.0 -->
            <parkingAreaReroute id="pa206579071" visible="false"/> <!-- dist: 411.5 -->
            <parkingAreaReroute id="pa318210393#0" visible="false"/> <!-- dist: 438.7 -->
            <parkingAreaReroute id="pa22917228#0" visible="false"/> <!-- dist: 467.8 -->
            <parkingAreaReroute id="pa26547179" visible="false"/> <!-- dist: 528.6 -->
            <parkingAreaReroute id="pa-54039620#2" visible="false"/> <!-- dist: 556.4 -->
            <parkingAreaReroute id="pa206579070" visible="false"/> <!-- dist: 623.5 -->
        </interval>
    </rerouter>

    <rerouter id="pa54039620#0" edges="54039620#0">
        <interval begin="0.0" end="86400">
            <!-- in order of distance --> 
            <parkingAreaReroute id="pa54039620#0" visible="true"/> <!-- dist: 0.0 -->
            <parkingAreaReroute id="pa-54039620#2" visible="true"/> <!-- dist: 133.2 -->
            <parkingAreaReroute id="pa206579070" visible="true"/> <!-- dist: 200.2 -->
            <parkingAreaReroute id="pa54039595#0" visible="true"/> <!-- dist: 247.4 -->
            <parkingAreaReroute id="pa206579067" visible="false"/> <!-- dist: 309.2 -->
            <parkingAreaReroute id="pa81414476#0" visible="false"/> <!-- dist: 368.5 -->
            <parkingAreaReroute id="pa-339558638#6" visible="false"/> <!-- dist: 387.6 -->
            <parkingAreaReroute id="pa872231978" visible="false"/> <!-- dist: 418.2 -->
            <parkingAreaReroute id="pa53385386#0" visible="true"/> <!-- dist: 470.6 -->
            <parkingAreaReroute id="pa206579071" visible="false"/> <!-- dist: 478.1 -->
            <parkingAreaReroute id="pa318210393#0" visible="false"/> <!-- dist: 505.3 -->
        </interval>
    </rerouter>

    <rerouter id="pa541676222" edges="541676222">
        <interval begin="0.0" end="86400">
            <!-- in order of distance --> 
            <parkingAreaReroute id="pa541676222" visible="true"/> <!-- dist: 0.0 -->
            <parkingAreaReroute id="pa216169546#0" visible="true"/> <!-- dist: 98.2 -->
            <parkingAreaReroute id="pa348583833#0" visible="true"/> <!-- dist: 149.4 -->
            <parkingAreaReroute id="pa145009985#0" visible="true"/> <!-- dist: 185.9 -->
            <parkingAreaReroute id="pa11279544#0" visible="false"/> <!-- dist: 307.7 -->
            <parkingAreaReroute id="pa72230301#0" visible="false"/> <!-- dist: 350.4 -->
            <parkingAreaReroute id="pa204721580#0" visible="true"/> <!-- dist: 650.6 -->
            <parkingAreaReroute id="pa431573403" visible="false"/> <!-- dist: 752.8 -->
            <parkingAreaReroute id="pa431573404#0" visible="false"/> <!-- dist: 788.6 -->
            <parkingAreaReroute id="pa-170149081#1" visible="true"/> <!-- dist: 966.4 -->
            <parkingAreaReroute id="pa745656019#0" visible="false"/> <!-- dist: 977.0 -->
        </interval>
    </rerouter>

    <rerouter id="pa663605951#0" edges="663605951#0">
        <interval begin="0.0" end="86400">
            <!-- in order of distance --> 
            <parkingAreaReroute id="pa663605951#0" visible="true"/> <!-- dist: 0.0 -->
            <parkingAreaReroute id="pa348583831#0" visible="true"/> <!-- dist: 100.1 -->
            <parkingAreaReroute id="pa216169546#0" visible="true"/> <!-- dist: 136.8 -->
            <parkingAreaReroute id="pa145009985#0" visible="true"/> <!-- dist: 224.6 -->
            <parkingAreaReroute id="pa11279544#0" visible="false"/> <!-- dist: 346.4 -->
            <parkingAreaReroute id="pa72230301#0" visible="false"/> <!-- dist: 389.0 -->
            <parkingAreaReroute id="pa348583833#0" visible="false"/> <!-- dist: 434.3 -->
            <parkingAreaReroute id="pa745656019#0" visible="false"/> <!-- dist: 769.5 -->
            <parkingAreaReroute id="pa194895343#0" visible="false"/> <!-- dist: 801.1 -->
            <parkingAreaReroute id="pa204721580#0" visible="true"/> <!-- dist: 935.6 -->
            <parkingAreaReroute id="pa-170149081#1" visible="true"/> <!-- dist: 1005.0 -->
        </interval>
    </rerouter>

    <rerouter id="pa72230301#0" edges="72230301#0 -1013117571#1">
        <interval begin="0.0" end="86400">
            <!-- in order of distance --> 
            <parkingAreaReroute id="pa72230301#0" visible="true"/> <!-- dist: 0.0 -->
            <parkingAreaReroute id="pa11279544#0" visible="false"/> <!-- dist: 450.6 -->
            <parkingAreaReroute id="pa216169546#0" visible="false"/> <!-- dist: 487.3 -->
            <parkingAreaReroute id="pa348583833#0" visible="false"/> <!-- dist: 538.6 -->
            <parkingAreaReroute id="pa204721580#0" visible="true"/> <!-- dist: 1039.8 -->
            <parkingAreaReroute id="pa745656019#0" visible="false"/> <!-- dist: 1119.9 -->
            <parkingAreaReroute id="pa431573403" visible="false"/> <!-- dist: 1141.9 -->
            <parkingAreaReroute id="pa194895343#0" visible="false"/> <!-- dist: 1151.6 -->
            <parkingAreaReroute id="pa431573404#0" visible="false"/> <!-- dist: 1177.8 -->
            <parkingAreaReroute id="pa-170149081#1" visible="true"/> <!-- dist: 1355.5 -->
            <parkingAreaReroute id="pa266227880#0" visible="false"/> <!-- dist: 1367.0 -->
        </interval>
    </rerouter>

    <rerouter id="pa745656019#0" edges="745656019#0">
        <interval begin="0.0" end="86400">
            <!-- in order of distance --> 
            <parkingAreaReroute id="pa745656019#0" visible="true"/> <!-- dist: 0.0 -->
            <parkingAreaReroute id="pa194895343#0" visible="false"/> <!-- dist: 701.0 -->
            <parkingAreaReroute id="pa25368898#0" visible="true"/> <!-- dist: 996.7 -->
            <parkingAreaReroute id="pa-33234956#1" visible="false"/> <!-- dist: 1107.6 -->
            <parkingAreaReroute id="pa33234956#0" visible="false"/> <!-- dist: 1218.4 -->
            <parkingAreaReroute id="pa145586622#0" visible="false"/> <!-- dist: 1250.3 -->
            <parkingAreaReroute id="pa194896804#0" visible="true"/> <!-- dist: 1251.6 -->
            <parkingAreaReroute id="pa431573407#0" visible="false"/> <!-- dist: 1292.5 -->
            <parkingAreaReroute id="pa541676222" visible="false"/> <!-- dist: 1313.0 -->
            <parkingAreaReroute id="pa-25368898#9" visible="true"/> <!-- dist: 1324.1 -->
            <parkingAreaReroute id="pa216169546#0" visible="false"/> <!-- dist: 1349.7 -->
        </interval>
    </rerouter>

    <rerouter id="pa81414476#0" edges="81414476#0">
        <interval begin="0.0" end="86400">
            <!-- in order of distance --> 
            <parkingAreaReroute id="pa81414476#0" visible="true"/> <!-- dist: 0.0 -->
            <parkingAreaReroute id="pa206579071" visible="true"/> <!-- dist: 168.9 -->
            <parkingAreaReroute id="pa318210393#0" visible="true"/> <!-- dist: 196.0 -->
            <parkingAreaReroute id="pa22917228#0" visible="true"/> <!-- dist: 225.1 -->
            <parkingAreaReroute id="pa26547179" visible="false"/> <!-- dist: 285.9 -->
            <parkingAreaReroute id="pa868347084" visible="false"/> <!-- dist: 494.1 -->
            <parkingAreaReroute id="pa22721677#4" visible="false"/> <!-- dist: 660.9 -->
            <parkingAreaReroute id="pa862741106" visible="false"/> <!-- dist: 690.4 -->
            <parkingAreaReroute id="pa25944425#0" visible="false"/> <!-- dist: 750.5 -->
            <parkingAreaReroute id="pa26547172#0" visible="false"/> <!-- dist: 777.0 -->
            <parkingAreaReroute id="pa22917233#0" visible="false"/> <!-- dist: 922.6 -->
        </interval>
    </rerouter>

    <rerouter id="pa862741106" edges="862741106">
        <interval begin="0.0" end="86400">
            <!-- in order of distance --> 
            <parkingAreaReroute id="pa862741106" visible="true"/> <!-- dist: 0.0 -->
            <parkingAreaReroute id="pa25944425#0" visible="true"/> <!-- dist: 89.6 -->
            <parkingAreaReroute id="pa26547172#0" visible="true"/> <!-- dist: 116.1 -->
            <parkingAreaReroute id="pa22917233#0" visible="false"/> <!-- dist: 261.7 -->
            <parkingAreaReroute id="pa206579073" visible="false"/> <!-- dist: 312.0 -->
            <parkingAreaReroute id="pa81414476#0" visible="false"/> <!-- dist: 371.2 -->
            <parkingAreaReroute id="pa872231978" visible="false"/> <!-- dist: 421.0 -->
            <parkingAreaReroute id="pa53385386#0" visible="true"/> <!-- dist: 473.3 -->
            <parkingAreaReroute id="pa206579071" visible="false"/> <!-- dist: 480.8 -->
            <parkingAreaReroute id="pa318210393#0" visible="false"/> <!-- dist: 508.0 -->
            <parkingAreaReroute id="pa22917228#0" visible="false"/> <!-- dist: 537.1 -->
        </interval>
    </rerouter>

    <rerouter id="pa862741108" edges="862741108">
        <interval begin="0.0" end="86400">
            <!-- in order of distance --> 
            <parkingAreaReroute id="pa862741108" visible="true"/> <!-- dist: 0.0 -->
            <parkingAreaReroute id="pa26547179" visible="true"/> <!-- dist: 60.8 -->
            <parkingAreaReroute id="pa868347084" visible="false"/> <!-- dist: 269.0 -->
            <parkingAreaReroute id="pa22721677#4" visible="false"/> <!-- dist: 435.7 -->
            <parkingAreaReroute id="pa862741106" visible="false"/> <!-- dist: 465.3 -->
            <parkingAreaReroute id="pa25944425#0" visible="false"/> <!-- dist: 525.4 -->
            <parkingAreaReroute id="pa26547172#0" visible="false"/> <!-- dist: 551.9 -->
            <parkingAreaReroute id="pa22917233#0" visible="false"/> <!-- dist: 697.4 -->
            <parkingAreaReroute id="pa206579073" visible="false"/> <!-- dist: 747.7 -->
            <parkingAreaReroute id="pa81414476#0" visible="false"/> <!-- dist: 806.9 -->
            <parkingAreaReroute id="pa872231978" visible="false"/> <!-- dist: 856.7 -->
        </interval>
    </rerouter>

    <rerouter id="pa868347084" edges="868347084">
        <interval begin="0.0" end="86400">
            <!-- in order of distance --> 
            <parkingAreaReroute id="pa868347084" visible="true"/> <!-- dist: 0.0 -->
            <parkingAreaReroute id="pa22721677#4" visible="false"/> <!-- dist: 375.0 -->
            <parkingAreaReroute id="pa862741106" visible="false"/> <!-- dist: 404.5 -->
            <parkingAreaReroute id="pa25944425#0" visible="false"/> <!-- dist: 464.6 -->
            <parkingAreaReroute id="pa26547172#0" visible="false"/> <!-- dist: 491.1 -->
            <parkingAreaReroute id="pa22917233#0" visible="false"/> <!-- dist: 636.7 -->
            <parkingAreaReroute id="pa206579073" visible="false"/> <!-- dist: 687.0 -->
            <parkingAreaReroute id="pa81414476#0" visible="false"/> <!-- dist: 746.2 -->
            <parkingAreaReroute id="pa872231978" visible="false"/> <!-- dist: 796.0 -->
            <parkingAreaReroute id="pa53385386#0" visible="true"/> <!-- dist: 848.3 -->
            <parkingAreaReroute id="pa206579071" visible="false"/> <!-- dist: 855.8 -->
        </interval>
    </rerouter>

    <rerouter id="pa872231978" edges="872231978">
        <interval begin="0.0" end="86400">
            <!-- in order of distance --> 
            <parkingAreaReroute id="pa872231978" visible="true"/> <!-- dist: 0.0 -->
            <parkingAreaReroute id="pa407167843#0" visible="true"/> <!-- dist: 1038.5 -->
            <parkingAreaReroute id="pa-141968830#1" visible="true"/> <!-- dist: 1968.1 -->
            <parkingAreaReroute id="pa-746625193#2" visible="true"/> <!-- dist: 2077.1 -->
            <parkingAreaReroute id="pa81414476#0" visible="false"/> <!-- dist: 2136.3 -->
            <parkingAreaReroute id="pa53385386#0" visible="true"/> <!-- dist: 2238.4 -->
            <parkingAreaReroute id="pa206579071" visible="false"/> <!-- dist: 2245.9 -->
            <parkingAreaReroute id="pa318210393#0" visible="false"/> <!-- dist: 2273.1 -->
            <parkingAreaReroute id="pa22917228#0" visible="false"/> <!-- dist: 2302.2 -->
            <parkingAreaReroute id="pa26547179" visible="false"/> <!-- dist: 2362.9 -->
            <parkingAreaReroute id="pa-54039620#2" visible="false"/> <!-- dist: 2390.8 -->
        </interval>
    </rerouter>

    <rerouter id="pa97206934#0" edges="97206934#0">
        <interval begin="0.0" end="86400">
            <!-- in order of distance --> 
            <parkingAreaReroute id="pa97206934#0" visible="true"/> <!-- dist: 0.0 -->
            <parkingAreaReroute id="pa472236111#0" visible="false"/> <!-- dist: 337.2 -->
            <parkingAreaReroute id="pa663605951#0" visible="false"/> <!-- dist: 369.7 -->
            <parkingAreaReroute id="pa348583831#0" visible="false"/> <!-- dist: 437.4 -->
            <parkingAreaReroute id="pa216169546#0" visible="false"/> <!-- dist: 474.1 -->
            <parkingAreaReroute id="pa145009985#0" visible="false"/> <!-- dist: 561.9 -->
            <parkingAreaReroute id="pa11279544#0" visible="false"/> <!-- dist: 683.6 -->
            <parkingAreaReroute id="pa72230301#0" visible="false"/> <!-- dist: 726.3 -->
            <parkingAreaReroute id="pa348583833#0" visible="false"/> <!-- dist: 771.6 -->
            <parkingAreaReroute id="pa745656019#0" visible="false"/> <!-- dist: 1106.7 -->
            <parkingAreaReroute id="pa194895343#0" visible="false"/> <!-- dist: 1138.4 -->
        </interval>
    </rerouter>

    <rerouter id="pa998166558" edges="998166558">
        <interval begin="0.0" end="86400">
            <!-- in order of distance --> 
            <parkingAreaReroute id="pa998166558" visible="true"/> <!-- dist: 0.0 -->
            <parkingAreaReroute id="pa472236111#0" visible="true"/> <!-- dist: 129.8 -->
            <parkingAreaReroute id="pa663605951#0" visible="true"/> <!-- dist: 162.2 -->
            <parkingAreaReroute id="pa348583831#0" visible="true"/> <!-- dist: 229.9 -->
            <parkingAreaReroute id="pa216169546#0" visible="false"/> <!-- dist: 266.6 -->
            <parkingAreaReroute id="pa145009985#0" visible="false"/> <!-- dist: 354.4 -->
            <parkingAreaReroute id="pa11279544#0" visible="false"/> <!-- dist: 476.2 -->
            <parkingAreaReroute id="pa72230301#0" visible="false"/> <!-- dist: 518.9 -->
            <parkingAreaReroute id="pa348583833#0" visible="false"/> <!-- dist: 564.2 -->
            <parkingAreaReroute id="pa745656019#0" visible="false"/> <!-- dist: 899.3 -->
            <parkingAreaReroute id="pa194895343#0" visible="false"/> <!-- dist: 931.0 -->
        </interval>
    </rerouter>

    <rerouter id="paE0" edges="E0">
        <interval begin="0.0" end="86400">
            <!-- in order of distance --> 
            <parkingAreaReroute id="paE0" visible="true"/> <!-- dist: 0.0 -->
            <parkingAreaReroute id="pa22721677#4" visible="true"/> <!-- dist: 166.8 -->
            <parkingAreaReroute id="pa862741106" visible="true"/> <!-- dist: 196.3 -->
            <parkingAreaReroute id="pa25944425#0" visible="false"/> <!-- dist: 256.4 -->
            <parkingAreaReroute id="pa26547172#0" visible="false"/> <!-- dist: 282.9 -->
            <parkingAreaReroute id="pa22917233#0" visible="false"/> <!-- dist: 428.4 -->
            <parkingAreaReroute id="pa206579073" visible="false"/> <!-- dist: 478.7 -->
            <parkingAreaReroute id="pa81414476#0" visible="false"/> <!-- dist: 537.9 -->
            <parkingAreaReroute id="pa872231978" visible="false"/> <!-- dist: 587.7 -->
            <parkingAreaReroute id="pa53385386#0" visible="true"/> <!-- dist: 640.0 -->
            <parkingAreaReroute id="pa206579071" visible="false"/> <!-- dist: 647.6 -->
        </interval>
    </rerouter>
</additional>
