<?xml version="1.0" encoding="UTF-8"?>

<!-- generated on 2025-04-30 11:58:51.973671 by edgeDataFromFlow.py v1_22_0+1822-8d436467e00
  options: -d det.add.xml -f mq_hr_2024_05_13.csv -q q_pkw_mq_hr,q_lkw_mq_hr <doubleminus>time-column stunde <doubleminus>id-column mq_name <doubleminus>time-scale 3600 -o countdata.xml -i 1
-->

<data>
    <interval id="flowdata" begin="0" end="3600">
        <edge id="-1234926667" q_lkw_mq_hr="16.0" q_pkw_mq_hr="79.0" groups="1"/>
        <edge id="-37077531" q_lkw_mq_hr="0" q_pkw_mq_hr="0" groups="1"/>
        <edge id="-993314008" q_lkw_mq_hr="0" q_pkw_mq_hr="0" groups="1"/>
        <edge id="110335777#0" q_lkw_mq_hr="9.0" q_pkw_mq_hr="76.0" groups="1"/>
        <edge id="1116425695#0" q_lkw_mq_hr="5.0" q_pkw_mq_hr="79.0" groups="1"/>
        <edge id="1137206641#0" q_lkw_mq_hr="0" q_pkw_mq_hr="0" groups="1"/>
        <edge id="1234926667" q_lkw_mq_hr="4.0" q_pkw_mq_hr="32.0" groups="1"/>
        <edge id="12620748" q_lkw_mq_hr="0" q_pkw_mq_hr="0" groups="1"/>
        <edge id="153021545#1" q_lkw_mq_hr="0" q_pkw_mq_hr="0" groups="1"/>
        <edge id="157708188" q_lkw_mq_hr="0" q_pkw_mq_hr="0" groups="1"/>
        <edge id="19875856" q_lkw_mq_hr="0" q_pkw_mq_hr="0" groups="1"/>
        <edge id="19875859" q_lkw_mq_hr="0" q_pkw_mq_hr="0" groups="1"/>
        <edge id="22917233" q_lkw_mq_hr="4.0" q_pkw_mq_hr="69.0" groups="1"/>
        <edge id="25538902#0" q_lkw_mq_hr="0" q_pkw_mq_hr="0" groups="1"/>
        <edge id="26708088" q_lkw_mq_hr="0" q_pkw_mq_hr="0" groups="1"/>
        <edge id="270282145#2" q_lkw_mq_hr="0" q_pkw_mq_hr="0" groups="1"/>
        <edge id="461514282" q_lkw_mq_hr="0" q_pkw_mq_hr="0" groups="1"/>
    </interval>
    <interval id="flowdata" begin="3600" end="7200">
        <edge id="-1234926667" q_lkw_mq_hr="3.0" q_pkw_mq_hr="31.0" groups="1"/>
        <edge id="-37077531" q_lkw_mq_hr="0" q_pkw_mq_hr="0" groups="1"/>
        <edge id="-993314008" q_lkw_mq_hr="0" q_pkw_mq_hr="0" groups="1"/>
        <edge id="110335777#0" q_lkw_mq_hr="8.0" q_pkw_mq_hr="63.0" groups="1"/>
        <edge id="1116425695#0" q_lkw_mq_hr="4.0" q_pkw_mq_hr="59.0" groups="1"/>
        <edge id="1137206641#0" q_lkw_mq_hr="0" q_pkw_mq_hr="0" groups="1"/>
        <edge id="1234926667" q_lkw_mq_hr="1.0" q_pkw_mq_hr="23.0" groups="1"/>
        <edge id="12620748" q_lkw_mq_hr="0" q_pkw_mq_hr="0" groups="1"/>
        <edge id="153021545#1" q_lkw_mq_hr="0" q_pkw_mq_hr="0" groups="1"/>
        <edge id="157708188" q_lkw_mq_hr="10.0" q_pkw_mq_hr="54.0" groups="1"/>
        <edge id="19875856" q_lkw_mq_hr="0" q_pkw_mq_hr="0" groups="1"/>
        <edge id="19875859" q_lkw_mq_hr="0" q_pkw_mq_hr="0" groups="1"/>
        <edge id="22917233" q_lkw_mq_hr="3.0" q_pkw_mq_hr="35.0" groups="1"/>
        <edge id="25538902#0" q_lkw_mq_hr="0" q_pkw_mq_hr="0" groups="1"/>
        <edge id="26708088" q_lkw_mq_hr="0" q_pkw_mq_hr="0" groups="1"/>
        <edge id="270282145#2" q_lkw_mq_hr="0" q_pkw_mq_hr="0" groups="1"/>
        <edge id="461514282" q_lkw_mq_hr="0" q_pkw_mq_hr="0" groups="1"/>
    </interval>
    <interval id="flowdata" begin="7200" end="10800">
        <edge id="-1234926667" q_lkw_mq_hr="3.0" q_pkw_mq_hr="24.0" groups="1"/>
        <edge id="-37077531" q_lkw_mq_hr="0" q_pkw_mq_hr="0" groups="1"/>
        <edge id="-993314008" q_lkw_mq_hr="0" q_pkw_mq_hr="0" groups="1"/>
        <edge id="110335777#0" q_lkw_mq_hr="8.0" q_pkw_mq_hr="62.0" groups="1"/>
        <edge id="1116425695#0" q_lkw_mq_hr="5.0" q_pkw_mq_hr="35.0" groups="1"/>
        <edge id="1137206641#0" q_lkw_mq_hr="0" q_pkw_mq_hr="0" groups="1"/>
        <edge id="1234926667" q_lkw_mq_hr="0" q_pkw_mq_hr="0" groups="1"/>
        <edge id="12620748" q_lkw_mq_hr="0" q_pkw_mq_hr="0" groups="1"/>
        <edge id="153021545#1" q_lkw_mq_hr="0" q_pkw_mq_hr="0" groups="1"/>
        <edge id="157708188" q_lkw_mq_hr="1.0" q_pkw_mq_hr="49.0" groups="1"/>
        <edge id="19875856" q_lkw_mq_hr="0" q_pkw_mq_hr="0" groups="1"/>
        <edge id="19875859" q_lkw_mq_hr="0" q_pkw_mq_hr="0" groups="1"/>
        <edge id="22917233" q_lkw_mq_hr="3.0" q_pkw_mq_hr="28.0" groups="1"/>
        <edge id="25538902#0" q_lkw_mq_hr="0" q_pkw_mq_hr="0" groups="1"/>
        <edge id="26708088" q_lkw_mq_hr="0" q_pkw_mq_hr="0" groups="1"/>
        <edge id="270282145#2" q_lkw_mq_hr="0" q_pkw_mq_hr="0" groups="1"/>
        <edge id="461514282" q_lkw_mq_hr="0" q_pkw_mq_hr="0" groups="1"/>
    </interval>
    <interval id="flowdata" begin="10800" end="14400">
        <edge id="-1234926667" q_lkw_mq_hr="2.0" q_pkw_mq_hr="13.0" groups="1"/>
        <edge id="-37077531" q_lkw_mq_hr="0" q_pkw_mq_hr="0" groups="1"/>
        <edge id="-993314008" q_lkw_mq_hr="0" q_pkw_mq_hr="0" groups="1"/>
        <edge id="110335777#0" q_lkw_mq_hr="16.0" q_pkw_mq_hr="88.0" groups="1"/>
        <edge id="1116425695#0" q_lkw_mq_hr="1.0" q_pkw_mq_hr="60.0" groups="1"/>
        <edge id="1137206641#0" q_lkw_mq_hr="0" q_pkw_mq_hr="0" groups="1"/>
        <edge id="1234926667" q_lkw_mq_hr="23.0" q_pkw_mq_hr="110.0" groups="1"/>
        <edge id="12620748" q_lkw_mq_hr="0" q_pkw_mq_hr="0" groups="1"/>
        <edge id="153021545#1" q_lkw_mq_hr="0" q_pkw_mq_hr="0" groups="1"/>
        <edge id="157708188" q_lkw_mq_hr="10.0" q_pkw_mq_hr="79.0" groups="1"/>
        <edge id="19875856" q_lkw_mq_hr="0" q_pkw_mq_hr="0" groups="1"/>
        <edge id="19875859" q_lkw_mq_hr="0" q_pkw_mq_hr="0" groups="1"/>
        <edge id="22917233" q_lkw_mq_hr="4.0" q_pkw_mq_hr="29.0" groups="1"/>
        <edge id="25538902#0" q_lkw_mq_hr="0" q_pkw_mq_hr="0" groups="1"/>
        <edge id="26708088" q_lkw_mq_hr="0" q_pkw_mq_hr="0" groups="1"/>
        <edge id="270282145#2" q_lkw_mq_hr="0" q_pkw_mq_hr="0" groups="1"/>
        <edge id="461514282" q_lkw_mq_hr="0" q_pkw_mq_hr="0" groups="1"/>
    </interval>
    <interval id="flowdata" begin="14400" end="18000">
        <edge id="-1234926667" q_lkw_mq_hr="8.0" q_pkw_mq_hr="37.0" groups="1"/>
        <edge id="-37077531" q_lkw_mq_hr="0" q_pkw_mq_hr="0" groups="1"/>
        <edge id="-993314008" q_lkw_mq_hr="0" q_pkw_mq_hr="0" groups="1"/>
        <edge id="110335777#0" q_lkw_mq_hr="37.0" q_pkw_mq_hr="216.0" groups="1"/>
        <edge id="1116425695#0" q_lkw_mq_hr="8.0" q_pkw_mq_hr="160.0" groups="1"/>
        <edge id="1137206641#0" q_lkw_mq_hr="0" q_pkw_mq_hr="0" groups="1"/>
        <edge id="1234926667" q_lkw_mq_hr="16.0" q_pkw_mq_hr="199.0" groups="1"/>
        <edge id="12620748" q_lkw_mq_hr="0" q_pkw_mq_hr="0" groups="1"/>
        <edge id="153021545#1" q_lkw_mq_hr="0" q_pkw_mq_hr="0" groups="1"/>
        <edge id="157708188" q_lkw_mq_hr="18.0" q_pkw_mq_hr="172.0" groups="1"/>
        <edge id="19875856" q_lkw_mq_hr="0" q_pkw_mq_hr="0" groups="1"/>
        <edge id="19875859" q_lkw_mq_hr="0" q_pkw_mq_hr="0" groups="1"/>
        <edge id="22917233" q_lkw_mq_hr="6.0" q_pkw_mq_hr="92.0" groups="1"/>
        <edge id="25538902#0" q_lkw_mq_hr="0" q_pkw_mq_hr="0" groups="1"/>
        <edge id="26708088" q_lkw_mq_hr="0" q_pkw_mq_hr="0" groups="1"/>
        <edge id="270282145#2" q_lkw_mq_hr="0" q_pkw_mq_hr="0" groups="1"/>
        <edge id="461514282" q_lkw_mq_hr="0" q_pkw_mq_hr="0" groups="1"/>
    </interval>
    <interval id="flowdata" begin="18000" end="21600">
        <edge id="-1234926667" q_lkw_mq_hr="25.0" q_pkw_mq_hr="37.0" groups="1"/>
        <edge id="-37077531" q_lkw_mq_hr="0" q_pkw_mq_hr="0" groups="1"/>
        <edge id="-993314008" q_lkw_mq_hr="0" q_pkw_mq_hr="0" groups="1"/>
        <edge id="110335777#0" q_lkw_mq_hr="84.0" q_pkw_mq_hr="550.0" groups="1"/>
        <edge id="1116425695#0" q_lkw_mq_hr="21.0" q_pkw_mq_hr="555.0" groups="1"/>
        <edge id="1137206641#0" q_lkw_mq_hr="0" q_pkw_mq_hr="0" groups="1"/>
        <edge id="1234926667" q_lkw_mq_hr="24.0" q_pkw_mq_hr="155.0" groups="1"/>
        <edge id="12620748" q_lkw_mq_hr="0" q_pkw_mq_hr="0" groups="1"/>
        <edge id="153021545#1" q_lkw_mq_hr="0" q_pkw_mq_hr="0" groups="1"/>
        <edge id="157708188" q_lkw_mq_hr="72.0" q_pkw_mq_hr="489.0" groups="1"/>
        <edge id="19875856" q_lkw_mq_hr="0" q_pkw_mq_hr="0" groups="1"/>
        <edge id="19875859" q_lkw_mq_hr="0" q_pkw_mq_hr="0" groups="1"/>
        <edge id="22917233" q_lkw_mq_hr="17.0" q_pkw_mq_hr="291.0" groups="1"/>
        <edge id="25538902#0" q_lkw_mq_hr="0" q_pkw_mq_hr="0" groups="1"/>
        <edge id="26708088" q_lkw_mq_hr="0" q_pkw_mq_hr="0" groups="1"/>
        <edge id="270282145#2" q_lkw_mq_hr="0" q_pkw_mq_hr="0" groups="1"/>
        <edge id="461514282" q_lkw_mq_hr="0" q_pkw_mq_hr="0" groups="1"/>
    </interval>
    <interval id="flowdata" begin="21600" end="25200">
        <edge id="-1234926667" q_lkw_mq_hr="31.0" q_pkw_mq_hr="97.0" groups="1"/>
        <edge id="-37077531" q_lkw_mq_hr="0" q_pkw_mq_hr="0" groups="1"/>
        <edge id="-993314008" q_lkw_mq_hr="0" q_pkw_mq_hr="0" groups="1"/>
        <edge id="110335777#0" q_lkw_mq_hr="89.0" q_pkw_mq_hr="782.0" groups="1"/>
        <edge id="1116425695#0" q_lkw_mq_hr="47.0" q_pkw_mq_hr="707.0" groups="1"/>
        <edge id="1137206641#0" q_lkw_mq_hr="0" q_pkw_mq_hr="0" groups="1"/>
        <edge id="1234926667" q_lkw_mq_hr="32.0" q_pkw_mq_hr="226.0" groups="1"/>
        <edge id="12620748" q_lkw_mq_hr="0" q_pkw_mq_hr="0" groups="1"/>
        <edge id="153021545#1" q_lkw_mq_hr="0" q_pkw_mq_hr="0" groups="1"/>
        <edge id="157708188" q_lkw_mq_hr="126.0" q_pkw_mq_hr="644.0" groups="1"/>
        <edge id="19875856" q_lkw_mq_hr="0" q_pkw_mq_hr="0" groups="1"/>
        <edge id="19875859" q_lkw_mq_hr="0" q_pkw_mq_hr="0" groups="1"/>
        <edge id="22917233" q_lkw_mq_hr="52.0" q_pkw_mq_hr="680.0" groups="1"/>
        <edge id="25538902#0" q_lkw_mq_hr="0" q_pkw_mq_hr="0" groups="1"/>
        <edge id="26708088" q_lkw_mq_hr="0" q_pkw_mq_hr="0" groups="1"/>
        <edge id="270282145#2" q_lkw_mq_hr="0" q_pkw_mq_hr="0" groups="1"/>
        <edge id="461514282" q_lkw_mq_hr="0" q_pkw_mq_hr="0" groups="1"/>
    </interval>
    <interval id="flowdata" begin="25200" end="28800">
        <edge id="-1234926667" q_lkw_mq_hr="24.0" q_pkw_mq_hr="93.0" groups="1"/>
        <edge id="-37077531" q_lkw_mq_hr="0" q_pkw_mq_hr="0" groups="1"/>
        <edge id="-993314008" q_lkw_mq_hr="0" q_pkw_mq_hr="0" groups="1"/>
        <edge id="110335777#0" q_lkw_mq_hr="72.0" q_pkw_mq_hr="804.0" groups="1"/>
        <edge id="1116425695#0" q_lkw_mq_hr="41.0" q_pkw_mq_hr="804.0" groups="1"/>
        <edge id="1137206641#0" q_lkw_mq_hr="0" q_pkw_mq_hr="0" groups="1"/>
        <edge id="1234926667" q_lkw_mq_hr="26.0" q_pkw_mq_hr="220.0" groups="1"/>
        <edge id="12620748" q_lkw_mq_hr="0" q_pkw_mq_hr="0" groups="1"/>
        <edge id="153021545#1" q_lkw_mq_hr="0" q_pkw_mq_hr="0" groups="1"/>
        <edge id="157708188" q_lkw_mq_hr="94.0" q_pkw_mq_hr="671.0" groups="1"/>
        <edge id="19875856" q_lkw_mq_hr="0" q_pkw_mq_hr="0" groups="1"/>
        <edge id="19875859" q_lkw_mq_hr="0" q_pkw_mq_hr="0" groups="1"/>
        <edge id="22917233" q_lkw_mq_hr="53.0" q_pkw_mq_hr="945.0" groups="1"/>
        <edge id="25538902#0" q_lkw_mq_hr="0" q_pkw_mq_hr="0" groups="1"/>
        <edge id="26708088" q_lkw_mq_hr="0" q_pkw_mq_hr="0" groups="1"/>
        <edge id="270282145#2" q_lkw_mq_hr="0" q_pkw_mq_hr="0" groups="1"/>
        <edge id="461514282" q_lkw_mq_hr="0" q_pkw_mq_hr="0" groups="1"/>
    </interval>
    <interval id="flowdata" begin="28800" end="32400">
        <edge id="-1234926667" q_lkw_mq_hr="79.0" q_pkw_mq_hr="206.0" groups="1"/>
        <edge id="-37077531" q_lkw_mq_hr="0" q_pkw_mq_hr="0" groups="1"/>
        <edge id="-993314008" q_lkw_mq_hr="0" q_pkw_mq_hr="0" groups="1"/>
        <edge id="110335777#0" q_lkw_mq_hr="67.0" q_pkw_mq_hr="721.0" groups="1"/>
        <edge id="1116425695#0" q_lkw_mq_hr="52.0" q_pkw_mq_hr="857.0" groups="1"/>
        <edge id="1137206641#0" q_lkw_mq_hr="0" q_pkw_mq_hr="0" groups="1"/>
        <edge id="1234926667" q_lkw_mq_hr="18.0" q_pkw_mq_hr="154.0" groups="1"/>
        <edge id="12620748" q_lkw_mq_hr="0" q_pkw_mq_hr="0" groups="1"/>
        <edge id="153021545#1" q_lkw_mq_hr="0" q_pkw_mq_hr="0" groups="1"/>
        <edge id="157708188" q_lkw_mq_hr="110.0" q_pkw_mq_hr="668.0" groups="1"/>
        <edge id="19875856" q_lkw_mq_hr="0" q_pkw_mq_hr="0" groups="1"/>
        <edge id="19875859" q_lkw_mq_hr="0" q_pkw_mq_hr="0" groups="1"/>
        <edge id="22917233" q_lkw_mq_hr="63.0" q_pkw_mq_hr="900.0" groups="1"/>
        <edge id="25538902#0" q_lkw_mq_hr="0" q_pkw_mq_hr="0" groups="1"/>
        <edge id="26708088" q_lkw_mq_hr="0" q_pkw_mq_hr="0" groups="1"/>
        <edge id="270282145#2" q_lkw_mq_hr="0" q_pkw_mq_hr="0" groups="1"/>
        <edge id="461514282" q_lkw_mq_hr="0" q_pkw_mq_hr="0" groups="1"/>
    </interval>
    <interval id="flowdata" begin="32400" end="36000">
        <edge id="-1234926667" q_lkw_mq_hr="44.0" q_pkw_mq_hr="274.0" groups="1"/>
        <edge id="-37077531" q_lkw_mq_hr="0" q_pkw_mq_hr="0" groups="1"/>
        <edge id="-993314008" q_lkw_mq_hr="0" q_pkw_mq_hr="0" groups="1"/>
        <edge id="110335777#0" q_lkw_mq_hr="80.0" q_pkw_mq_hr="702.0" groups="1"/>
        <edge id="1116425695#0" q_lkw_mq_hr="62.0" q_pkw_mq_hr="904.0" groups="1"/>
        <edge id="1137206641#0" q_lkw_mq_hr="0" q_pkw_mq_hr="0" groups="1"/>
        <edge id="1234926667" q_lkw_mq_hr="23.0" q_pkw_mq_hr="121.0" groups="1"/>
        <edge id="12620748" q_lkw_mq_hr="0" q_pkw_mq_hr="0" groups="1"/>
        <edge id="153021545#1" q_lkw_mq_hr="0" q_pkw_mq_hr="0" groups="1"/>
        <edge id="157708188" q_lkw_mq_hr="119.0" q_pkw_mq_hr="649.0" groups="1"/>
        <edge id="19875856" q_lkw_mq_hr="0" q_pkw_mq_hr="0" groups="1"/>
        <edge id="19875859" q_lkw_mq_hr="0" q_pkw_mq_hr="0" groups="1"/>
        <edge id="22917233" q_lkw_mq_hr="50.0" q_pkw_mq_hr="649.0" groups="1"/>
        <edge id="25538902#0" q_lkw_mq_hr="0" q_pkw_mq_hr="0" groups="1"/>
        <edge id="26708088" q_lkw_mq_hr="0" q_pkw_mq_hr="0" groups="1"/>
        <edge id="270282145#2" q_lkw_mq_hr="0" q_pkw_mq_hr="0" groups="1"/>
        <edge id="461514282" q_lkw_mq_hr="0" q_pkw_mq_hr="0" groups="1"/>
    </interval>
    <interval id="flowdata" begin="36000" end="39600">
        <edge id="-1234926667" q_lkw_mq_hr="36.0" q_pkw_mq_hr="246.0" groups="1"/>
        <edge id="-37077531" q_lkw_mq_hr="0" q_pkw_mq_hr="0" groups="1"/>
        <edge id="-993314008" q_lkw_mq_hr="0" q_pkw_mq_hr="0" groups="1"/>
        <edge id="110335777#0" q_lkw_mq_hr="68.0" q_pkw_mq_hr="732.0" groups="1"/>
        <edge id="1116425695#0" q_lkw_mq_hr="0" q_pkw_mq_hr="0" groups="1"/>
        <edge id="1137206641#0" q_lkw_mq_hr="0" q_pkw_mq_hr="0" groups="1"/>
        <edge id="1234926667" q_lkw_mq_hr="24.0" q_pkw_mq_hr="155.0" groups="1"/>
        <edge id="12620748" q_lkw_mq_hr="0" q_pkw_mq_hr="0" groups="1"/>
        <edge id="153021545#1" q_lkw_mq_hr="0" q_pkw_mq_hr="0" groups="1"/>
        <edge id="157708188" q_lkw_mq_hr="104.0" q_pkw_mq_hr="584.0" groups="1"/>
        <edge id="19875856" q_lkw_mq_hr="0" q_pkw_mq_hr="0" groups="1"/>
        <edge id="19875859" q_lkw_mq_hr="0" q_pkw_mq_hr="0" groups="1"/>
        <edge id="22917233" q_lkw_mq_hr="46.0" q_pkw_mq_hr="579.0" groups="1"/>
        <edge id="25538902#0" q_lkw_mq_hr="0" q_pkw_mq_hr="0" groups="1"/>
        <edge id="26708088" q_lkw_mq_hr="0" q_pkw_mq_hr="0" groups="1"/>
        <edge id="270282145#2" q_lkw_mq_hr="0" q_pkw_mq_hr="0" groups="1"/>
        <edge id="461514282" q_lkw_mq_hr="0" q_pkw_mq_hr="0" groups="1"/>
    </interval>
    <interval id="flowdata" begin="39600" end="43200">
        <edge id="-1234926667" q_lkw_mq_hr="0" q_pkw_mq_hr="0" groups="1"/>
        <edge id="-37077531" q_lkw_mq_hr="0" q_pkw_mq_hr="0" groups="1"/>
        <edge id="-993314008" q_lkw_mq_hr="0" q_pkw_mq_hr="0" groups="1"/>
        <edge id="110335777#0" q_lkw_mq_hr="69.0" q_pkw_mq_hr="718.0" groups="1"/>
        <edge id="1116425695#0" q_lkw_mq_hr="0" q_pkw_mq_hr="0" groups="1"/>
        <edge id="1137206641#0" q_lkw_mq_hr="0" q_pkw_mq_hr="0" groups="1"/>
        <edge id="1234926667" q_lkw_mq_hr="25.0" q_pkw_mq_hr="92.0" groups="1"/>
        <edge id="12620748" q_lkw_mq_hr="0" q_pkw_mq_hr="0" groups="1"/>
        <edge id="153021545#1" q_lkw_mq_hr="0" q_pkw_mq_hr="0" groups="1"/>
        <edge id="157708188" q_lkw_mq_hr="0" q_pkw_mq_hr="0" groups="1"/>
        <edge id="19875856" q_lkw_mq_hr="0" q_pkw_mq_hr="0" groups="1"/>
        <edge id="19875859" q_lkw_mq_hr="0" q_pkw_mq_hr="0" groups="1"/>
        <edge id="22917233" q_lkw_mq_hr="65.0" q_pkw_mq_hr="529.0" groups="1"/>
        <edge id="25538902#0" q_lkw_mq_hr="0" q_pkw_mq_hr="0" groups="1"/>
        <edge id="26708088" q_lkw_mq_hr="0" q_pkw_mq_hr="0" groups="1"/>
        <edge id="270282145#2" q_lkw_mq_hr="0" q_pkw_mq_hr="0" groups="1"/>
        <edge id="461514282" q_lkw_mq_hr="0" q_pkw_mq_hr="0" groups="1"/>
    </interval>
    <interval id="flowdata" begin="43200" end="46800">
        <edge id="-1234926667" q_lkw_mq_hr="0" q_pkw_mq_hr="0" groups="1"/>
        <edge id="-37077531" q_lkw_mq_hr="0" q_pkw_mq_hr="0" groups="1"/>
        <edge id="-993314008" q_lkw_mq_hr="0" q_pkw_mq_hr="0" groups="1"/>
        <edge id="110335777#0" q_lkw_mq_hr="72.0" q_pkw_mq_hr="700.0" groups="1"/>
        <edge id="1116425695#0" q_lkw_mq_hr="0" q_pkw_mq_hr="0" groups="1"/>
        <edge id="1137206641#0" q_lkw_mq_hr="0" q_pkw_mq_hr="0" groups="1"/>
        <edge id="1234926667" q_lkw_mq_hr="22.0" q_pkw_mq_hr="55.0" groups="1"/>
        <edge id="12620748" q_lkw_mq_hr="0" q_pkw_mq_hr="0" groups="1"/>
        <edge id="153021545#1" q_lkw_mq_hr="0" q_pkw_mq_hr="0" groups="1"/>
        <edge id="157708188" q_lkw_mq_hr="0" q_pkw_mq_hr="0" groups="1"/>
        <edge id="19875856" q_lkw_mq_hr="0" q_pkw_mq_hr="0" groups="1"/>
        <edge id="19875859" q_lkw_mq_hr="0" q_pkw_mq_hr="0" groups="1"/>
        <edge id="22917233" q_lkw_mq_hr="37.0" q_pkw_mq_hr="548.0" groups="1"/>
        <edge id="25538902#0" q_lkw_mq_hr="0" q_pkw_mq_hr="0" groups="1"/>
        <edge id="26708088" q_lkw_mq_hr="0" q_pkw_mq_hr="0" groups="1"/>
        <edge id="270282145#2" q_lkw_mq_hr="0" q_pkw_mq_hr="0" groups="1"/>
        <edge id="461514282" q_lkw_mq_hr="0" q_pkw_mq_hr="0" groups="1"/>
    </interval>
    <interval id="flowdata" begin="46800" end="50400">
        <edge id="-1234926667" q_lkw_mq_hr="0" q_pkw_mq_hr="0" groups="1"/>
        <edge id="-37077531" q_lkw_mq_hr="0" q_pkw_mq_hr="0" groups="1"/>
        <edge id="-993314008" q_lkw_mq_hr="0" q_pkw_mq_hr="0" groups="1"/>
        <edge id="110335777#0" q_lkw_mq_hr="89.0" q_pkw_mq_hr="764.0" groups="1"/>
        <edge id="1116425695#0" q_lkw_mq_hr="0" q_pkw_mq_hr="0" groups="1"/>
        <edge id="1137206641#0" q_lkw_mq_hr="0" q_pkw_mq_hr="0" groups="1"/>
        <edge id="1234926667" q_lkw_mq_hr="12.0" q_pkw_mq_hr="37.0" groups="1"/>
        <edge id="12620748" q_lkw_mq_hr="0" q_pkw_mq_hr="0" groups="1"/>
        <edge id="153021545#1" q_lkw_mq_hr="0" q_pkw_mq_hr="0" groups="1"/>
        <edge id="157708188" q_lkw_mq_hr="0" q_pkw_mq_hr="0" groups="1"/>
        <edge id="19875856" q_lkw_mq_hr="0" q_pkw_mq_hr="0" groups="1"/>
        <edge id="19875859" q_lkw_mq_hr="0" q_pkw_mq_hr="0" groups="1"/>
        <edge id="22917233" q_lkw_mq_hr="52.0" q_pkw_mq_hr="577.0" groups="1"/>
        <edge id="25538902#0" q_lkw_mq_hr="0" q_pkw_mq_hr="0" groups="1"/>
        <edge id="26708088" q_lkw_mq_hr="0" q_pkw_mq_hr="0" groups="1"/>
        <edge id="270282145#2" q_lkw_mq_hr="0" q_pkw_mq_hr="0" groups="1"/>
        <edge id="461514282" q_lkw_mq_hr="0" q_pkw_mq_hr="0" groups="1"/>
    </interval>
    <interval id="flowdata" begin="50400" end="54000">
        <edge id="-1234926667" q_lkw_mq_hr="0" q_pkw_mq_hr="0" groups="1"/>
        <edge id="-37077531" q_lkw_mq_hr="0" q_pkw_mq_hr="0" groups="1"/>
        <edge id="-993314008" q_lkw_mq_hr="0" q_pkw_mq_hr="0" groups="1"/>
        <edge id="110335777#0" q_lkw_mq_hr="75.0" q_pkw_mq_hr="808.0" groups="1"/>
        <edge id="1116425695#0" q_lkw_mq_hr="0" q_pkw_mq_hr="0" groups="1"/>
        <edge id="1137206641#0" q_lkw_mq_hr="0" q_pkw_mq_hr="0" groups="1"/>
        <edge id="1234926667" q_lkw_mq_hr="2.0" q_pkw_mq_hr="20.0" groups="1"/>
        <edge id="12620748" q_lkw_mq_hr="0" q_pkw_mq_hr="0" groups="1"/>
        <edge id="153021545#1" q_lkw_mq_hr="0" q_pkw_mq_hr="0" groups="1"/>
        <edge id="157708188" q_lkw_mq_hr="0" q_pkw_mq_hr="0" groups="1"/>
        <edge id="19875856" q_lkw_mq_hr="0" q_pkw_mq_hr="0" groups="1"/>
        <edge id="19875859" q_lkw_mq_hr="0" q_pkw_mq_hr="0" groups="1"/>
        <edge id="22917233" q_lkw_mq_hr="35.0" q_pkw_mq_hr="738.0" groups="1"/>
        <edge id="25538902#0" q_lkw_mq_hr="0" q_pkw_mq_hr="0" groups="1"/>
        <edge id="26708088" q_lkw_mq_hr="0" q_pkw_mq_hr="0" groups="1"/>
        <edge id="270282145#2" q_lkw_mq_hr="0" q_pkw_mq_hr="0" groups="1"/>
        <edge id="461514282" q_lkw_mq_hr="0" q_pkw_mq_hr="0" groups="1"/>
    </interval>
    <interval id="flowdata" begin="54000" end="57600">
        <edge id="-1234926667" q_lkw_mq_hr="0" q_pkw_mq_hr="0" groups="1"/>
        <edge id="-37077531" q_lkw_mq_hr="0" q_pkw_mq_hr="0" groups="1"/>
        <edge id="-993314008" q_lkw_mq_hr="0" q_pkw_mq_hr="0" groups="1"/>
        <edge id="110335777#0" q_lkw_mq_hr="44.0" q_pkw_mq_hr="923.0" groups="1"/>
        <edge id="1116425695#0" q_lkw_mq_hr="44.0" q_pkw_mq_hr="978.0" groups="1"/>
        <edge id="1137206641#0" q_lkw_mq_hr="0" q_pkw_mq_hr="0" groups="1"/>
        <edge id="1234926667" q_lkw_mq_hr="3.0" q_pkw_mq_hr="21.0" groups="1"/>
        <edge id="12620748" q_lkw_mq_hr="0" q_pkw_mq_hr="0" groups="1"/>
        <edge id="153021545#1" q_lkw_mq_hr="0" q_pkw_mq_hr="0" groups="1"/>
        <edge id="157708188" q_lkw_mq_hr="0" q_pkw_mq_hr="0" groups="1"/>
        <edge id="19875856" q_lkw_mq_hr="0" q_pkw_mq_hr="0" groups="1"/>
        <edge id="19875859" q_lkw_mq_hr="0" q_pkw_mq_hr="0" groups="1"/>
        <edge id="22917233" q_lkw_mq_hr="36.0" q_pkw_mq_hr="816.0" groups="1"/>
        <edge id="25538902#0" q_lkw_mq_hr="0" q_pkw_mq_hr="0" groups="1"/>
        <edge id="26708088" q_lkw_mq_hr="0" q_pkw_mq_hr="0" groups="1"/>
        <edge id="270282145#2" q_lkw_mq_hr="0" q_pkw_mq_hr="0" groups="1"/>
        <edge id="461514282" q_lkw_mq_hr="0" q_pkw_mq_hr="0" groups="1"/>
    </interval>
    <interval id="flowdata" begin="57600" end="61200">
        <edge id="-1234926667" q_lkw_mq_hr="0" q_pkw_mq_hr="0" groups="1"/>
        <edge id="-37077531" q_lkw_mq_hr="0" q_pkw_mq_hr="0" groups="1"/>
        <edge id="-993314008" q_lkw_mq_hr="0" q_pkw_mq_hr="0" groups="1"/>
        <edge id="110335777#0" q_lkw_mq_hr="52.0" q_pkw_mq_hr="798.0" groups="1"/>
        <edge id="1116425695#0" q_lkw_mq_hr="44.0" q_pkw_mq_hr="921.0" groups="1"/>
        <edge id="1137206641#0" q_lkw_mq_hr="0" q_pkw_mq_hr="0" groups="1"/>
        <edge id="1234926667" q_lkw_mq_hr="1.0" q_pkw_mq_hr="21.0" groups="1"/>
        <edge id="12620748" q_lkw_mq_hr="0" q_pkw_mq_hr="0" groups="1"/>
        <edge id="153021545#1" q_lkw_mq_hr="0" q_pkw_mq_hr="0" groups="1"/>
        <edge id="157708188" q_lkw_mq_hr="0" q_pkw_mq_hr="0" groups="1"/>
        <edge id="19875856" q_lkw_mq_hr="0" q_pkw_mq_hr="0" groups="1"/>
        <edge id="19875859" q_lkw_mq_hr="0" q_pkw_mq_hr="0" groups="1"/>
        <edge id="22917233" q_lkw_mq_hr="39.0" q_pkw_mq_hr="773.0" groups="1"/>
        <edge id="25538902#0" q_lkw_mq_hr="0" q_pkw_mq_hr="0" groups="1"/>
        <edge id="26708088" q_lkw_mq_hr="0" q_pkw_mq_hr="0" groups="1"/>
        <edge id="270282145#2" q_lkw_mq_hr="0" q_pkw_mq_hr="0" groups="1"/>
        <edge id="461514282" q_lkw_mq_hr="0" q_pkw_mq_hr="0" groups="1"/>
    </interval>
    <interval id="flowdata" begin="61200" end="64800">
        <edge id="-1234926667" q_lkw_mq_hr="28.0" q_pkw_mq_hr="163.0" groups="1"/>
        <edge id="-37077531" q_lkw_mq_hr="0" q_pkw_mq_hr="0" groups="1"/>
        <edge id="-993314008" q_lkw_mq_hr="0" q_pkw_mq_hr="0" groups="1"/>
        <edge id="110335777#0" q_lkw_mq_hr="55.0" q_pkw_mq_hr="870.0" groups="1"/>
        <edge id="1116425695#0" q_lkw_mq_hr="24.0" q_pkw_mq_hr="870.0" groups="1"/>
        <edge id="1137206641#0" q_lkw_mq_hr="0" q_pkw_mq_hr="0" groups="1"/>
        <edge id="1234926667" q_lkw_mq_hr="8.0" q_pkw_mq_hr="22.0" groups="1"/>
        <edge id="12620748" q_lkw_mq_hr="0" q_pkw_mq_hr="0" groups="1"/>
        <edge id="153021545#1" q_lkw_mq_hr="0" q_pkw_mq_hr="0" groups="1"/>
        <edge id="157708188" q_lkw_mq_hr="0" q_pkw_mq_hr="0" groups="1"/>
        <edge id="19875856" q_lkw_mq_hr="0" q_pkw_mq_hr="0" groups="1"/>
        <edge id="19875859" q_lkw_mq_hr="0" q_pkw_mq_hr="0" groups="1"/>
        <edge id="22917233" q_lkw_mq_hr="20.0" q_pkw_mq_hr="745.0" groups="1"/>
        <edge id="25538902#0" q_lkw_mq_hr="0" q_pkw_mq_hr="0" groups="1"/>
        <edge id="26708088" q_lkw_mq_hr="0" q_pkw_mq_hr="0" groups="1"/>
        <edge id="270282145#2" q_lkw_mq_hr="0" q_pkw_mq_hr="0" groups="1"/>
        <edge id="461514282" q_lkw_mq_hr="0" q_pkw_mq_hr="0" groups="1"/>
    </interval>
    <interval id="flowdata" begin="64800" end="68400">
        <edge id="-1234926667" q_lkw_mq_hr="34.0" q_pkw_mq_hr="155.0" groups="1"/>
        <edge id="-37077531" q_lkw_mq_hr="0" q_pkw_mq_hr="0" groups="1"/>
        <edge id="-993314008" q_lkw_mq_hr="0" q_pkw_mq_hr="0" groups="1"/>
        <edge id="110335777#0" q_lkw_mq_hr="27.0" q_pkw_mq_hr="742.0" groups="1"/>
        <edge id="1116425695#0" q_lkw_mq_hr="17.0" q_pkw_mq_hr="756.0" groups="1"/>
        <edge id="1137206641#0" q_lkw_mq_hr="0" q_pkw_mq_hr="0" groups="1"/>
        <edge id="1234926667" q_lkw_mq_hr="19.0" q_pkw_mq_hr="94.0" groups="1"/>
        <edge id="12620748" q_lkw_mq_hr="0" q_pkw_mq_hr="0" groups="1"/>
        <edge id="153021545#1" q_lkw_mq_hr="0" q_pkw_mq_hr="0" groups="1"/>
        <edge id="157708188" q_lkw_mq_hr="0" q_pkw_mq_hr="0" groups="1"/>
        <edge id="19875856" q_lkw_mq_hr="0" q_pkw_mq_hr="0" groups="1"/>
        <edge id="19875859" q_lkw_mq_hr="0" q_pkw_mq_hr="0" groups="1"/>
        <edge id="22917233" q_lkw_mq_hr="16.0" q_pkw_mq_hr="585.0" groups="1"/>
        <edge id="25538902#0" q_lkw_mq_hr="0" q_pkw_mq_hr="0" groups="1"/>
        <edge id="26708088" q_lkw_mq_hr="0" q_pkw_mq_hr="0" groups="1"/>
        <edge id="270282145#2" q_lkw_mq_hr="0" q_pkw_mq_hr="0" groups="1"/>
        <edge id="461514282" q_lkw_mq_hr="0" q_pkw_mq_hr="0" groups="1"/>
    </interval>
    <interval id="flowdata" begin="68400" end="72000">
        <edge id="-1234926667" q_lkw_mq_hr="22.0" q_pkw_mq_hr="133.0" groups="1"/>
        <edge id="-37077531" q_lkw_mq_hr="0" q_pkw_mq_hr="0" groups="1"/>
        <edge id="-993314008" q_lkw_mq_hr="0" q_pkw_mq_hr="0" groups="1"/>
        <edge id="110335777#0" q_lkw_mq_hr="12.0" q_pkw_mq_hr="525.0" groups="1"/>
        <edge id="1116425695#0" q_lkw_mq_hr="12.0" q_pkw_mq_hr="514.0" groups="1"/>
        <edge id="1137206641#0" q_lkw_mq_hr="0" q_pkw_mq_hr="0" groups="1"/>
        <edge id="1234926667" q_lkw_mq_hr="32.0" q_pkw_mq_hr="176.0" groups="1"/>
        <edge id="12620748" q_lkw_mq_hr="0" q_pkw_mq_hr="0" groups="1"/>
        <edge id="153021545#1" q_lkw_mq_hr="0" q_pkw_mq_hr="0" groups="1"/>
        <edge id="157708188" q_lkw_mq_hr="0" q_pkw_mq_hr="0" groups="1"/>
        <edge id="19875856" q_lkw_mq_hr="0" q_pkw_mq_hr="0" groups="1"/>
        <edge id="19875859" q_lkw_mq_hr="0" q_pkw_mq_hr="0" groups="1"/>
        <edge id="22917233" q_lkw_mq_hr="12.0" q_pkw_mq_hr="401.0" groups="1"/>
        <edge id="25538902#0" q_lkw_mq_hr="0" q_pkw_mq_hr="0" groups="1"/>
        <edge id="26708088" q_lkw_mq_hr="0" q_pkw_mq_hr="0" groups="1"/>
        <edge id="270282145#2" q_lkw_mq_hr="0" q_pkw_mq_hr="0" groups="1"/>
        <edge id="461514282" q_lkw_mq_hr="0" q_pkw_mq_hr="0" groups="1"/>
    </interval>
    <interval id="flowdata" begin="72000" end="75600">
        <edge id="-1234926667" q_lkw_mq_hr="20.0" q_pkw_mq_hr="123.0" groups="1"/>
        <edge id="-37077531" q_lkw_mq_hr="0" q_pkw_mq_hr="0" groups="1"/>
        <edge id="-993314008" q_lkw_mq_hr="0" q_pkw_mq_hr="0" groups="1"/>
        <edge id="110335777#0" q_lkw_mq_hr="16.0" q_pkw_mq_hr="393.0" groups="1"/>
        <edge id="1116425695#0" q_lkw_mq_hr="11.0" q_pkw_mq_hr="457.0" groups="1"/>
        <edge id="1137206641#0" q_lkw_mq_hr="0" q_pkw_mq_hr="0" groups="1"/>
        <edge id="1234926667" q_lkw_mq_hr="34.0" q_pkw_mq_hr="146.0" groups="1"/>
        <edge id="12620748" q_lkw_mq_hr="0" q_pkw_mq_hr="0" groups="1"/>
        <edge id="153021545#1" q_lkw_mq_hr="0" q_pkw_mq_hr="0" groups="1"/>
        <edge id="157708188" q_lkw_mq_hr="0" q_pkw_mq_hr="0" groups="1"/>
        <edge id="19875856" q_lkw_mq_hr="0" q_pkw_mq_hr="0" groups="1"/>
        <edge id="19875859" q_lkw_mq_hr="0" q_pkw_mq_hr="0" groups="1"/>
        <edge id="22917233" q_lkw_mq_hr="12.0" q_pkw_mq_hr="300.0" groups="1"/>
        <edge id="25538902#0" q_lkw_mq_hr="0" q_pkw_mq_hr="0" groups="1"/>
        <edge id="26708088" q_lkw_mq_hr="0" q_pkw_mq_hr="0" groups="1"/>
        <edge id="270282145#2" q_lkw_mq_hr="0" q_pkw_mq_hr="0" groups="1"/>
        <edge id="461514282" q_lkw_mq_hr="0" q_pkw_mq_hr="0" groups="1"/>
    </interval>
    <interval id="flowdata" begin="75600" end="79200">
        <edge id="-1234926667" q_lkw_mq_hr="11.0" q_pkw_mq_hr="125.0" groups="1"/>
        <edge id="-37077531" q_lkw_mq_hr="0" q_pkw_mq_hr="0" groups="1"/>
        <edge id="-993314008" q_lkw_mq_hr="0" q_pkw_mq_hr="0" groups="1"/>
        <edge id="110335777#0" q_lkw_mq_hr="9.0" q_pkw_mq_hr="328.0" groups="1"/>
        <edge id="1116425695#0" q_lkw_mq_hr="10.0" q_pkw_mq_hr="475.0" groups="1"/>
        <edge id="1137206641#0" q_lkw_mq_hr="0" q_pkw_mq_hr="0" groups="1"/>
        <edge id="1234926667" q_lkw_mq_hr="35.0" q_pkw_mq_hr="259.0" groups="1"/>
        <edge id="12620748" q_lkw_mq_hr="0" q_pkw_mq_hr="0" groups="1"/>
        <edge id="153021545#1" q_lkw_mq_hr="0" q_pkw_mq_hr="0" groups="1"/>
        <edge id="157708188" q_lkw_mq_hr="0" q_pkw_mq_hr="0" groups="1"/>
        <edge id="19875856" q_lkw_mq_hr="0" q_pkw_mq_hr="0" groups="1"/>
        <edge id="19875859" q_lkw_mq_hr="0" q_pkw_mq_hr="0" groups="1"/>
        <edge id="22917233" q_lkw_mq_hr="8.0" q_pkw_mq_hr="279.0" groups="1"/>
        <edge id="25538902#0" q_lkw_mq_hr="0" q_pkw_mq_hr="0" groups="1"/>
        <edge id="26708088" q_lkw_mq_hr="0" q_pkw_mq_hr="0" groups="1"/>
        <edge id="270282145#2" q_lkw_mq_hr="0" q_pkw_mq_hr="0" groups="1"/>
        <edge id="461514282" q_lkw_mq_hr="0" q_pkw_mq_hr="0" groups="1"/>
    </interval>
    <interval id="flowdata" begin="79200" end="82800">
        <edge id="-1234926667" q_lkw_mq_hr="18.0" q_pkw_mq_hr="80.0" groups="1"/>
        <edge id="-37077531" q_lkw_mq_hr="0" q_pkw_mq_hr="0" groups="1"/>
        <edge id="-993314008" q_lkw_mq_hr="0" q_pkw_mq_hr="0" groups="1"/>
        <edge id="110335777#0" q_lkw_mq_hr="9.0" q_pkw_mq_hr="188.0" groups="1"/>
        <edge id="1116425695#0" q_lkw_mq_hr="15.0" q_pkw_mq_hr="561.0" groups="1"/>
        <edge id="1137206641#0" q_lkw_mq_hr="0" q_pkw_mq_hr="0" groups="1"/>
        <edge id="1234926667" q_lkw_mq_hr="34.0" q_pkw_mq_hr="264.0" groups="1"/>
        <edge id="12620748" q_lkw_mq_hr="0" q_pkw_mq_hr="0" groups="1"/>
        <edge id="153021545#1" q_lkw_mq_hr="0" q_pkw_mq_hr="0" groups="1"/>
        <edge id="157708188" q_lkw_mq_hr="0" q_pkw_mq_hr="0" groups="1"/>
        <edge id="19875856" q_lkw_mq_hr="0" q_pkw_mq_hr="0" groups="1"/>
        <edge id="19875859" q_lkw_mq_hr="0" q_pkw_mq_hr="0" groups="1"/>
        <edge id="22917233" q_lkw_mq_hr="9.0" q_pkw_mq_hr="340.0" groups="1"/>
        <edge id="25538902#0" q_lkw_mq_hr="0" q_pkw_mq_hr="0" groups="1"/>
        <edge id="26708088" q_lkw_mq_hr="0" q_pkw_mq_hr="0" groups="1"/>
        <edge id="270282145#2" q_lkw_mq_hr="0" q_pkw_mq_hr="0" groups="1"/>
        <edge id="461514282" q_lkw_mq_hr="0" q_pkw_mq_hr="0" groups="1"/>
    </interval>
    <interval id="flowdata" begin="82800" end="86400">
        <edge id="-1234926667" q_lkw_mq_hr="20.0" q_pkw_mq_hr="79.0" groups="1"/>
        <edge id="-37077531" q_lkw_mq_hr="0" q_pkw_mq_hr="0" groups="1"/>
        <edge id="-993314008" q_lkw_mq_hr="0" q_pkw_mq_hr="0" groups="1"/>
        <edge id="110335777#0" q_lkw_mq_hr="7.0" q_pkw_mq_hr="110.0" groups="1"/>
        <edge id="1116425695#0" q_lkw_mq_hr="14.0" q_pkw_mq_hr="336.0" groups="1"/>
        <edge id="1137206641#0" q_lkw_mq_hr="0" q_pkw_mq_hr="0" groups="1"/>
        <edge id="1234926667" q_lkw_mq_hr="31.0" q_pkw_mq_hr="280.0" groups="1"/>
        <edge id="12620748" q_lkw_mq_hr="0" q_pkw_mq_hr="0" groups="1"/>
        <edge id="153021545#1" q_lkw_mq_hr="0" q_pkw_mq_hr="0" groups="1"/>
        <edge id="157708188" q_lkw_mq_hr="0" q_pkw_mq_hr="0" groups="1"/>
        <edge id="19875856" q_lkw_mq_hr="0" q_pkw_mq_hr="0" groups="1"/>
        <edge id="19875859" q_lkw_mq_hr="0" q_pkw_mq_hr="0" groups="1"/>
        <edge id="22917233" q_lkw_mq_hr="7.0" q_pkw_mq_hr="261.0" groups="1"/>
        <edge id="25538902#0" q_lkw_mq_hr="0" q_pkw_mq_hr="0" groups="1"/>
        <edge id="26708088" q_lkw_mq_hr="0" q_pkw_mq_hr="0" groups="1"/>
        <edge id="270282145#2" q_lkw_mq_hr="0" q_pkw_mq_hr="0" groups="1"/>
        <edge id="461514282" q_lkw_mq_hr="0" q_pkw_mq_hr="0" groups="1"/>
    </interval>
</data>
