<?xml version="1.0" encoding="UTF-8"?>

<!-- generated on 2025-04-30 11:58:51.157111 by mapDetectors.py v1_22_0+1822-8d436467e00
<configuration>
    <net-file value="../3_wizard/osm.net.xml.gz"/>
    <detector-file value="Stammdaten_Verkehrsdetektion_2022_07_20.csv"/>
    <delimiter value=","/>
    <output-file value="det.add.xml"/>
    <id-column value="MQ_KURZNAME"/>
    <longitude-column value="LAENGE (WGS84)"/>
    <latitude-column value="BREITE (WGS84)"/>
    <max-radius value="20.0"/>
    <write-params value="True"/>
</configuration>
-->

<additional xmlns:xsi="http://www.w3.org/2001/XMLSchema-instance" xsi:noNamespaceSchemaLocation="http://sumo.dlr.de/xsd/additional_file.xsd">
    <inductionLoop id="TE015" lane="1137206641#0_0" pos="55.51" file="detector.out.xml" freq="3600">
        <param key="DET_NAME_ALT" value="TEU00015_Det1"/>
        <param key="DET_NAME_NEU" value="TE015_Det_HF1"/>
        <param key="DET_ID15" value="100101010002995"/>
        <param key="MQ_ID15" value="100201010001693"/>
        <param key="STRASSE" value="Neuköllner Straße"/>
        <param key="POSITION" value="2. LM nach Stubenrauchstraße, gegenüber Haus Nr. 268"/>
        <param key="POS_DETAIL" value="Fritz-Erler-Allee"/>
        <param key="RICHTUNG" value="Nordwest"/>
        <param key="SPUR" value="HF_R"/>
        <param key="annotation" value="Hauptfahrbahn rechte Spur"/>
        <param key="INBETRIEBNAHME" value="2/19/2003"/>
        <param key="ABBAUDATUM" value=""/>
        <param key="DEINSTALLIERT" value=""/>
        <param key="KOMMENTAR" value=""/>
    </inductionLoop>
    <!--inductionLoop id="TE015" lane="1137206641#0_0" pos="55.51" file="detector.out.xml" freq="3600">
        <param key="DET_NAME_ALT" value="TEU00015_Det2"/>
        <param key="DET_NAME_NEU" value="TE015_Det_HF2"/>
        <param key="DET_ID15" value="100101010003096"/>
        <param key="MQ_ID15" value="100201010001693"/>
        <param key="STRASSE" value="Neuköllner Straße"/>
        <param key="POSITION" value="2. LM nach Stubenrauchstraße, gegenüber Haus Nr. 268"/>
        <param key="POS_DETAIL" value="Fritz-Erler-Allee"/>
        <param key="RICHTUNG" value="Nordwest"/>
        <param key="SPUR" value="HF_2vR"/>
        <param key="annotation" value="Hauptfahrbahn, 2. Spur von rechts"/>
        <param key="INBETRIEBNAHME" value="2/19/2003"/>
        <param key="ABBAUDATUM" value=""/>
        <param key="DEINSTALLIERT" value=""/>
        <param key="KOMMENTAR" value=""/>
    </inductionLoop-->
    <inductionLoop id="TE016" lane="1137206641#0_0" pos="55.46" file="detector.out.xml" freq="3600">
        <param key="DET_NAME_ALT" value="TEU00015_Det0"/>
        <param key="DET_NAME_NEU" value="TE016_Det_LA"/>
        <param key="DET_ID15" value="100101010002894"/>
        <param key="MQ_ID15" value="100201010001592"/>
        <param key="STRASSE" value="Neuköllner Straße"/>
        <param key="POSITION" value="2. LM nach Stubenrauchstraße, gegenüber Haus Nr. 268 (Linksabbieger)"/>
        <param key="POS_DETAIL" value="Fritz-Erler-Allee"/>
        <param key="RICHTUNG" value="Nordwest"/>
        <param key="SPUR" value="LA"/>
        <param key="annotation" value="Linksabbieger"/>
        <param key="INBETRIEBNAHME" value="2/19/2003"/>
        <param key="ABBAUDATUM" value=""/>
        <param key="DEINSTALLIERT" value=""/>
        <param key="KOMMENTAR" value=""/>
    </inductionLoop>
    <inductionLoop id="TE026" lane="270282145#2_1" pos="482.05" file="detector.out.xml" freq="3600">
        <param key="DET_NAME_ALT" value="TEU00026_Det0"/>
        <param key="DET_NAME_NEU" value="TE026_Det_HF1"/>
        <param key="DET_ID15" value="100101010004918"/>
        <param key="MQ_ID15" value="100201010002606"/>
        <param key="STRASSE" value="Adlergestell"/>
        <param key="POSITION" value="vor Glienicker Weg, in Höhe Haus Nr. 333, EM neben 6. LM nach Brücke"/>
        <param key="POS_DETAIL" value="Glienicker Weg"/>
        <param key="RICHTUNG" value="Nordwest"/>
        <param key="SPUR" value="HF_R"/>
        <param key="annotation" value="Hauptfahrbahn rechte Spur"/>
        <param key="INBETRIEBNAHME" value="2/19/2003"/>
        <param key="ABBAUDATUM" value=""/>
        <param key="DEINSTALLIERT" value=""/>
        <param key="KOMMENTAR" value=""/>
    </inductionLoop>
    <!--inductionLoop id="TE026" lane="270282145#2_1" pos="482.05" file="detector.out.xml" freq="3600">
        <param key="DET_NAME_ALT" value="TEU00026_Det1"/>
        <param key="DET_NAME_NEU" value="TE026_Det_HF2"/>
        <param key="DET_ID15" value="100101010005019"/>
        <param key="MQ_ID15" value="100201010002606"/>
        <param key="STRASSE" value="Adlergestell"/>
        <param key="POSITION" value="vor Glienicker Weg, in Höhe Haus Nr. 333, EM neben 6. LM nach Brücke"/>
        <param key="POS_DETAIL" value="Glienicker Weg"/>
        <param key="RICHTUNG" value="Nordwest"/>
        <param key="SPUR" value="HF_2vR"/>
        <param key="annotation" value="Hauptfahrbahn, 2. Spur von rechts"/>
        <param key="INBETRIEBNAHME" value="2/19/2003"/>
        <param key="ABBAUDATUM" value=""/>
        <param key="DEINSTALLIERT" value=""/>
        <param key="KOMMENTAR" value=""/>
    </inductionLoop-->
    <!--inductionLoop id="TE026" lane="270282145#2_1" pos="482.05" file="detector.out.xml" freq="3600">
        <param key="DET_NAME_ALT" value="TEU00026_Det2"/>
        <param key="DET_NAME_NEU" value="TE026_Det_HF3"/>
        <param key="DET_ID15" value="100101010005120"/>
        <param key="MQ_ID15" value="100201010002606"/>
        <param key="STRASSE" value="Adlergestell"/>
        <param key="POSITION" value="vor Glienicker Weg, in Höhe Haus Nr. 333, EM neben 6. LM nach Brücke"/>
        <param key="POS_DETAIL" value="Glienicker Weg"/>
        <param key="RICHTUNG" value="Nordwest"/>
        <param key="SPUR" value="HF_3vR"/>
        <param key="annotation" value="Hauptfahrbahn, 3. Spur von rechts"/>
        <param key="INBETRIEBNAHME" value="2/19/2003"/>
        <param key="ABBAUDATUM" value=""/>
        <param key="DEINSTALLIERT" value=""/>
        <param key="KOMMENTAR" value=""/>
    </inductionLoop-->
    <inductionLoop id="TE125" lane="12620748_0" pos="268.99" file="detector.out.xml" freq="3600">
        <param key="DET_NAME_ALT" value="TEU00125_Det0"/>
        <param key="DET_NAME_NEU" value="TE125_Det_HF1"/>
        <param key="DET_ID15" value="100101010020274"/>
        <param key="MQ_ID15" value="100201010010080"/>
        <param key="STRASSE" value="Lindenstraße"/>
        <param key="POSITION" value="zwischen Gardinalstraße und Joachimstraße, Höhe Haus Nr. 29"/>
        <param key="POS_DETAIL" value="Bahnhofstraße"/>
        <param key="RICHTUNG" value="Ost"/>
        <param key="SPUR" value="HF_R"/>
        <param key="annotation" value="Hauptfahrbahn rechte Spur"/>
        <param key="INBETRIEBNAHME" value="2/18/2003"/>
        <param key="ABBAUDATUM" value=""/>
        <param key="DEINSTALLIERT" value=""/>
        <param key="KOMMENTAR" value=""/>
    </inductionLoop>
    <!--inductionLoop id="TE125" lane="12620748_0" pos="268.99" file="detector.out.xml" freq="3600">
        <param key="DET_NAME_ALT" value="TEU00125_Det1"/>
        <param key="DET_NAME_NEU" value="TE125_Det_HF2"/>
        <param key="DET_ID15" value="100101010020375"/>
        <param key="MQ_ID15" value="100201010010080"/>
        <param key="STRASSE" value="Lindenstraße"/>
        <param key="POSITION" value="zwischen Gardinalstraße und Joachimstraße, Höhe Haus Nr. 29"/>
        <param key="POS_DETAIL" value="Bahnhofstraße"/>
        <param key="RICHTUNG" value="Ost"/>
        <param key="SPUR" value="HF_2vR"/>
        <param key="annotation" value="Hauptfahrbahn, 2. Spur von rechts"/>
        <param key="INBETRIEBNAHME" value="2/18/2003"/>
        <param key="ABBAUDATUM" value=""/>
        <param key="DEINSTALLIERT" value=""/>
        <param key="KOMMENTAR" value=""/>
    </inductionLoop-->
    <inductionLoop id="TE127" lane="26708088_0" pos="41.55" file="detector.out.xml" freq="3600">
        <param key="DET_NAME_ALT" value="TEU00127_Det0"/>
        <param key="DET_NAME_NEU" value="TE127_Det_HF1"/>
        <param key="DET_ID15" value="100101010020678"/>
        <param key="MQ_ID15" value="100201010010383"/>
        <param key="STRASSE" value="Edisonstraße"/>
        <param key="POSITION" value="zwischen Helmholtzstraße und Siemensstraße, in Höhe Haus Nr. 40-41"/>
        <param key="POS_DETAIL" value="Siemensstraße"/>
        <param key="RICHTUNG" value="Süd"/>
        <param key="SPUR" value="HF_R"/>
        <param key="annotation" value="Hauptfahrbahn rechte Spur"/>
        <param key="INBETRIEBNAHME" value="6/5/2003"/>
        <param key="ABBAUDATUM" value=""/>
        <param key="DEINSTALLIERT" value="X"/>
        <param key="KOMMENTAR" value="Radspur"/>
    </inductionLoop>
    <!--inductionLoop id="TE127" lane="26708088_0" pos="41.55" file="detector.out.xml" freq="3600">
        <param key="DET_NAME_ALT" value="TEU00127_Det1"/>
        <param key="DET_NAME_NEU" value="TE127_Det_HF2"/>
        <param key="DET_ID15" value="100101010020779"/>
        <param key="MQ_ID15" value="100201010010383"/>
        <param key="STRASSE" value="Edisonstraße"/>
        <param key="POSITION" value="zwischen Helmholtzstraße und Siemensstraße, in Höhe Haus Nr. 40-41"/>
        <param key="POS_DETAIL" value="Siemensstraße"/>
        <param key="RICHTUNG" value="Süd"/>
        <param key="SPUR" value="HF_2vR"/>
        <param key="annotation" value="Hauptfahrbahn, 2. Spur von rechts"/>
        <param key="INBETRIEBNAHME" value="6/5/2003"/>
        <param key="ABBAUDATUM" value=""/>
        <param key="DEINSTALLIERT" value=""/>
        <param key="KOMMENTAR" value=""/>
    </inductionLoop-->
    <inductionLoop id="TE129" lane="110335777#0_0" pos="61.27" file="detector.out.xml" freq="3600">
        <param key="DET_NAME_ALT" value="TEU00129_Det0"/>
        <param key="DET_NAME_NEU" value="TE129_Det_HF1"/>
        <param key="DET_ID15" value="100101010021082"/>
        <param key="MQ_ID15" value="100201010010585"/>
        <param key="STRASSE" value="Treskowallee"/>
        <param key="POSITION" value="zwischen Traberweg und Rummelsburger Straße, in Höhe Haus Nr. 160"/>
        <param key="POS_DETAIL" value="Edisonstraße"/>
        <param key="RICHTUNG" value="Süd"/>
        <param key="SPUR" value="HF_R"/>
        <param key="annotation" value="Hauptfahrbahn rechte Spur"/>
        <param key="INBETRIEBNAHME" value="2/18/2003"/>
        <param key="ABBAUDATUM" value=""/>
        <param key="DEINSTALLIERT" value=""/>
        <param key="KOMMENTAR" value=""/>
    </inductionLoop>
    <!--inductionLoop id="TE129" lane="110335777#0_0" pos="61.27" file="detector.out.xml" freq="3600">
        <param key="DET_NAME_ALT" value="TEU00129_Det1"/>
        <param key="DET_NAME_NEU" value="TE129_Det_HF2"/>
        <param key="DET_ID15" value="100101010021183"/>
        <param key="MQ_ID15" value="100201010010585"/>
        <param key="STRASSE" value="Treskowallee"/>
        <param key="POSITION" value="zwischen Traberweg und Rummelsburger Straße, in Höhe Haus Nr. 160"/>
        <param key="POS_DETAIL" value="Edisonstraße"/>
        <param key="RICHTUNG" value="Süd"/>
        <param key="SPUR" value="HF_2vR"/>
        <param key="annotation" value="Hauptfahrbahn, 2. Spur von rechts"/>
        <param key="INBETRIEBNAHME" value="2/18/2003"/>
        <param key="ABBAUDATUM" value=""/>
        <param key="DEINSTALLIERT" value=""/>
        <param key="KOMMENTAR" value=""/>
    </inductionLoop-->
    <inductionLoop id="TE196" lane="-1234926667_0" pos="51.01" file="detector.out.xml" freq="3600">
        <param key="DET_NAME_ALT" value="TEU00196_Det0"/>
        <param key="DET_NAME_NEU" value="TE196_Det_HF1"/>
        <param key="DET_ID15" value="100101010033311"/>
        <param key="MQ_ID15" value="100201010016750"/>
        <param key="STRASSE" value="Bahnhofstraße"/>
        <param key="POSITION" value="zwischen Kinzerallee und Annenallee, Höhe Nr. 56, ca. 20 m vor Annenallee"/>
        <param key="POS_DETAIL" value="Friedrichshagener Straße"/>
        <param key="RICHTUNG" value="Südwest"/>
        <param key="SPUR" value="HF_R"/>
        <param key="annotation" value="Hauptfahrbahn rechte Spur"/>
        <param key="INBETRIEBNAHME" value="2/19/2003"/>
        <param key="ABBAUDATUM" value=""/>
        <param key="DEINSTALLIERT" value=""/>
        <param key="KOMMENTAR" value=""/>
    </inductionLoop>
    <!--inductionLoop id="TE196" lane="-1234926667_0" pos="51.01" file="detector.out.xml" freq="3600">
        <param key="DET_NAME_ALT" value="TEU00196_Det1"/>
        <param key="DET_NAME_NEU" value="TE196_Det_HF2"/>
        <param key="DET_ID15" value="100101010033412"/>
        <param key="MQ_ID15" value="100201010016750"/>
        <param key="STRASSE" value="Bahnhofstraße"/>
        <param key="POSITION" value="zwischen Kinzerallee und Annenallee, Höhe Nr. 56, ca. 20 m vor Annenallee"/>
        <param key="POS_DETAIL" value="Friedrichshagener Straße"/>
        <param key="RICHTUNG" value="Südwest"/>
        <param key="SPUR" value="HF_2vR"/>
        <param key="annotation" value="Hauptfahrbahn, 2. Spur von rechts"/>
        <param key="INBETRIEBNAHME" value="2/19/2003"/>
        <param key="ABBAUDATUM" value=""/>
        <param key="DEINSTALLIERT" value=""/>
        <param key="KOMMENTAR" value=""/>
    </inductionLoop-->
    <inductionLoop id="TE197" lane="1234926667_0" pos="27.45" file="detector.out.xml" freq="3600">
        <param key="DET_NAME_ALT" value="TEU00197_Det0"/>
        <param key="DET_NAME_NEU" value="TE197_Det_HF1"/>
        <param key="DET_ID15" value="100101010033513"/>
        <param key="MQ_ID15" value="100201010016851"/>
        <param key="STRASSE" value="Bahnhofstraße"/>
        <param key="POSITION" value="zwischen Annenallee und Kinzerallee, Höhe Nr. 4, ca. 20 m vor Kinzerallee"/>
        <param key="POS_DETAIL" value="Seelenbinderstraße"/>
        <param key="RICHTUNG" value="Nord"/>
        <param key="SPUR" value="HF_R"/>
        <param key="annotation" value="Hauptfahrbahn rechte Spur"/>
        <param key="INBETRIEBNAHME" value="2/19/2003"/>
        <param key="ABBAUDATUM" value=""/>
        <param key="DEINSTALLIERT" value=""/>
        <param key="KOMMENTAR" value=""/>
    </inductionLoop>
    <!--inductionLoop id="TE197" lane="1234926667_0" pos="27.45" file="detector.out.xml" freq="3600">
        <param key="DET_NAME_ALT" value="TEU00197_Det1"/>
        <param key="DET_NAME_NEU" value="TE197_Det_HF2"/>
        <param key="DET_ID15" value="100101010033614"/>
        <param key="MQ_ID15" value="100201010016851"/>
        <param key="STRASSE" value="Bahnhofstraße"/>
        <param key="POSITION" value="zwischen Annenallee und Kinzerallee, Höhe Nr. 4, ca. 20 m vor Kinzerallee"/>
        <param key="POS_DETAIL" value="Seelenbinderstraße"/>
        <param key="RICHTUNG" value="Nord"/>
        <param key="SPUR" value="HF_2vR"/>
        <param key="annotation" value="Hauptfahrbahn, 2. Spur von rechts"/>
        <param key="INBETRIEBNAHME" value="2/19/2003"/>
        <param key="ABBAUDATUM" value=""/>
        <param key="DEINSTALLIERT" value=""/>
        <param key="KOMMENTAR" value=""/>
    </inductionLoop-->
    <inductionLoop id="TE299" lane="153021545#1_0" pos="1072.19" file="detector.out.xml" freq="3600">
        <param key="DET_NAME_ALT" value="TEU00299_Det0"/>
        <param key="DET_NAME_NEU" value="TE299_Det_HF1"/>
        <param key="DET_ID15" value="100101010045132"/>
        <param key="MQ_ID15" value="100201010023016"/>
        <param key="STRASSE" value="Adlergestell"/>
        <param key="POSITION" value="zwischen S-Bahn-Brücke und Betriebsbhf. Schöneweide"/>
        <param key="POS_DETAIL" value="Michael-Brückner-Straße"/>
        <param key="RICHTUNG" value="Nord"/>
        <param key="SPUR" value="HF_R"/>
        <param key="annotation" value="Hauptfahrbahn rechte Spur"/>
        <param key="INBETRIEBNAHME" value="2/13/2004"/>
        <param key="ABBAUDATUM" value=""/>
        <param key="DEINSTALLIERT" value=""/>
        <param key="KOMMENTAR" value=""/>
    </inductionLoop>
    <!--inductionLoop id="TE299" lane="153021545#1_0" pos="1072.19" file="detector.out.xml" freq="3600">
        <param key="DET_NAME_ALT" value="TEU00299_Det1"/>
        <param key="DET_NAME_NEU" value="TE299_Det_HF2"/>
        <param key="DET_ID15" value="100101010045233"/>
        <param key="MQ_ID15" value="100201010023016"/>
        <param key="STRASSE" value="Adlergestell"/>
        <param key="POSITION" value="zwischen S-Bahn-Brücke und Betriebsbhf. Schöneweide"/>
        <param key="POS_DETAIL" value="Michael-Brückner-Straße"/>
        <param key="RICHTUNG" value="Nord"/>
        <param key="SPUR" value="HF_2vR"/>
        <param key="annotation" value="Hauptfahrbahn, 2. Spur von rechts"/>
        <param key="INBETRIEBNAHME" value="2/13/2004"/>
        <param key="ABBAUDATUM" value=""/>
        <param key="DEINSTALLIERT" value=""/>
        <param key="KOMMENTAR" value=""/>
    </inductionLoop-->
    <inductionLoop id="TE312" lane="25538902#0_0" pos="215.49" file="detector.out.xml" freq="3600">
        <param key="DET_NAME_ALT" value="TEU00312_Det0"/>
        <param key="DET_NAME_NEU" value="TE312_Det_HF1"/>
        <param key="DET_ID15" value="100101010054731"/>
        <param key="MQ_ID15" value="100201010024935"/>
        <param key="STRASSE" value="Baumschulenstraße"/>
        <param key="POSITION" value="zwischen Sonnenallee und Königsheideweg,  LM 298 – 1. LM nach Kanalbrücke"/>
        <param key="POS_DETAIL" value="Königsheideweg"/>
        <param key="RICHTUNG" value="Südwest"/>
        <param key="SPUR" value="HF_R"/>
        <param key="annotation" value=""/>
        <param key="INBETRIEBNAHME" value="3/7/2006"/>
        <param key="ABBAUDATUM" value=""/>
        <param key="DEINSTALLIERT" value=""/>
        <param key="KOMMENTAR" value=""/>
    </inductionLoop>
    <inductionLoop id="TE313" lane="-993314008_0" pos="240.75" file="detector.out.xml" freq="3600">
        <param key="DET_NAME_ALT" value="TEU00312_Det1"/>
        <param key="DET_NAME_NEU" value="TE313_Det_HF1"/>
        <param key="DET_ID15" value="100101010054832"/>
        <param key="MQ_ID15" value="100201010025036"/>
        <param key="STRASSE" value="Baumschulenstraße"/>
        <param key="POSITION" value="zwischen Königsheideweg und Sonnenallee, LM 298 – 1. LM nach Kanalbrücke"/>
        <param key="POS_DETAIL" value="Forsthausallee"/>
        <param key="RICHTUNG" value="Nordost"/>
        <param key="SPUR" value="HF_R"/>
        <param key="annotation" value=""/>
        <param key="INBETRIEBNAHME" value="3/7/2006"/>
        <param key="ABBAUDATUM" value=""/>
        <param key="DEINSTALLIERT" value=""/>
        <param key="KOMMENTAR" value=""/>
    </inductionLoop>
    <inductionLoop id="TE314" lane="1116425695#0_1" pos="128.02" file="detector.out.xml" freq="3600">
        <param key="DET_NAME_ALT" value="TEU00314_Det0"/>
        <param key="DET_NAME_NEU" value="TE314_Det_HF1"/>
        <param key="DET_ID15" value="100101010054933"/>
        <param key="MQ_ID15" value="100201010025137"/>
        <param key="STRASSE" value="Stubenrauchstraße"/>
        <param key="POSITION" value="zwischen Kanalstraße und AS Stubenrauchstraße"/>
        <param key="POS_DETAIL" value="AS Stubenrauchstraße"/>
        <param key="RICHTUNG" value="Nordost"/>
        <param key="SPUR" value="HF_R"/>
        <param key="annotation" value="Hauptfahrbahn rechte Spur"/>
        <param key="INBETRIEBNAHME" value="3/8/2006"/>
        <param key="ABBAUDATUM" value=""/>
        <param key="DEINSTALLIERT" value=""/>
        <param key="KOMMENTAR" value=""/>
    </inductionLoop>
    <!--inductionLoop id="TE314" lane="1116425695#0_1" pos="128.02" file="detector.out.xml" freq="3600">
        <param key="DET_NAME_ALT" value="TEU00314_Det1"/>
        <param key="DET_NAME_NEU" value="TE314_Det_HF2"/>
        <param key="DET_ID15" value="100101010055034"/>
        <param key="MQ_ID15" value="100201010025137"/>
        <param key="STRASSE" value="Stubenrauchstraße"/>
        <param key="POSITION" value="zwischen Kanalstraße und AS Stubenrauchstraße"/>
        <param key="POS_DETAIL" value="AS Stubenrauchstraße"/>
        <param key="RICHTUNG" value="Nordost"/>
        <param key="SPUR" value="HF_2vR"/>
        <param key="annotation" value="Hauptfahrbahn, 2. Spur von rechts"/>
        <param key="INBETRIEBNAHME" value="3/8/2006"/>
        <param key="ABBAUDATUM" value=""/>
        <param key="DEINSTALLIERT" value=""/>
        <param key="KOMMENTAR" value=""/>
    </inductionLoop-->
    <inductionLoop id="TE414" lane="157708188_0" pos="220.26" file="detector.out.xml" freq="3600">
        <param key="DET_NAME_ALT" value="TEU00414_Det0"/>
        <param key="DET_NAME_NEU" value="TE414_Det_HF1"/>
        <param key="DET_ID15" value="100101010072111"/>
        <param key="MQ_ID15" value="100201010040291"/>
        <param key="STRASSE" value="Späthstraße"/>
        <param key="POSITION" value="zwischen BAB113 und Haarlemer Straße"/>
        <param key="POS_DETAIL" value="Buschkrugallee"/>
        <param key="RICHTUNG" value="West"/>
        <param key="SPUR" value="HF_R"/>
        <param key="annotation" value="Hauptfahrbahn rechte Spur"/>
        <param key="INBETRIEBNAHME" value="12/9/2008"/>
        <param key="ABBAUDATUM" value=""/>
        <param key="DEINSTALLIERT" value=""/>
        <param key="KOMMENTAR" value=""/>
    </inductionLoop>
    <!--inductionLoop id="TE414" lane="157708188_0" pos="220.26" file="detector.out.xml" freq="3600">
        <param key="DET_NAME_ALT" value="TEU00414_Det1"/>
        <param key="DET_NAME_NEU" value="TE414_Det_HF2"/>
        <param key="DET_ID15" value="100101010072212"/>
        <param key="MQ_ID15" value="100201010040291"/>
        <param key="STRASSE" value="Späthstraße"/>
        <param key="POSITION" value="zwischen BAB113 und Haarlemer Straße"/>
        <param key="POS_DETAIL" value="Buschkrugallee"/>
        <param key="RICHTUNG" value="West"/>
        <param key="SPUR" value="HF_2vR"/>
        <param key="annotation" value="Hauptfahrbahn, 2. Spur von rechts"/>
        <param key="INBETRIEBNAHME" value="12/9/2008"/>
        <param key="ABBAUDATUM" value=""/>
        <param key="DEINSTALLIERT" value=""/>
        <param key="KOMMENTAR" value=""/>
    </inductionLoop-->
    <inductionLoop id="TE521" lane="22917233_0" pos="109.37" file="detector.out.xml" freq="3600">
        <param key="DET_NAME_ALT" value="TEU00521_Det0"/>
        <param key="DET_NAME_NEU" value="TE521_Det_HF1"/>
        <param key="DET_ID15" value="100101010077363"/>
        <param key="MQ_ID15" value="100201010040695"/>
        <param key="STRASSE" value="Stubenrauchstraße"/>
        <param key="POSITION" value="zwischen BAB113 und Eisenhutweg"/>
        <param key="POS_DETAIL" value="Sterndamm"/>
        <param key="RICHTUNG" value="Nordost"/>
        <param key="SPUR" value="HF_R"/>
        <param key="annotation" value="Hauptfahrbahn"/>
        <param key="INBETRIEBNAHME" value="12/9/2008"/>
        <param key="ABBAUDATUM" value=""/>
        <param key="DEINSTALLIERT" value=""/>
        <param key="KOMMENTAR" value=""/>
    </inductionLoop>
    <!--inductionLoop id="TE521" lane="22917233_0" pos="109.37" file="detector.out.xml" freq="3600">
        <param key="DET_NAME_ALT" value="TEU00521_Det1"/>
        <param key="DET_NAME_NEU" value="TE521_Det_HF2"/>
        <param key="DET_ID15" value="100101010077464"/>
        <param key="MQ_ID15" value="100201010040695"/>
        <param key="STRASSE" value="Stubenrauchstraße"/>
        <param key="POSITION" value="zwischen BAB113 und Eisenhutweg"/>
        <param key="POS_DETAIL" value="Sterndamm"/>
        <param key="RICHTUNG" value="Nordost"/>
        <param key="SPUR" value="HF_2vR"/>
        <param key="annotation" value="Hauptfahrbahn, 2. Spur von rechts"/>
        <param key="INBETRIEBNAHME" value="12/9/2008"/>
        <param key="ABBAUDATUM" value=""/>
        <param key="DEINSTALLIERT" value=""/>
        <param key="KOMMENTAR" value=""/>
    </inductionLoop-->
    <inductionLoop id="TE524" lane="19875859_0" pos="89.79" file="detector.out.xml" freq="3600">
        <param key="DET_NAME_ALT" value="TEU00524_Det0"/>
        <param key="DET_NAME_NEU" value="TE524_Det_HF1"/>
        <param key="DET_ID15" value="100101010078171"/>
        <param key="MQ_ID15" value="100201010040392"/>
        <param key="STRASSE" value="Späthstraße"/>
        <param key="POSITION" value="zwischen Haarlemer Straße und BAB113"/>
        <param key="POS_DETAIL" value="BAB113"/>
        <param key="RICHTUNG" value="Ost"/>
        <param key="SPUR" value="HF_R"/>
        <param key="annotation" value="Hauptfahrbahn rechte Spur"/>
        <param key="INBETRIEBNAHME" value="12/10/2008"/>
        <param key="ABBAUDATUM" value=""/>
        <param key="DEINSTALLIERT" value=""/>
        <param key="KOMMENTAR" value=""/>
    </inductionLoop>
    <!--inductionLoop id="TE524" lane="19875859_0" pos="89.79" file="detector.out.xml" freq="3600">
        <param key="DET_NAME_ALT" value="TEU00524_Det1"/>
        <param key="DET_NAME_NEU" value="TE524_Det_HF2"/>
        <param key="DET_ID15" value="100101010078272"/>
        <param key="MQ_ID15" value="100201010040392"/>
        <param key="STRASSE" value="Späthstraße"/>
        <param key="POSITION" value="zwischen Haarlemer Straße und BAB113"/>
        <param key="POS_DETAIL" value="BAB113"/>
        <param key="RICHTUNG" value="Ost"/>
        <param key="SPUR" value="HF_2vR"/>
        <param key="annotation" value="Hauptfahrbahn, 2. Spur von rechts"/>
        <param key="INBETRIEBNAHME" value="12/10/2008"/>
        <param key="ABBAUDATUM" value=""/>
        <param key="DEINSTALLIERT" value=""/>
        <param key="KOMMENTAR" value=""/>
    </inductionLoop-->
    <inductionLoop id="TE532" lane="461514282_0" pos="311.98" file="detector.out.xml" freq="3600">
        <param key="DET_NAME_ALT" value="TEU00532_Det0"/>
        <param key="DET_NAME_NEU" value="TE532_Det_HF1"/>
        <param key="DET_ID15" value="100101010086356"/>
        <param key="MQ_ID15" value="100201010048173"/>
        <param key="STRASSE" value="Adlergestell"/>
        <param key="POSITION" value="zwischen Otto-Franke-Straße und Köpenicker Straße, 50m hinter Einfahrt Baumarkt"/>
        <param key="POS_DETAIL" value="Grünau"/>
        <param key="RICHTUNG" value="Süd"/>
        <param key="SPUR" value="HF_R"/>
        <param key="annotation" value="Hauptfahrbahn rechte Spur"/>
        <param key="INBETRIEBNAHME" value="10/1/2010"/>
        <param key="ABBAUDATUM" value=""/>
        <param key="DEINSTALLIERT" value="X"/>
        <param key="KOMMENTAR" value="Radspur"/>
    </inductionLoop>
    <!--inductionLoop id="TE532" lane="461514282_0" pos="311.98" file="detector.out.xml" freq="3600">
        <param key="DET_NAME_ALT" value="TEU00532_Det1"/>
        <param key="DET_NAME_NEU" value="TE532_Det_HF2"/>
        <param key="DET_ID15" value="100101010086457"/>
        <param key="MQ_ID15" value="100201010048173"/>
        <param key="STRASSE" value="Adlergestell"/>
        <param key="POSITION" value="zwischen Otto-Franke-Straße und Köpenicker Straße, 50m hinter Einfahrt Baumarkt"/>
        <param key="POS_DETAIL" value="Grünau"/>
        <param key="RICHTUNG" value="Süd"/>
        <param key="SPUR" value="HF_2vR"/>
        <param key="annotation" value="Hauptfahrbahn, 2. Spur von rechts"/>
        <param key="INBETRIEBNAHME" value="10/1/2010"/>
        <param key="ABBAUDATUM" value=""/>
        <param key="DEINSTALLIERT" value=""/>
        <param key="KOMMENTAR" value=""/>
    </inductionLoop-->
    <!--inductionLoop id="TE532" lane="461514282_0" pos="311.98" file="detector.out.xml" freq="3600">
        <param key="DET_NAME_ALT" value="TEU00532_Det2"/>
        <param key="DET_NAME_NEU" value="TE532_Det_HF3"/>
        <param key="DET_ID15" value="100101010086558"/>
        <param key="MQ_ID15" value="100201010048173"/>
        <param key="STRASSE" value="Adlergestell"/>
        <param key="POSITION" value="zwischen Otto-Franke-Straße und Köpenicker Straße, 50m hinter Einfahrt Baumarkt"/>
        <param key="POS_DETAIL" value="Grünau"/>
        <param key="RICHTUNG" value="Süd"/>
        <param key="SPUR" value="HF_3vR"/>
        <param key="annotation" value="Hauptfahrbahn, 3. Spur von rechts"/>
        <param key="INBETRIEBNAHME" value="10/1/2010"/>
        <param key="ABBAUDATUM" value=""/>
        <param key="DEINSTALLIERT" value=""/>
        <param key="KOMMENTAR" value=""/>
    </inductionLoop-->
    <inductionLoop id="TE533" lane="-37077531_0" pos="61.01" file="detector.out.xml" freq="3600">
        <param key="DET_NAME_ALT" value="TEU00533_Det0"/>
        <param key="DET_NAME_NEU" value="TE533_Det_HF1"/>
        <param key="DET_ID15" value="100101010086659"/>
        <param key="MQ_ID15" value="100201010048274"/>
        <param key="STRASSE" value="Dammweg"/>
        <param key="POSITION" value=" zwischen Sonnenallee und Kiefholzstraße"/>
        <param key="POS_DETAIL" value="Köpenicker Landstraße"/>
        <param key="RICHTUNG" value="Nordost"/>
        <param key="SPUR" value="HF_R"/>
        <param key="annotation" value="Hauptfahrbahn rechte Spur"/>
        <param key="INBETRIEBNAHME" value="10/1/2010"/>
        <param key="ABBAUDATUM" value=""/>
        <param key="DEINSTALLIERT" value=""/>
        <param key="KOMMENTAR" value=""/>
    </inductionLoop>
    <inductionLoop id="TE534" lane="-37077531_0" pos="61.01" file="detector.out.xml" freq="3600">
        <param key="DET_NAME_ALT" value="TEU00533_Det1"/>
        <param key="DET_NAME_NEU" value="TE533_Det_HF2"/>
        <param key="DET_ID15" value="100101010086760"/>
        <param key="MQ_ID15" value="100201010048375"/>
        <param key="STRASSE" value="Dammweg"/>
        <param key="POSITION" value="zwischen Kiefholzstraße und Sonnenallee"/>
        <param key="POS_DETAIL" value="Sonnenallee"/>
        <param key="RICHTUNG" value="Südwest"/>
        <param key="SPUR" value="HF_2vR"/>
        <param key="annotation" value="Hauptfahrbahn, 2. Spur von rechts"/>
        <param key="INBETRIEBNAHME" value="10/1/2010"/>
        <param key="ABBAUDATUM" value=""/>
        <param key="DEINSTALLIERT" value=""/>
        <param key="KOMMENTAR" value=""/>
    </inductionLoop>
    <inductionLoop id="TE538" lane="19875856_0" pos="203.52" file="detector.out.xml" freq="3600">
        <param key="DET_NAME_ALT" value="TEU00538_Det0"/>
        <param key="DET_NAME_NEU" value="TE538_Det_HF1"/>
        <param key="DET_ID15" value="100101010087164"/>
        <param key="MQ_ID15" value="100201010048678"/>
        <param key="STRASSE" value="Späthstraße"/>
        <param key="POSITION" value="hinter Einmündung Späthstr."/>
        <param key="POS_DETAIL" value="A113"/>
        <param key="RICHTUNG" value="West"/>
        <param key="SPUR" value="HF_R"/>
        <param key="annotation" value="Hauptfahrbahn rechte Spur"/>
        <param key="INBETRIEBNAHME" value="10/1/2010"/>
        <param key="ABBAUDATUM" value=""/>
        <param key="DEINSTALLIERT" value=""/>
        <param key="KOMMENTAR" value=""/>
    </inductionLoop>
</additional>
