<?xml version="1.0" encoding="UTF-8"?>

<!-- generated on 2023-05-02 09:49:29 by Eclipse SUMO sumo Version 1.17.0
<configuration xmlns:xsi="http://www.w3.org/2001/XMLSchema-instance" xsi:noNamespaceSchemaLocation="http://sumo.dlr.de/xsd/sumoConfiguration.xsd">

    <input>
        <net-file value="osm.net.xml.gz"/>
        <route-files value="bikes.rou.xml"/>
    </input>

    <output>
        <tripinfo-output value="tripinfos.xml"/>
        <personinfo-output value="personinfos.xml"/>
        <edgedata-output value="edgedata.xml"/>
        <statistic-output value="stats.xml"/>
    </output>

    <processing>
        <lateral-resolution value="0.8"/>
        <tls.actuated.jam-threshold value="30"/>
    </processing>

    <report>
        <no-step-log value="true"/>
    </report>

</configuration>
-->

<statistics xmlns:xsi="http://www.w3.org/2001/XMLSchema-instance" xsi:noNamespaceSchemaLocation="http://sumo.dlr.de/xsd/statistic_file.xsd">
    <performance clockBegin="899827.46" clockEnd="899837.19" clockDuration="9.73" traciDuration="30.13" realTimeFactor="3101.05" vehicleUpdatesPerSecond="31498.97" personUpdatesPerSecond="1406881.17" begin="0.00" end="30167.00" duration="30167.00"/>
    <vehicles loaded="940" inserted="940" running="0" waiting="0"/>
    <teleports total="0" jam="0" yield="0" wrongLane="0"/>
    <safety collisions="0" emergencyStops="0"/>
    <persons loaded="470" running="0" jammed="0"/>
    <personTeleports total="0" abortWait="0" wrongDest="0"/>
    <vehicleTripStatistics count="0" routeLength="0.00" speed="0.00" duration="0.00" waitingTime="0.00" timeLoss="0.00" departDelay="0.00" departDelayWaiting="-1.00" totalTravelTime="0.00" totalDepartDelay="254917.00"/>
    <bikeTripStatistics count="940" routeLength="1151.26" speed="3.65" duration="325.98" waitingTime="53.14" timeLoss="109.92" totalTravelTime="306422.00"/>
    <pedestrianStatistics number="0" routeLength="0.00" duration="0.00" timeLoss="0.00"/>
    <rideStatistics number="940" waitingTime="271.19" routeLength="1151.26" duration="325.98" bus="0" train="0" taxi="0" bike="940" aborted="0"/>
    <transportStatistics number="0"/>
</statistics>
