<?xml version="1.0" encoding="UTF-8"?>

<!-- generated on 2025-04-30 10:43:21.082724 by gtfs2pt.py v1_22_0+1813-e2166271f4e
<configuration>
    <gtfs value="GTFS_sbahn_berlin.zip"/>
    <date value="20250512"/>
    <human-readable-time value="True"/>
    <network value="../0_wizard/osm.net.xml.gz"/>
    <route-output value="gtfs_routes.add.xml"/>
    <additional-output value="gtfs_stops.add.xml"/>
    <stops value="../0_wizard/osm_stops.add.xml,disruption_stops.add.xml"/>
</configuration>
-->

<additional xmlns:xsi="http://www.w3.org/2001/XMLSchema-instance" xsi:noNamespaceSchemaLocation="http://sumo.dlr.de/xsd/additional_file.xsd">
    <trainStop id="255698083.0" lane="23085181#0_0" startPos="0.00" endPos="110.00" friendlyPos="true" name="S Wollankstr. (Berlin)"/>
    <trainStop id="255698083.1" lane="1236950979#0_0" startPos="0.00" endPos="158.57" friendlyPos="true" name="S Bornholmer Str. (Berlin)"/>
    <trainStop id="255698083.2" lane="116355015#2_0" startPos="0.00" endPos="166.25" friendlyPos="true" name="S+U Gesundbrunnen Bhf (Berlin)"/>
    <trainStop id="255698083.3" lane="230977079#0_0" startPos="0.00" endPos="174.95" friendlyPos="true" name="S Humboldthain (Berlin)"/>
    <trainStop id="255698083.4" lane="230957292#1_0" startPos="0.00" endPos="161.85" friendlyPos="true" name="S Nordbahnhof (Berlin)">
        <access friendlyPos="true" lane="396459320#0_0" pos="0.00" length="68.61"/>
        <access friendlyPos="true" lane="396459320#1_0" pos="0.00" length="73.53"/>
        <access friendlyPos="true" lane="396459321#0_0" pos="0.00" length="69.59"/>
        <access friendlyPos="true" lane="396459321#1_0" pos="0.00" length="77.84"/>
        <access friendlyPos="true" lane="396459326#0_0" pos="8.24" length="52.31"/>
        <access friendlyPos="true" lane="396459326#1_0" pos="0.00" length="76.59"/>
        <access friendlyPos="true" lane="396459327#0_0" pos="0.00" length="64.23"/>
        <access friendlyPos="true" lane="396459327#1_0" pos="0.00" length="72.01"/>
    </trainStop>
    <trainStop id="255698083.5" lane="230976793#1_0" startPos="0.00" endPos="101.01" friendlyPos="true" name="S Oranienburger Str. (Berlin)"/>
    <trainStop id="255698083.6" lane="394320752#0_0" startPos="1.78" endPos="201.78" friendlyPos="true" name="S+U Friedrichstr. Bhf (Berlin)"/>
    <trainStop id="255698083.7" lane="459344270#0_0" startPos="0.82" endPos="200.82" friendlyPos="true" name="S+U Brandenburger Tor (Berlin)"/>
    <trainStop id="255698083.8" lane="237751547#0_0" startPos="0.00" endPos="171.43" friendlyPos="true" name="S+U Potsdamer Platz Bhf (Berlin)"/>
    <trainStop id="255698083.9" lane="238192696#1_0" startPos="0.00" endPos="156.00" friendlyPos="true" name="S Anhalter Bahnhof (Berlin)"/>
    <trainStop id="255698083.10" lane="26477249_0" startPos="16.03" endPos="216.03" friendlyPos="true" name="S+U Yorckstr. (Großgörschenstr.) (Berlin)"/>
    <trainStop id="255698083.11" lane="1236950984#3_0" startPos="0.00" endPos="166.11" friendlyPos="true" name="S Julius-Leber-Brücke (Berlin)"/>
    <trainStop id="255698083.12" lane="4525885_0" startPos="0.00" endPos="198.78" friendlyPos="true" name="S Schöneberg (Berlin)"/>
    <trainStop id="255698084.13" lane="276219537#1_0" startPos="0.00" endPos="177.01" friendlyPos="true" name="S Friedenau (Berlin)"/>
    <trainStop id="255698084.14" lane="276219538#2_0" startPos="478.12" endPos="678.12" friendlyPos="true" name="S Feuerbachstr. (Berlin)"/>
    <trainStop id="255698084.15" lane="4463529#0_0" startPos="8.40" endPos="208.40" friendlyPos="true" name="S+U Rathaus Steglitz (Berlin)"/>
    <trainStop id="255698171.1" lane="27853060#0_0" startPos="161.48" endPos="361.48" friendlyPos="true" name="S+U Rathaus Steglitz (Berlin)"/>
    <trainStop id="255698171.2" lane="28826751_0" startPos="686.21" endPos="886.21" friendlyPos="true" name="S Feuerbachstr. (Berlin)"/>
    <trainStop id="255698171.3" lane="276219536#0_0" startPos="30.47" endPos="230.47" friendlyPos="true" name="S Friedenau (Berlin)"/>
    <trainStop id="255698171.4" lane="276205112_0" startPos="0.00" endPos="164.31" friendlyPos="true" name="S Schöneberg (Berlin)"/>
    <trainStop id="255698171.5" lane="1295392727_0" startPos="104.16" endPos="304.16" friendlyPos="true" name="S Julius-Leber-Brücke (Berlin)"/>
    <trainStop id="255698171.6" lane="13860451_0" startPos="0.00" endPos="189.74" friendlyPos="true" name="S+U Yorckstr. (Großgörschenstr.) (Berlin)"/>
    <trainStop id="255698171.7" lane="238192694#1_0" startPos="0.00" endPos="156.93" friendlyPos="true" name="S Anhalter Bahnhof (Berlin)"/>
    <trainStop id="255698171.8" lane="29326643_0" startPos="525.99" endPos="725.99" friendlyPos="true" name="S+U Potsdamer Platz Bhf (Berlin)"/>
    <trainStop id="255698171.9" lane="459344269_0" startPos="34.88" endPos="234.88" friendlyPos="true" name="S+U Brandenburger Tor (Berlin)"/>
    <trainStop id="255698171.10" lane="394320751_0" startPos="25.79" endPos="225.79" friendlyPos="true" name="S+U Friedrichstr. Bhf (Berlin)"/>
    <trainStop id="255698171.11" lane="463462760_0" startPos="0.00" endPos="158.48" friendlyPos="true" name="S Oranienburger Str. (Berlin)"/>
    <trainStop id="255698171.12" lane="230957293#1_0" startPos="0.00" endPos="158.60" friendlyPos="true" name="S Nordbahnhof (Berlin)">
        <access friendlyPos="true" lane="396459320#0_0" pos="8.26" length="68.61"/>
        <access friendlyPos="true" lane="396459320#1_0" pos="0.00" length="68.96"/>
        <access friendlyPos="true" lane="396459321#0_0" pos="0.00" length="64.10"/>
        <access friendlyPos="true" lane="396459321#1_0" pos="0.00" length="72.94"/>
        <access friendlyPos="true" lane="396459326#0_0" pos="8.24" length="46.25"/>
        <access friendlyPos="true" lane="396459326#1_0" pos="0.00" length="72.64"/>
        <access friendlyPos="true" lane="396459327#0_0" pos="0.00" length="66.61"/>
        <access friendlyPos="true" lane="396459327#1_0" pos="0.00" length="74.16"/>
    </trainStop>
    <trainStop id="255698171.13" lane="230977081#1_0" startPos="0.00" endPos="176.97" friendlyPos="true" name="S Humboldthain (Berlin)"/>
    <trainStop id="255698171.14" lane="237947343_0" startPos="0.00" endPos="163.40" friendlyPos="true" name="S+U Gesundbrunnen Bhf (Berlin)"/>
    <trainStop id="255698258.15" lane="29120494#1_0" startPos="0.00" endPos="159.08" friendlyPos="true" name="S Bornholmer Str. (Berlin)"/>
    <trainStop id="255708010.10" lane="4756286#2_0" startPos="0.00" endPos="167.87" friendlyPos="true" name="S+U Yorckstr. (Berlin)"/>
    <trainStop id="255708010.11" lane="136703826#3_0" startPos="0.00" endPos="164.10" friendlyPos="true" name="S Südkreuz Bhf (Berlin)"/>
    <trainStop id="255708010.12" lane="368769080_0" startPos="0.00" endPos="133.61" friendlyPos="true" name="S Priesterweg (Berlin)"/>
    <trainStop id="255708010.13" lane="4752796#1_0" startPos="330.70" endPos="440.70" friendlyPos="true" name="S Attilastr. (Berlin)"/>
    <trainStop id="255708201.0" lane="-4752796#1_0" startPos="0.00" endPos="110.00" friendlyPos="true" name="S Attilastr. (Berlin)"/>
    <trainStop id="255708201.1" lane="718121903_0" startPos="0.00" endPos="165.77" friendlyPos="true" name="S Priesterweg (Berlin)"/>
    <trainStop id="255708201.2" lane="27681621#2_0" startPos="0.00" endPos="159.52" friendlyPos="true" name="S Südkreuz Bhf (Berlin)"/>
    <trainStop id="255708201.3" lane="238452719#1_0" startPos="0.00" endPos="167.24" friendlyPos="true" name="S+U Yorckstr. (Berlin)"/>
    <trainStop id="255716509.12" lane="29327005#1_0" startPos="0.00" endPos="135.11" friendlyPos="true" name="S Priesterweg (Berlin)"/>
    <trainStop id="255716509.13" lane="4617306#1_0" startPos="613.09" endPos="723.09" friendlyPos="true" name="S Südende (Berlin)"/>
    <trainStop id="255716604.0" lane="257731631#0_0" startPos="0.00" endPos="110.00" friendlyPos="true" name="S Südende (Berlin)"/>
    <trainStop id="255716604.1" lane="718121904_0" startPos="0.00" endPos="162.42" friendlyPos="true" name="S Priesterweg (Berlin)"/>
    <trainStop id="255724122.0" lane="31028606#2_0" startPos="0.00" endPos="171.31" friendlyPos="true" name="S Westkreuz (Berlin)"/>
    <trainStop id="255724122.1" lane="37427058_0" startPos="0.00" endPos="183.79" friendlyPos="true" name="S Charlottenburg Bhf (Berlin)"/>
    <trainStop id="255724122.2" lane="57728648#2_0" startPos="0.00" endPos="121.45" friendlyPos="true" name="S Savignyplatz (Berlin)"/>
    <trainStop id="255724122.3" lane="273275699#2_0" startPos="0.00" endPos="117.08" friendlyPos="true" name="S+U Zoologischer Garten Bhf (Berlin)"/>
    <trainStop id="255724122.4" lane="4448413#1_0" startPos="0.00" endPos="126.09" friendlyPos="true" name="S Tiergarten (Berlin)"/>
    <trainStop id="255724122.5" lane="4490323_0" startPos="0.00" endPos="154.92" friendlyPos="true" name="S Bellevue (Berlin)"/>
    <trainStop id="255724122.6" lane="114919150#3_0" startPos="0.00" endPos="173.72" friendlyPos="true" name="S+U Berlin Hauptbahnhof"/>
    <trainStop id="255724122.7" lane="25946658#2_0" startPos="0.00" endPos="184.12" friendlyPos="true" name="S+U Friedrichstr. Bhf (Berlin)"/>
    <trainStop id="255724122.8" lane="4471817#2_0" startPos="0.00" endPos="158.41" friendlyPos="true" name="S Hackescher Markt (Berlin)"/>
    <trainStop id="255724122.9" lane="72984377#1_0" startPos="0.00" endPos="160.64" friendlyPos="true" name="S+U Alexanderplatz Bhf (Berlin)"/>
    <trainStop id="255724122.10" lane="32590419#2_0" startPos="0.00" endPos="168.30" friendlyPos="true" name="S+U Jannowitzbrücke (Berlin)"/>
    <trainStop id="255724122.11" lane="136697960#0_0" startPos="0.00" endPos="79.13" friendlyPos="true" name="S Ostbahnhof (Berlin)"/>
    <trainStop id="255724122.12" lane="440405446#6_0" startPos="0.00" endPos="155.74" friendlyPos="true" name="S+U Warschauer Str. (Berlin)"/>
    <trainStop id="255724122.13" lane="446682260#2_0" startPos="0.00" endPos="18.72" friendlyPos="true" name="S Ostkreuz Bhf (Berlin)"/>
    <trainStop id="255724122.14" lane="385250925_0" startPos="0.00" endPos="164.99" friendlyPos="true" name="S Rummelsburg (Berlin)"/>
    <trainStop id="255724122.15" lane="719295167#1_0" startPos="107.36" endPos="307.36" friendlyPos="true" name="S Betriebsbahnhof Rummelsburg (Berlin)"/>
    <trainStop id="255724122.16" lane="175440860#1_0" startPos="1.43" endPos="201.43" friendlyPos="true" name="S Karlshorst (Berlin)"/>
    <trainStop id="255724377.0" lane="174512813#0_0" startPos="1.86" endPos="201.86" friendlyPos="true" name="S Karlshorst (Berlin)"/>
    <trainStop id="255724377.1" lane="385258473_0" startPos="0.00" endPos="174.40" friendlyPos="true" name="S Betriebsbahnhof Rummelsburg (Berlin)"/>
    <trainStop id="255724377.2" lane="174528752_0" startPos="0.00" endPos="167.89" friendlyPos="true" name="S Rummelsburg (Berlin)"/>
    <trainStop id="255724377.3" lane="-653881643#0_0" startPos="0.00" endPos="173.65" friendlyPos="true" name="S Ostkreuz Bhf (Berlin)"/>
    <trainStop id="255724377.4" lane="222917863#1_0" startPos="0.00" endPos="168.67" friendlyPos="true" name="S+U Warschauer Str. (Berlin)"/>
    <trainStop id="255724377.5" lane="136697964_0" startPos="0.00" endPos="94.29" friendlyPos="true" name="S Ostbahnhof (Berlin)"/>
    <trainStop id="255724378.5" lane="659305039#1_0" startPos="0.00" endPos="80.99" friendlyPos="true" name="S Ostbahnhof (Berlin)"/>
    <trainStop id="255724378.6" lane="377474960#2_0" startPos="0.00" endPos="166.87" friendlyPos="true" name="S+U Jannowitzbrücke (Berlin)"/>
    <trainStop id="255724378.7" lane="25946659#2_0" startPos="0.00" endPos="158.10" friendlyPos="true" name="S+U Alexanderplatz Bhf (Berlin)"/>
    <trainStop id="255724378.8" lane="32590640#1_0" startPos="0.00" endPos="180.72" friendlyPos="true" name="S Hackescher Markt (Berlin)"/>
    <trainStop id="255724378.9" lane="25946662#2_0" startPos="0.00" endPos="158.51" friendlyPos="true" name="S+U Friedrichstr. Bhf (Berlin)"/>
    <trainStop id="255724378.10" lane="32591076#3_0" startPos="0.00" endPos="181.09" friendlyPos="true" name="S+U Berlin Hauptbahnhof"/>
    <trainStop id="255724378.11" lane="24988543#2_0" startPos="0.00" endPos="120.76" friendlyPos="true" name="S Bellevue (Berlin)"/>
    <trainStop id="255724378.12" lane="377118650#2_0" startPos="0.00" endPos="139.97" friendlyPos="true" name="S Tiergarten (Berlin)"/>
    <trainStop id="255724378.13" lane="273275700_0" startPos="0.00" endPos="156.44" friendlyPos="true" name="S+U Zoologischer Garten Bhf (Berlin)"/>
    <trainStop id="255724378.14" lane="377124041#1_0" startPos="0.00" endPos="161.52" friendlyPos="true" name="S Savignyplatz (Berlin)"/>
    <trainStop id="255724378.15" lane="37427032#2_0" startPos="0.00" endPos="118.87" friendlyPos="true" name="S Charlottenburg Bhf (Berlin)"/>
    <trainStop id="255724378.16" lane="290872961_0" startPos="0.00" endPos="159.03" friendlyPos="true" name="S Westkreuz (Berlin)"/>
    <trainStop id="255724429.trimmed.0" lane="802255094#1_0" startPos="0.00" endPos="171.77" friendlyPos="true" name="S Westkreuz (Berlin)"/>
    <trainStop id="255728078.15" lane="-4475818#0_0" startPos="0.00" endPos="110.00" friendlyPos="true" name="S Charlottenburg Bhf (Berlin)"/>
    <trainStop id="255747417.0" lane="52782252#2_0" startPos="0.00" endPos="178.87" friendlyPos="true" name="S Südkreuz Bhf (Berlin)"/>
    <trainStop id="255747417.1" lane="463435053#1_0" startPos="0.00" endPos="161.56" friendlyPos="true" name="S+U Tempelhof (Berlin)"/>
    <trainStop id="255747417.2" lane="141176100_0" startPos="0.00" endPos="167.21" friendlyPos="true" name="S+U Hermannstr. (Berlin)"/>
    <trainStop id="255747417.3" lane="13252388#1_0" startPos="0.00" endPos="157.85" friendlyPos="true" name="S+U Neukölln (Berlin)"/>
    <trainStop id="255747417.4" lane="29653264#0_0" startPos="23.61" endPos="223.61" friendlyPos="true" name="S Köllnische Heide (Berlin)"/>
    <trainStop id="255747417.5" lane="344073167#3_0" startPos="0.00" endPos="170.07" friendlyPos="true" name="S Baumschulenweg (Berlin)"/>
    <trainStop id="255747417.6" lane="29649964#2_0" startPos="0.00" endPos="162.12" friendlyPos="true" name="S Schöneweide Bhf (Berlin)"/>
    <trainStop id="255747418.trimmed.0" lane="24166221#3_0" startPos="0.00" endPos="169.90" friendlyPos="true" name="S Baumschulenweg (Berlin)"/>
    <trainStop id="255747480.0" lane="290738875#1_0" startPos="0.00" endPos="165.76" friendlyPos="true" name="S+U Bundesplatz (Berlin)"/>
    <trainStop id="255747480.1" lane="4525935#2_0" startPos="260.69" endPos="460.69" friendlyPos="true" name="S+U Innsbrucker Platz (Berlin)"/>
    <trainStop id="255747480.2" lane="276205109#1_0" startPos="0.00" endPos="130.89" friendlyPos="true" name="S Schöneberg (Berlin)"/>
    <trainStop id="255747486.1" lane="136703817#1_0" startPos="0.00" endPos="181.24" friendlyPos="true" name="S Schöneweide Bhf (Berlin)"/>
    <trainStop id="255747486.2" lane="24227682#3_0" startPos="0.00" endPos="171.97" friendlyPos="true" name="S Baumschulenweg (Berlin)"/>
    <trainStop id="255747486.3" lane="24163536#0_0" startPos="40.79" endPos="240.79" friendlyPos="true" name="S Köllnische Heide (Berlin)"/>
    <trainStop id="255747486.4" lane="29653893#1_0" startPos="0.00" endPos="178.46" friendlyPos="true" name="S+U Neukölln (Berlin)"/>
    <trainStop id="255747486.5" lane="292236431#1_0" startPos="0.00" endPos="135.47" friendlyPos="true" name="S+U Hermannstr. (Berlin)"/>
    <trainStop id="255747486.6" lane="463435052#1_0" startPos="0.00" endPos="158.36" friendlyPos="true" name="S+U Tempelhof (Berlin)"/>
    <trainStop id="255747486.7" lane="802024949#1_0" startPos="0.00" endPos="142.27" friendlyPos="true" name="S Südkreuz Bhf (Berlin)"/>
    <trainStop id="255747486.8" lane="25982344#1_0" startPos="0.00" endPos="136.47" friendlyPos="true" name="S Schöneberg (Berlin)"/>
    <trainStop id="255747486.9" lane="24295311#0_0" startPos="0.00" endPos="161.96" friendlyPos="true" name="S+U Innsbrucker Platz (Berlin)"/>
    <trainStop id="255747486.10" lane="290736429#1_0" startPos="0.00" endPos="115.39" friendlyPos="true" name="S+U Bundesplatz (Berlin)"/>
    <trainStop id="255747488.11" lane="374931227#0_0" startPos="15.88" endPos="215.88" friendlyPos="true" name="S+U Heidelberger Platz (Berlin)"/>
    <trainStop id="255747488.12" lane="384165128_0" startPos="11.81" endPos="211.81" friendlyPos="true" name="S Hohenzollerndamm (Berlin)"/>
    <trainStop id="255747488.13" lane="290741156#1_0" startPos="0.00" endPos="168.36" friendlyPos="true" name="S Halensee (Berlin)"/>
    <trainStop id="255752313.0" lane="180406884#2_0" startPos="0.00" endPos="187.92" friendlyPos="true" name="S Westend (Berlin)"/>
    <trainStop id="255752313.1" lane="1155801229_0" startPos="0.00" endPos="177.44" friendlyPos="true" name="S Messe Nord/ZOB (Berlin)"/>
    <trainStop id="255752313.2" lane="531237642_0" startPos="0.00" endPos="144.40" friendlyPos="true" name="S Westkreuz (Berlin)"/>
    <trainStop id="255752313.3" lane="4407773#1_0" startPos="0.00" endPos="200.00" friendlyPos="true" name="S Halensee (Berlin)"/>
    <trainStop id="255752313.4" lane="1265856115_0" startPos="257.49" endPos="457.49" friendlyPos="true" name="S Hohenzollerndamm (Berlin)"/>
    <trainStop id="255752313.5" lane="384165125#2_0" startPos="272.34" endPos="472.34" friendlyPos="true" name="S+U Heidelberger Platz (Berlin)"/>
    <trainStop id="255752456.14" lane="1236722171#1_0" startPos="0.00" endPos="157.60" friendlyPos="true" name="S Westkreuz (Berlin)"/>
    <trainStop id="255752456.15" lane="1237407039#2_0" startPos="141.20" endPos="341.20" friendlyPos="true" name="S Messe Nord/ZOB (Berlin)"/>
    <trainStop id="255752456.16" lane="438768575#1_0" startPos="0.00" endPos="161.02" friendlyPos="true" name="S Westend (Berlin)"/>
    <trainStop id="255761493.11" lane="-659305039#1_0" startPos="0.00" endPos="80.99" friendlyPos="true" name="S Ostbahnhof (Berlin)"/>
    <trainStop id="255761493.12" lane="-654481301_0" startPos="0.00" endPos="153.63" friendlyPos="true" name="S+U Warschauer Str. (Berlin)"/>
    <trainStop id="255761493.13" lane="446682250_0" startPos="0.00" endPos="171.59" friendlyPos="true" name="S Ostkreuz Bhf (Berlin)"/>
    <trainStop id="255761493.14" lane="1236722180_0" startPos="0.00" endPos="164.02" friendlyPos="true" name="S Nöldnerplatz (Berlin)"/>
    <trainStop id="255761493.15" lane="136651804#1_0" startPos="14.78" endPos="214.78" friendlyPos="true" name="S+U Lichtenberg Bhf (Berlin)"/>
    <trainStop id="255761493.16" lane="24565640#6_0" startPos="0.00" endPos="179.45" friendlyPos="true" name="S Friedrichsfelde Ost (Berlin)"/>
    <trainStop id="255761591.0" lane="678992908_0" startPos="0.00" endPos="175.43" friendlyPos="true" name="S Ostbahnhof (Berlin)"/>
    <trainStop id="255761608.0" lane="385393643_0" startPos="0.00" endPos="191.40" friendlyPos="true" name="S Friedrichsfelde Ost (Berlin)"/>
    <trainStop id="255761608.1" lane="136651807#0_0" startPos="15.91" endPos="215.91" friendlyPos="true" name="S+U Lichtenberg Bhf (Berlin)"/>
    <trainStop id="255761608.2" lane="136651800#0_0" startPos="0.00" endPos="159.71" friendlyPos="true" name="S Nöldnerplatz (Berlin)"/>
    <trainStop id="255761608.3" lane="446682252#2_0" startPos="0.00" endPos="154.01" friendlyPos="true" name="S Ostkreuz Bhf (Berlin)"/>
    <trainStop id="255761608.4" lane="654481298#2_0" startPos="0.00" endPos="170.04" friendlyPos="true" name="S+U Warschauer Str. (Berlin)"/>
    <trainStop id="255772534.17" lane="1239772056#0_0" startPos="0.00" endPos="179.70" friendlyPos="true" name="S Springpfuhl (Berlin)"/>
    <trainStop id="255772534.18" lane="404401915#2_0" startPos="252.77" endPos="452.77" friendlyPos="true" name="S Poelchaustr. (Berlin)"/>
    <trainStop id="255772534.19" lane="-1239772055#0_0" startPos="75.23" endPos="185.23" friendlyPos="true" name="S Marzahn (Berlin)"/>
    <trainStop id="255772685.1" lane="1239772055#0_0" startPos="0.00" endPos="110.00" friendlyPos="true" name="S Marzahn (Berlin)"/>
    <trainStop id="255772685.2" lane="404401917_0" startPos="15.28" endPos="215.28" friendlyPos="true" name="S Poelchaustr. (Berlin)"/>
    <trainStop id="255772685.3" lane="705181367#2_0" startPos="0.00" endPos="173.65" friendlyPos="true" name="S Springpfuhl (Berlin)"/>
    <trainStop id="255780950.6" lane="404387343_0" startPos="4.20" endPos="114.20" friendlyPos="true" name="S Gehrenseestr. (Berlin)"/>
    <trainStop id="255780950.7" lane="404387340#1_0" startPos="389.49" endPos="499.49" friendlyPos="true" name="S Hohenschönhausen Bhf (Berlin)"/>
    <trainStop id="255781039.0" lane="404387341#1_0" startPos="0.00" endPos="110.00" friendlyPos="true" name="S Hohenschönhausen Bhf (Berlin)"/>
    <trainStop id="255781039.1" lane="404387341#2_0" startPos="668.57" endPos="778.57" friendlyPos="true" name="S Gehrenseestr. (Berlin)"/>
    <trainStop id="255788110.1" lane="23085231#1_0" startPos="0.00" endPos="158.63" friendlyPos="true" name="S Bornholmer Str. (Berlin)"/>
    <trainStop id="255788110.2" lane="28820206#1_0" startPos="0.00" endPos="156.06" friendlyPos="true" name="S+U Schönhauser Allee (Berlin)"/>
    <trainStop id="255788110.3" lane="375348222#1_0" startPos="0.00" endPos="170.06" friendlyPos="true" name="S Prenzlauer Allee (Berlin)"/>
    <trainStop id="255788110.4" lane="28813657_0" startPos="21.89" endPos="221.89" friendlyPos="true" name="S Greifswalder Str. (Berlin)"/>
    <trainStop id="255788110.5" lane="28813658#9_0" startPos="0.00" endPos="186.95" friendlyPos="true" name="S Landsberger Allee (Berlin)"/>
    <trainStop id="255788110.6" lane="1237407031_0" startPos="34.86" endPos="234.86" friendlyPos="true" name="S Storkower Str. (Berlin)"/>
    <trainStop id="255788110.7" lane="375331609_0" startPos="0.00" endPos="180.55" friendlyPos="true" name="S+U Frankfurter Allee (Berlin)"/>
    <trainStop id="255788110.8" lane="711114630#1_0" startPos="0.00" endPos="180.75" friendlyPos="true" name="S Ostkreuz Bhf (Berlin)"/>
    <trainStop id="255788110.9" lane="136703825_0" startPos="0.00" endPos="165.10" friendlyPos="true" name="S Treptower Park (Berlin)"/>
    <trainStop id="255788110.10" lane="1238672205_0" startPos="0.00" endPos="181.91" friendlyPos="true" name="S Plänterwald (Berlin)"/>
    <trainStop id="255788358.3" lane="24165981_0" startPos="0.00" endPos="182.59" friendlyPos="true" name="S Plänterwald (Berlin)"/>
    <trainStop id="255788358.4" lane="136703834_0" startPos="0.00" endPos="162.39" friendlyPos="true" name="S Treptower Park (Berlin)"/>
    <trainStop id="255788358.5" lane="154456590#2_0" startPos="0.00" endPos="149.97" friendlyPos="true" name="S Ostkreuz Bhf (Berlin)"/>
    <trainStop id="255788358.6" lane="8096476#1_0" startPos="0.00" endPos="176.24" friendlyPos="true" name="S+U Frankfurter Allee (Berlin)"/>
    <trainStop id="255788358.7" lane="375331614#0_0" startPos="0.00" endPos="180.69" friendlyPos="true" name="S Storkower Str. (Berlin)"/>
    <trainStop id="255788358.8" lane="383960623#1_0" startPos="0.00" endPos="176.15" friendlyPos="true" name="S Landsberger Allee (Berlin)"/>
    <trainStop id="255788358.9" lane="463431360#2_0" startPos="0.00" endPos="126.84" friendlyPos="true" name="S Greifswalder Str. (Berlin)"/>
    <trainStop id="255788358.10" lane="42146223_0" startPos="29.33" endPos="229.33" friendlyPos="true" name="S Prenzlauer Allee (Berlin)"/>
    <trainStop id="255788358.11" lane="41893764#1_0" startPos="0.00" endPos="37.05" friendlyPos="true" name="S+U Schönhauser Allee (Berlin)"/>
    <trainStop id="255796395.13" lane="136703828_0" startPos="0.00" endPos="160.36" friendlyPos="true" name="S Treptower Park (Berlin)"/>
    <trainStop id="255796517.4" lane="136703831_0" startPos="0.00" endPos="160.80" friendlyPos="true" name="S Treptower Park (Berlin)"/>
    <trainStop id="255733799.0" lane="1237407033#1_0" startPos="0.00" endPos="167.20" friendlyPos="true" name="S Beusselstr. (Berlin)"/>
    <trainStop id="255733799.1" lane="446633269#4_0" startPos="0.00" endPos="179.58" friendlyPos="true" name="S+U Westhafen (Berlin)"/>
    <trainStop id="255733799.2" lane="27708533#0_0" startPos="0.00" endPos="159.64" friendlyPos="true" name="S+U Wedding (Berlin)"/>
    <trainStop id="255733799.3" lane="237947334_0" startPos="0.00" endPos="165.90" friendlyPos="true" name="S+U Gesundbrunnen Bhf (Berlin)"/>
    <trainStop id="255733799.12" lane="28813047#1_0" startPos="0.00" endPos="164.63" friendlyPos="true" name="S Sonnenallee (Berlin)"/>
    <trainStop id="255733799.26" lane="27992305#2_0" startPos="0.00" endPos="176.45" friendlyPos="true" name="S+U Jungfernheide Bhf (Berlin)"/>
    <trainStop id="255740952.0" lane="4543951_0" startPos="0.00" endPos="174.00" friendlyPos="true" name="S Beusselstr. (Berlin)"/>
    <trainStop id="255740952.1" lane="1155801227#1_0" startPos="0.00" endPos="172.28" friendlyPos="true" name="S+U Jungfernheide Bhf (Berlin)"/>
    <trainStop id="255740952.15" lane="24314518#1_0" startPos="0.00" endPos="165.52" friendlyPos="true" name="S Sonnenallee (Berlin)"/>
    <trainStop id="255740953.24" lane="4740765#1_0" startPos="0.00" endPos="42.73" friendlyPos="true" name="S+U Gesundbrunnen Bhf (Berlin)"/>
    <trainStop id="255740959.25" lane="27707583#2_0" startPos="0.00" endPos="172.79" friendlyPos="true" name="S+U Wedding (Berlin)"/>
    <trainStop id="255740959.26" lane="1155804298#1_0" startPos="0.00" endPos="165.26" friendlyPos="true" name="S+U Westhafen (Berlin)"/>
    <trainStop id="255741083.1" lane="-290741156#1_0" startPos="0.00" endPos="168.36" friendlyPos="true" name="S Halensee (Berlin)"/>
    <trainStop id="255757167.0" lane="24165451#3_0" startPos="3.96" endPos="203.96" friendlyPos="true" name="S Schöneweide Bhf (Berlin)"/>
</additional>
