<add>

    <parkingArea id="roadside" lane="143308555#2_2" startPos="3" endPos="57" roadsideCapacity="9" width="2.0"/>
    <parkingArea id="carpark" lane="318210377#1_2" startPos="0" endPos="2">
        <space x="5289.90" y="1012.82" length="5" angle="315"/>
        <space x="5289.90" y="1012.82" length="5" angle="315"/>
        <space x="5289.90" y="1012.82" length="5" angle="315"/>
        <space x="5289.90" y="1012.82" length="5" angle="315"/>
        <space x="5289.90" y="1012.82" length="5" angle="315"/>
        <space x="5289.90" y="1012.82" length="5" angle="315"/>
        <space x="5289.90" y="1012.82" length="5" angle="315"/>
        <space x="5289.90" y="1012.82" length="5" angle="315"/>
        <space x="5289.90" y="1012.82" length="5" angle="315"/>
        <space x="5289.90" y="1012.82" length="5" angle="315"/>
        <space x="5289.90" y="1012.82" length="5" angle="315"/>
        <space x="5289.90" y="1012.82" length="5" angle="315"/>
        <space x="5289.90" y="1012.82" length="5" angle="315"/>
        <space x="5289.90" y="1012.82" length="5" angle="315"/>
        <space x="5289.90" y="1012.82" length="5" angle="315"/>
        <space x="5289.90" y="1012.82" length="5" angle="315"/>
        <space x="5289.90" y="1012.82" length="5" angle="315"/>
        <space x="5289.90" y="1012.82" length="5" angle="315"/>
        <space x="5289.90" y="1012.82" length="5" angle="315"/>
        <space x="5289.90" y="1012.82" length="5" angle="315"/>
        <space x="5289.90" y="1012.82" length="5" angle="315"/>
        <space x="5289.90" y="1012.82" length="5" angle="315"/>
        <space x="5289.90" y="1012.82" length="5" angle="315"/>
        <space x="5289.90" y="1012.82" length="5" angle="315"/>
        <space x="5289.90" y="1012.82" length="5" angle="315"/>
        <space x="5289.90" y="1012.82" length="5" angle="315"/>
        <space x="5289.90" y="1012.82" length="5" angle="315"/>
        <space x="5289.90" y="1012.82" length="5" angle="315"/>
        <space x="5289.90" y="1012.82" length="5" angle="315"/>
        <space x="5289.90" y="1012.82" length="5" angle="315"/>
        <space x="5289.90" y="1012.82" length="5" angle="315"/>
        <space x="5289.90" y="1012.82" length="5" angle="315"/>
        <space x="5289.90" y="1012.82" length="5" angle="315"/>
        <space x="5289.90" y="1012.82" length="5" angle="315"/>
        <space x="5289.90" y="1012.82" length="5" angle="315"/>
        <space x="5289.90" y="1012.82" length="5" angle="315"/>
        <space x="5289.90" y="1012.82" length="5" angle="315"/>
        <space x="5289.90" y="1012.82" length="5" angle="315"/>
        <space x="5289.90" y="1012.82" length="5" angle="315"/>
        <space x="5289.90" y="1012.82" length="5" angle="315"/>
        <space x="5289.90" y="1012.82" length="5" angle="315"/>
        <space x="5289.90" y="1012.82" length="5" angle="315"/>
        <space x="5289.90" y="1012.82" length="5" angle="315"/>
        <space x="5289.90" y="1012.82" length="5" angle="315"/>
        <space x="5289.90" y="1012.82" length="5" angle="315"/>
        <space x="5289.90" y="1012.82" length="5" angle="315"/>
        <space x="5289.90" y="1012.82" length="5" angle="315"/>
        <space x="5289.90" y="1012.82" length="5" angle="315"/>
        <space x="5289.90" y="1012.82" length="5" angle="315"/>
        <space x="5289.90" y="1012.82" length="5" angle="315"/>
    </parkingArea>

    <flow id="shopping" begin="0" end="1800" period="60" from="81639675#0" to="143308546#19">
        <stop parkingArea="roadside" duration="900"/>       
    </flow>


    <rerouter id="myRerouter" edges="143308555#2"> 
        <interval begin="0" end="3600"> 
            <parkingAreaReroute id="roadside"/> 
            <parkingAreaReroute id="carpark"/> 
        </interval> 
    </rerouter>

</add>
